ISO-10303-21;
HEADER;
FILE_DESCRIPTION(('STEP AP242'),'1');
FILE_NAME('m20-8771146.stp','2026-07-06T09:42:29',('TraceParts'),('TraceParts S.A.S.'),'Spatial InterOp 3D',' ',' ');
FILE_SCHEMA(('AP242_MANAGED_MODEL_BASED_3D_ENGINEERING_MIM_LF  {1 0 10303 442 1 1 4}'));
ENDSEC;
DATA;
#1=MECHANICAL_DESIGN_GEOMETRIC_PRESENTATION_REPRESENTATION(' ',(#21,#22,#23,#24,#25,#26,#27,#28,#29,#30,#31,#32),#17);
#2=PRODUCT_DEFINITION_CONTEXT('',#33,'design');
#3=APPLICATION_PROTOCOL_DEFINITION('INTERNATIONAL STANDARD','ap242_managed_model_based_3d_engineering',2014,#33);
#4=PRODUCT_CATEGORY_RELATIONSHIP('NONE','NONE',#34,#35);
#5=SHAPE_DEFINITION_REPRESENTATION(#36,#37);
#6=SHAPE_DEFINITION_REPRESENTATION(#36,#38);
#7=SHAPE_DEFINITION_REPRESENTATION(#36,#39);
#8=SHAPE_DEFINITION_REPRESENTATION(#36,#40);
#9=SHAPE_DEFINITION_REPRESENTATION(#36,#41);
#10=SHAPE_DEFINITION_REPRESENTATION(#36,#42);
#11=SHAPE_DEFINITION_REPRESENTATION(#36,#43);
#12=SHAPE_DEFINITION_REPRESENTATION(#36,#44);
#13=SHAPE_DEFINITION_REPRESENTATION(#36,#45);
#14=SHAPE_DEFINITION_REPRESENTATION(#36,#46);
#15=SHAPE_DEFINITION_REPRESENTATION(#36,#47);
#16=SHAPE_DEFINITION_REPRESENTATION(#36,#48);
#17= (GEOMETRIC_REPRESENTATION_CONTEXT(3)GLOBAL_UNCERTAINTY_ASSIGNED_CONTEXT((#51))GLOBAL_UNIT_ASSIGNED_CONTEXT((#53,#54,#55))REPRESENTATION_CONTEXT('NONE','WORKSPACE'));
#21=STYLED_ITEM('',(#57),#58);
#22=STYLED_ITEM('',(#59),#60);
#23=STYLED_ITEM('',(#61),#62);
#24=STYLED_ITEM('',(#63),#64);
#25=STYLED_ITEM('',(#65),#66);
#26=STYLED_ITEM('',(#67),#68);
#27=STYLED_ITEM('',(#69),#70);
#28=STYLED_ITEM('',(#71),#72);
#29=STYLED_ITEM('',(#73),#74);
#30=STYLED_ITEM('',(#75),#76);
#31=STYLED_ITEM('',(#77),#78);
#32=STYLED_ITEM('',(#79),#80);
#33=APPLICATION_CONTEXT('managed model based 3d engineering');
#34=PRODUCT_CATEGORY('part','NONE');
#35=PRODUCT_RELATED_PRODUCT_CATEGORY('detail',' ',(#81));
#36=PRODUCT_DEFINITION_SHAPE('NONE','NONE',#82);
#37=ADVANCED_BREP_SHAPE_REPRESENTATION('1',(#58,#83),#17);
#38=ADVANCED_BREP_SHAPE_REPRESENTATION('2',(#60,#84),#17);
#39=ADVANCED_BREP_SHAPE_REPRESENTATION('3',(#62,#85),#17);
#40=ADVANCED_BREP_SHAPE_REPRESENTATION('4',(#64,#86),#17);
#41=ADVANCED_BREP_SHAPE_REPRESENTATION('5',(#66,#87),#17);
#42=ADVANCED_BREP_SHAPE_REPRESENTATION('6',(#68,#88),#17);
#43=ADVANCED_BREP_SHAPE_REPRESENTATION('7',(#70,#89),#17);
#44=ADVANCED_BREP_SHAPE_REPRESENTATION('8',(#72,#90),#17);
#45=ADVANCED_BREP_SHAPE_REPRESENTATION('9',(#74,#91),#17);
#46=ADVANCED_BREP_SHAPE_REPRESENTATION('10',(#76,#92),#17);
#47=ADVANCED_BREP_SHAPE_REPRESENTATION('11',(#78,#93),#17);
#48=ADVANCED_BREP_SHAPE_REPRESENTATION('12',(#80,#94),#17);
#51=UNCERTAINTY_MEASURE_WITH_UNIT(LENGTH_MEASURE(1.0E-06),#53,'','');
#53= (CONVERSION_BASED_UNIT('MILLIMETRE',#97)LENGTH_UNIT()NAMED_UNIT(#100));
#54= (NAMED_UNIT(#102)PLANE_ANGLE_UNIT()SI_UNIT($,.RADIAN.));
#55= (NAMED_UNIT(#102)SOLID_ANGLE_UNIT()SI_UNIT($,.STERADIAN.));
#57=PRESENTATION_STYLE_ASSIGNMENT((#108));
#58=MANIFOLD_SOLID_BREP('1',#109);
#59=PRESENTATION_STYLE_ASSIGNMENT((#110));
#60=MANIFOLD_SOLID_BREP('2',#111);
#61=PRESENTATION_STYLE_ASSIGNMENT((#112));
#62=MANIFOLD_SOLID_BREP('3',#113);
#63=PRESENTATION_STYLE_ASSIGNMENT((#114));
#64=MANIFOLD_SOLID_BREP('4',#115);
#65=PRESENTATION_STYLE_ASSIGNMENT((#116));
#66=MANIFOLD_SOLID_BREP('5',#117);
#67=PRESENTATION_STYLE_ASSIGNMENT((#118));
#68=MANIFOLD_SOLID_BREP('6',#119);
#69=PRESENTATION_STYLE_ASSIGNMENT((#120));
#70=MANIFOLD_SOLID_BREP('7',#121);
#71=PRESENTATION_STYLE_ASSIGNMENT((#122));
#72=MANIFOLD_SOLID_BREP('8',#123);
#73=PRESENTATION_STYLE_ASSIGNMENT((#124));
#74=MANIFOLD_SOLID_BREP('9',#125);
#75=PRESENTATION_STYLE_ASSIGNMENT((#126));
#76=MANIFOLD_SOLID_BREP('10',#127);
#77=PRESENTATION_STYLE_ASSIGNMENT((#128));
#78=MANIFOLD_SOLID_BREP('11',#129);
#79=PRESENTATION_STYLE_ASSIGNMENT((#130));
#80=MANIFOLD_SOLID_BREP('12',#131);
#81=PRODUCT('1','','PART--DESC',(#132));
#82=PRODUCT_DEFINITION('','NONE',#133,#2);
#83=AXIS2_PLACEMENT_3D('',#134,#135,#136);
#84=AXIS2_PLACEMENT_3D('',#137,#138,#139);
#85=AXIS2_PLACEMENT_3D('',#140,#141,#142);
#86=AXIS2_PLACEMENT_3D('',#143,#144,#145);
#87=AXIS2_PLACEMENT_3D('',#146,#147,#148);
#88=AXIS2_PLACEMENT_3D('',#149,#150,#151);
#89=AXIS2_PLACEMENT_3D('',#152,#153,#154);
#90=AXIS2_PLACEMENT_3D('',#155,#156,#157);
#91=AXIS2_PLACEMENT_3D('',#158,#159,#160);
#92=AXIS2_PLACEMENT_3D('',#161,#162,#163);
#93=AXIS2_PLACEMENT_3D('',#164,#165,#166);
#94=AXIS2_PLACEMENT_3D('',#167,#168,#169);
#97=LENGTH_MEASURE_WITH_UNIT(LENGTH_MEASURE(1.0),#170);
#100=DIMENSIONAL_EXPONENTS(1.0,0.0,0.0,0.0,0.0,0.0,0.0);
#102=DIMENSIONAL_EXPONENTS(0.0,0.0,0.0,0.0,0.0,0.0,0.0);
#108=SURFACE_STYLE_USAGE(.BOTH.,#171);
#109=CLOSED_SHELL('',(#172,#173,#174,#175,#176,#177,#178,#179,#180,#181,#182,#183,#184,#185,#186,#187,#188,#189,#190,#191,#192,#193,#194,#195,#196,#197,#198,#199,#200,#201,#202,#203,#204,#205,#206,#207,#208,#209,#210,#211,#212,#213,#214,#215,#216,#217,#218,#219,#220,#221,#222,#223,#224,#225,#226,#227,#228,#229,#230,#231,#232,#233,#234,#235,#236,#237,#238,#239,#240,#241,#242,#243,#244,#245,#246,#247,#248,#249,#250,#251,#252,#253,#254,#255,#256,#257,#258,#259,#260,#261,#262,#263,#264,#265,#266,#267,#268,#269,#270,#271,#272,#273,#274,#275,#276,#277,#278,#279,#280,#281,#282,#283,#284,#285,#286,#287,#288,#289,#290,#291,#292,#293,#294,#295,#296,#297,#298,#299,#300,#301,#302,#303,#304,#305,#306,#307,#308,#309,#310,#311,#312,#313,#314,#315,#316,#317,#318,#319,#320,#321,#322,#323,#324,#325,#326,#327,#328,#329,#330,#331,#332,#333,#334,#335,#336,#337,#338,#339,#340,#341,#342,#343,#344,#345,#346,#347,#348,#349,#350,#351,#352,#353,#354,#355,#356,#357,#358,#359,#360,#361,#362,#363,#364,#365,#366,#367,#368,#369,#370,#371,#372,#373,#374,#375,#376,#377,#378,#379,#380,#381,#382,#383,#384,#385,#386,#387,#388,#389,#390,#391,#392,#393,#394,#395,#396,#397,#398,#399,#400,#401,#402,#403,#404,#405,#406,#407,#408,#409,#410,#411,#412,#413,#414,#415,#416,#417,#418,#419,#420,#421,#422,#423,#424,#425,#426,#427,#428,#429,#430,#431,#432,#433,#434,#435,#436,#437));
#110=SURFACE_STYLE_USAGE(.BOTH.,#438);
#111=CLOSED_SHELL('',(#439,#440,#441,#442,#443,#444,#445,#446,#447,#448,#449,#450,#451,#452,#453,#454,#455,#456));
#112=SURFACE_STYLE_USAGE(.BOTH.,#457);
#113=CLOSED_SHELL('',(#458,#459,#460,#461,#462,#463,#464,#465,#466,#467,#468,#469,#470,#471,#472,#473,#474,#475));
#114=SURFACE_STYLE_USAGE(.BOTH.,#476);
#115=CLOSED_SHELL('',(#477,#478,#479,#480,#481,#482,#483,#484,#485,#486,#487,#488,#489,#490,#491,#492,#493,#494));
#116=SURFACE_STYLE_USAGE(.BOTH.,#495);
#117=CLOSED_SHELL('',(#496,#497,#498,#499,#500,#501,#502,#503,#504,#505,#506,#507,#508,#509,#510,#511,#512,#513));
#118=SURFACE_STYLE_USAGE(.BOTH.,#514);
#119=CLOSED_SHELL('',(#515,#516,#517,#518,#519,#520,#521,#522,#523,#524,#525,#526,#527,#528,#529,#530,#531,#532));
#120=SURFACE_STYLE_USAGE(.BOTH.,#533);
#121=CLOSED_SHELL('',(#534,#535,#536,#537,#538,#539,#540,#541,#542,#543,#544,#545,#546,#547,#548,#549,#550,#551));
#122=SURFACE_STYLE_USAGE(.BOTH.,#552);
#123=CLOSED_SHELL('',(#553,#554,#555,#556,#557,#558,#559,#560,#561,#562,#563,#564,#565,#566,#567,#568,#569,#570));
#124=SURFACE_STYLE_USAGE(.BOTH.,#571);
#125=CLOSED_SHELL('',(#572,#573,#574,#575,#576,#577,#578,#579,#580,#581,#582,#583,#584,#585,#586,#587,#588,#589));
#126=SURFACE_STYLE_USAGE(.BOTH.,#590);
#127=CLOSED_SHELL('',(#591,#592,#593,#594,#595,#596,#597,#598,#599,#600,#601,#602,#603,#604,#605,#606,#607,#608));
#128=SURFACE_STYLE_USAGE(.BOTH.,#609);
#129=CLOSED_SHELL('',(#610,#611,#612,#613,#614,#615,#616,#617,#618,#619,#620,#621,#622,#623,#624,#625,#626,#627));
#130=SURFACE_STYLE_USAGE(.BOTH.,#628);
#131=CLOSED_SHELL('',(#629,#630,#631,#632,#633,#634,#635,#636,#637,#638,#639,#640,#641,#642,#643,#644,#645,#646));
#132=PRODUCT_CONTEXT('',#33,'mechanical');
#133=PRODUCT_DEFINITION_FORMATION_WITH_SPECIFIED_SOURCE(' ','NONE',#81,.NOT_KNOWN.);
#134=CARTESIAN_POINT('',(0.0,0.0,0.0));
#135=DIRECTION('',(0.0,0.0,1.0));
#136=DIRECTION('',(1.0,0.0,0.0));
#137=CARTESIAN_POINT('',(0.0,0.0,0.0));
#138=DIRECTION('',(0.0,0.0,1.0));
#139=DIRECTION('',(1.0,0.0,0.0));
#140=CARTESIAN_POINT('',(0.0,0.0,0.0));
#141=DIRECTION('',(0.0,0.0,1.0));
#142=DIRECTION('',(1.0,0.0,0.0));
#143=CARTESIAN_POINT('',(0.0,0.0,0.0));
#144=DIRECTION('',(0.0,0.0,1.0));
#145=DIRECTION('',(1.0,0.0,0.0));
#146=CARTESIAN_POINT('',(0.0,0.0,0.0));
#147=DIRECTION('',(0.0,0.0,1.0));
#148=DIRECTION('',(1.0,0.0,0.0));
#149=CARTESIAN_POINT('',(0.0,0.0,0.0));
#150=DIRECTION('',(0.0,0.0,1.0));
#151=DIRECTION('',(1.0,0.0,0.0));
#152=CARTESIAN_POINT('',(0.0,0.0,0.0));
#153=DIRECTION('',(0.0,0.0,1.0));
#154=DIRECTION('',(1.0,0.0,0.0));
#155=CARTESIAN_POINT('',(0.0,0.0,0.0));
#156=DIRECTION('',(0.0,0.0,1.0));
#157=DIRECTION('',(1.0,0.0,0.0));
#158=CARTESIAN_POINT('',(0.0,0.0,0.0));
#159=DIRECTION('',(0.0,0.0,1.0));
#160=DIRECTION('',(1.0,0.0,0.0));
#161=CARTESIAN_POINT('',(0.0,0.0,0.0));
#162=DIRECTION('',(0.0,0.0,1.0));
#163=DIRECTION('',(1.0,0.0,0.0));
#164=CARTESIAN_POINT('',(0.0,0.0,0.0));
#165=DIRECTION('',(0.0,0.0,1.0));
#166=DIRECTION('',(1.0,0.0,0.0));
#167=CARTESIAN_POINT('',(0.0,0.0,0.0));
#168=DIRECTION('',(0.0,0.0,1.0));
#169=DIRECTION('',(1.0,0.0,0.0));
#170= (NAMED_UNIT(#100)LENGTH_UNIT()SI_UNIT(.MILLI.,.METRE.));
#171=SURFACE_SIDE_STYLE('',(#648));
#172=ADVANCED_FACE('',(#649,#650),#651,.F.);
#173=ADVANCED_FACE('',(#652),#653,.T.);
#174=ADVANCED_FACE('',(#654),#655,.T.);
#175=ADVANCED_FACE('',(#656,#657),#658,.F.);
#176=ADVANCED_FACE('',(#659),#660,.T.);
#177=ADVANCED_FACE('',(#661),#662,.T.);
#178=ADVANCED_FACE('',(#663,#664),#665,.F.);
#179=ADVANCED_FACE('',(#666),#667,.T.);
#180=ADVANCED_FACE('',(#668),#669,.T.);
#181=ADVANCED_FACE('',(#670,#671),#672,.F.);
#182=ADVANCED_FACE('',(#673),#674,.T.);
#183=ADVANCED_FACE('',(#675),#676,.T.);
#184=ADVANCED_FACE('',(#677,#678),#679,.F.);
#185=ADVANCED_FACE('',(#680),#681,.T.);
#186=ADVANCED_FACE('',(#682),#683,.T.);
#187=ADVANCED_FACE('',(#684,#685),#686,.F.);
#188=ADVANCED_FACE('',(#687),#688,.T.);
#189=ADVANCED_FACE('',(#689),#690,.T.);
#190=ADVANCED_FACE('',(#691,#692),#693,.F.);
#191=ADVANCED_FACE('',(#694),#695,.T.);
#192=ADVANCED_FACE('',(#696),#697,.T.);
#193=ADVANCED_FACE('',(#698,#699),#700,.F.);
#194=ADVANCED_FACE('',(#701),#702,.T.);
#195=ADVANCED_FACE('',(#703),#704,.T.);
#196=ADVANCED_FACE('',(#705,#706),#707,.F.);
#197=ADVANCED_FACE('',(#708),#709,.T.);
#198=ADVANCED_FACE('',(#710),#711,.T.);
#199=ADVANCED_FACE('',(#712,#713),#714,.F.);
#200=ADVANCED_FACE('',(#715),#716,.T.);
#201=ADVANCED_FACE('',(#717),#718,.T.);
#202=ADVANCED_FACE('',(#719,#720),#721,.F.);
#203=ADVANCED_FACE('',(#722),#723,.T.);
#204=ADVANCED_FACE('',(#724),#725,.T.);
#205=ADVANCED_FACE('',(#726,#727),#728,.T.);
#206=ADVANCED_FACE('',(#729),#730,.F.);
#207=ADVANCED_FACE('',(#731),#732,.F.);
#208=ADVANCED_FACE('',(#733),#734,.F.);
#209=ADVANCED_FACE('',(#735),#736,.T.);
#210=ADVANCED_FACE('',(#737),#738,.T.);
#211=ADVANCED_FACE('',(#739),#740,.T.);
#212=ADVANCED_FACE('',(#741),#742,.F.);
#213=ADVANCED_FACE('',(#743),#744,.F.);
#214=ADVANCED_FACE('',(#745),#746,.F.);
#215=ADVANCED_FACE('',(#747),#748,.T.);
#216=ADVANCED_FACE('',(#749),#750,.T.);
#217=ADVANCED_FACE('',(#751),#752,.T.);
#218=ADVANCED_FACE('',(#753),#754,.T.);
#219=ADVANCED_FACE('',(#755),#756,.F.);
#220=ADVANCED_FACE('',(#757,#758),#759,.T.);
#221=ADVANCED_FACE('',(#760),#761,.F.);
#222=ADVANCED_FACE('',(#762),#763,.F.);
#223=ADVANCED_FACE('',(#764),#765,.F.);
#224=ADVANCED_FACE('',(#766),#767,.T.);
#225=ADVANCED_FACE('',(#768),#769,.T.);
#226=ADVANCED_FACE('',(#770),#771,.T.);
#227=ADVANCED_FACE('',(#772),#773,.F.);
#228=ADVANCED_FACE('',(#774),#775,.F.);
#229=ADVANCED_FACE('',(#776),#777,.T.);
#230=ADVANCED_FACE('',(#778),#779,.T.);
#231=ADVANCED_FACE('',(#780),#781,.T.);
#232=ADVANCED_FACE('',(#782),#783,.T.);
#233=ADVANCED_FACE('',(#784),#785,.T.);
#234=ADVANCED_FACE('',(#786),#787,.T.);
#235=ADVANCED_FACE('',(#788),#789,.F.);
#236=ADVANCED_FACE('',(#790,#791),#792,.T.);
#237=ADVANCED_FACE('',(#793),#794,.F.);
#238=ADVANCED_FACE('',(#795),#796,.F.);
#239=ADVANCED_FACE('',(#797),#798,.F.);
#240=ADVANCED_FACE('',(#799),#800,.T.);
#241=ADVANCED_FACE('',(#801),#802,.T.);
#242=ADVANCED_FACE('',(#803),#804,.T.);
#243=ADVANCED_FACE('',(#805),#806,.F.);
#244=ADVANCED_FACE('',(#807),#808,.F.);
#245=ADVANCED_FACE('',(#809),#810,.T.);
#246=ADVANCED_FACE('',(#811),#812,.T.);
#247=ADVANCED_FACE('',(#813),#814,.T.);
#248=ADVANCED_FACE('',(#815),#816,.T.);
#249=ADVANCED_FACE('',(#817),#818,.T.);
#250=ADVANCED_FACE('',(#819),#820,.T.);
#251=ADVANCED_FACE('',(#821),#822,.F.);
#252=ADVANCED_FACE('',(#823),#824,.T.);
#253=ADVANCED_FACE('',(#825),#826,.T.);
#254=ADVANCED_FACE('',(#827),#828,.F.);
#255=ADVANCED_FACE('',(#829),#830,.T.);
#256=ADVANCED_FACE('',(#831),#832,.F.);
#257=ADVANCED_FACE('',(#833),#834,.F.);
#258=ADVANCED_FACE('',(#835,#836),#837,.T.);
#259=ADVANCED_FACE('',(#838),#839,.F.);
#260=ADVANCED_FACE('',(#840),#841,.F.);
#261=ADVANCED_FACE('',(#842),#843,.T.);
#262=ADVANCED_FACE('',(#844),#845,.T.);
#263=ADVANCED_FACE('',(#846),#847,.T.);
#264=ADVANCED_FACE('',(#848),#849,.F.);
#265=ADVANCED_FACE('',(#850),#851,.T.);
#266=ADVANCED_FACE('',(#852),#853,.T.);
#267=ADVANCED_FACE('',(#854),#855,.F.);
#268=ADVANCED_FACE('',(#856),#857,.T.);
#269=ADVANCED_FACE('',(#858),#859,.F.);
#270=ADVANCED_FACE('',(#860),#861,.F.);
#271=ADVANCED_FACE('',(#862,#863),#864,.T.);
#272=ADVANCED_FACE('',(#865),#866,.T.);
#273=ADVANCED_FACE('',(#867),#868,.T.);
#274=ADVANCED_FACE('',(#869),#870,.T.);
#275=ADVANCED_FACE('',(#871),#872,.T.);
#276=ADVANCED_FACE('',(#873),#874,.F.);
#277=ADVANCED_FACE('',(#875),#876,.F.);
#278=ADVANCED_FACE('',(#877),#878,.T.);
#279=ADVANCED_FACE('',(#879),#880,.T.);
#280=ADVANCED_FACE('',(#881),#882,.T.);
#281=ADVANCED_FACE('',(#883),#884,.F.);
#282=ADVANCED_FACE('',(#885),#886,.T.);
#283=ADVANCED_FACE('',(#887),#888,.T.);
#284=ADVANCED_FACE('',(#889),#890,.F.);
#285=ADVANCED_FACE('',(#891),#892,.T.);
#286=ADVANCED_FACE('',(#893),#894,.F.);
#287=ADVANCED_FACE('',(#895),#896,.F.);
#288=ADVANCED_FACE('',(#897,#898),#899,.T.);
#289=ADVANCED_FACE('',(#900),#901,.T.);
#290=ADVANCED_FACE('',(#902),#903,.T.);
#291=ADVANCED_FACE('',(#904),#905,.T.);
#292=ADVANCED_FACE('',(#906),#907,.T.);
#293=ADVANCED_FACE('',(#908),#909,.F.);
#294=ADVANCED_FACE('',(#910),#911,.F.);
#295=ADVANCED_FACE('',(#912),#913,.T.);
#296=ADVANCED_FACE('',(#914),#915,.T.);
#297=ADVANCED_FACE('',(#916),#917,.T.);
#298=ADVANCED_FACE('',(#918),#919,.F.);
#299=ADVANCED_FACE('',(#920),#921,.T.);
#300=ADVANCED_FACE('',(#922),#923,.T.);
#301=ADVANCED_FACE('',(#924),#925,.F.);
#302=ADVANCED_FACE('',(#926),#927,.T.);
#303=ADVANCED_FACE('',(#928),#929,.F.);
#304=ADVANCED_FACE('',(#930),#931,.F.);
#305=ADVANCED_FACE('',(#932,#933),#934,.T.);
#306=ADVANCED_FACE('',(#935),#936,.T.);
#307=ADVANCED_FACE('',(#937),#938,.T.);
#308=ADVANCED_FACE('',(#939),#940,.T.);
#309=ADVANCED_FACE('',(#941),#942,.T.);
#310=ADVANCED_FACE('',(#943),#944,.F.);
#311=ADVANCED_FACE('',(#945),#946,.F.);
#312=ADVANCED_FACE('',(#947),#948,.T.);
#313=ADVANCED_FACE('',(#949),#950,.T.);
#314=ADVANCED_FACE('',(#951),#952,.T.);
#315=ADVANCED_FACE('',(#953),#954,.F.);
#316=ADVANCED_FACE('',(#955),#956,.T.);
#317=ADVANCED_FACE('',(#957),#958,.T.);
#318=ADVANCED_FACE('',(#959),#960,.F.);
#319=ADVANCED_FACE('',(#961),#962,.T.);
#320=ADVANCED_FACE('',(#963),#964,.F.);
#321=ADVANCED_FACE('',(#965),#966,.F.);
#322=ADVANCED_FACE('',(#967,#968),#969,.T.);
#323=ADVANCED_FACE('',(#970),#971,.T.);
#324=ADVANCED_FACE('',(#972),#973,.T.);
#325=ADVANCED_FACE('',(#974),#975,.T.);
#326=ADVANCED_FACE('',(#976),#977,.T.);
#327=ADVANCED_FACE('',(#978),#979,.F.);
#328=ADVANCED_FACE('',(#980),#981,.F.);
#329=ADVANCED_FACE('',(#982),#983,.T.);
#330=ADVANCED_FACE('',(#984),#985,.T.);
#331=ADVANCED_FACE('',(#986),#987,.T.);
#332=ADVANCED_FACE('',(#988),#989,.F.);
#333=ADVANCED_FACE('',(#990),#991,.T.);
#334=ADVANCED_FACE('',(#992),#993,.T.);
#335=ADVANCED_FACE('',(#994),#995,.F.);
#336=ADVANCED_FACE('',(#996),#997,.T.);
#337=ADVANCED_FACE('',(#998),#999,.F.);
#338=ADVANCED_FACE('',(#1000),#1001,.F.);
#339=ADVANCED_FACE('',(#1002,#1003),#1004,.T.);
#340=ADVANCED_FACE('',(#1005),#1006,.T.);
#341=ADVANCED_FACE('',(#1007),#1008,.T.);
#342=ADVANCED_FACE('',(#1009),#1010,.T.);
#343=ADVANCED_FACE('',(#1011),#1012,.T.);
#344=ADVANCED_FACE('',(#1013),#1014,.F.);
#345=ADVANCED_FACE('',(#1015),#1016,.F.);
#346=ADVANCED_FACE('',(#1017),#1018,.T.);
#347=ADVANCED_FACE('',(#1019),#1020,.T.);
#348=ADVANCED_FACE('',(#1021),#1022,.T.);
#349=ADVANCED_FACE('',(#1023),#1024,.F.);
#350=ADVANCED_FACE('',(#1025),#1026,.T.);
#351=ADVANCED_FACE('',(#1027),#1028,.T.);
#352=ADVANCED_FACE('',(#1029),#1030,.F.);
#353=ADVANCED_FACE('',(#1031),#1032,.T.);
#354=ADVANCED_FACE('',(#1033),#1034,.F.);
#355=ADVANCED_FACE('',(#1035),#1036,.F.);
#356=ADVANCED_FACE('',(#1037,#1038),#1039,.T.);
#357=ADVANCED_FACE('',(#1040),#1041,.T.);
#358=ADVANCED_FACE('',(#1042),#1043,.T.);
#359=ADVANCED_FACE('',(#1044),#1045,.T.);
#360=ADVANCED_FACE('',(#1046),#1047,.T.);
#361=ADVANCED_FACE('',(#1048),#1049,.F.);
#362=ADVANCED_FACE('',(#1050),#1051,.F.);
#363=ADVANCED_FACE('',(#1052),#1053,.T.);
#364=ADVANCED_FACE('',(#1054),#1055,.T.);
#365=ADVANCED_FACE('',(#1056),#1057,.T.);
#366=ADVANCED_FACE('',(#1058),#1059,.F.);
#367=ADVANCED_FACE('',(#1060),#1061,.T.);
#368=ADVANCED_FACE('',(#1062),#1063,.T.);
#369=ADVANCED_FACE('',(#1064),#1065,.F.);
#370=ADVANCED_FACE('',(#1066),#1067,.T.);
#371=ADVANCED_FACE('',(#1068),#1069,.F.);
#372=ADVANCED_FACE('',(#1070),#1071,.F.);
#373=ADVANCED_FACE('',(#1072,#1073),#1074,.T.);
#374=ADVANCED_FACE('',(#1075),#1076,.T.);
#375=ADVANCED_FACE('',(#1077),#1078,.T.);
#376=ADVANCED_FACE('',(#1079),#1080,.T.);
#377=ADVANCED_FACE('',(#1081),#1082,.T.);
#378=ADVANCED_FACE('',(#1083),#1084,.F.);
#379=ADVANCED_FACE('',(#1085),#1086,.F.);
#380=ADVANCED_FACE('',(#1087),#1088,.T.);
#381=ADVANCED_FACE('',(#1089),#1090,.T.);
#382=ADVANCED_FACE('',(#1091),#1092,.T.);
#383=ADVANCED_FACE('',(#1093),#1094,.T.);
#384=ADVANCED_FACE('',(#1095),#1096,.T.);
#385=ADVANCED_FACE('',(#1097),#1098,.F.);
#386=ADVANCED_FACE('',(#1099),#1100,.F.);
#387=ADVANCED_FACE('',(#1101),#1102,.F.);
#388=ADVANCED_FACE('',(#1103),#1104,.F.);
#389=ADVANCED_FACE('',(#1105),#1106,.F.);
#390=ADVANCED_FACE('',(#1107),#1108,.F.);
#391=ADVANCED_FACE('',(#1109),#1110,.F.);
#392=ADVANCED_FACE('',(#1111),#1112,.F.);
#393=ADVANCED_FACE('',(#1113),#1114,.F.);
#394=ADVANCED_FACE('',(#1115),#1116,.F.);
#395=ADVANCED_FACE('',(#1117),#1118,.F.);
#396=ADVANCED_FACE('',(#1119),#1120,.F.);
#397=ADVANCED_FACE('',(#1121),#1122,.F.);
#398=ADVANCED_FACE('',(#1123),#1124,.F.);
#399=ADVANCED_FACE('',(#1125),#1126,.F.);
#400=ADVANCED_FACE('',(#1127),#1128,.F.);
#401=ADVANCED_FACE('',(#1129),#1130,.F.);
#402=ADVANCED_FACE('',(#1131),#1132,.F.);
#403=ADVANCED_FACE('',(#1133),#1134,.F.);
#404=ADVANCED_FACE('',(#1135),#1136,.F.);
#405=ADVANCED_FACE('',(#1137),#1138,.F.);
#406=ADVANCED_FACE('',(#1139),#1140,.F.);
#407=ADVANCED_FACE('',(#1141),#1142,.F.);
#408=ADVANCED_FACE('',(#1143),#1144,.F.);
#409=ADVANCED_FACE('',(#1145),#1146,.F.);
#410=ADVANCED_FACE('',(#1147),#1148,.F.);
#411=ADVANCED_FACE('',(#1149),#1150,.F.);
#412=ADVANCED_FACE('',(#1151),#1152,.F.);
#413=ADVANCED_FACE('',(#1153),#1154,.T.);
#414=ADVANCED_FACE('',(#1155),#1156,.F.);
#415=ADVANCED_FACE('',(#1157),#1158,.F.);
#416=ADVANCED_FACE('',(#1159),#1160,.F.);
#417=ADVANCED_FACE('',(#1161),#1162,.F.);
#418=ADVANCED_FACE('',(#1163),#1164,.T.);
#419=ADVANCED_FACE('',(#1165),#1166,.F.);
#420=ADVANCED_FACE('',(#1167),#1168,.F.);
#421=ADVANCED_FACE('',(#1169),#1170,.F.);
#422=ADVANCED_FACE('',(#1171),#1172,.F.);
#423=ADVANCED_FACE('',(#1173),#1174,.T.);
#424=ADVANCED_FACE('',(#1175),#1176,.T.);
#425=ADVANCED_FACE('',(#1177),#1178,.T.);
#426=ADVANCED_FACE('',(#1179),#1180,.T.);
#427=ADVANCED_FACE('',(#1181),#1182,.F.);
#428=ADVANCED_FACE('',(#1183),#1184,.F.);
#429=ADVANCED_FACE('',(#1185),#1186,.F.);
#430=ADVANCED_FACE('',(#1187),#1188,.F.);
#431=ADVANCED_FACE('',(#1189),#1190,.T.);
#432=ADVANCED_FACE('',(#1191),#1192,.T.);
#433=ADVANCED_FACE('',(#1193),#1194,.T.);
#434=ADVANCED_FACE('',(#1195),#1196,.F.);
#435=ADVANCED_FACE('',(#1197),#1198,.F.);
#436=ADVANCED_FACE('',(#1199),#1200,.F.);
#437=ADVANCED_FACE('',(#1201),#1202,.F.);
#438=SURFACE_SIDE_STYLE('',(#1203));
#439=ADVANCED_FACE('',(#1204),#1205,.F.);
#440=ADVANCED_FACE('',(#1206),#1207,.T.);
#441=ADVANCED_FACE('',(#1208),#1209,.T.);
#442=ADVANCED_FACE('',(#1210),#1211,.T.);
#443=ADVANCED_FACE('',(#1212),#1213,.T.);
#444=ADVANCED_FACE('',(#1214),#1215,.T.);
#445=ADVANCED_FACE('',(#1216),#1217,.T.);
#446=ADVANCED_FACE('',(#1218),#1219,.T.);
#447=ADVANCED_FACE('',(#1220),#1221,.T.);
#448=ADVANCED_FACE('',(#1222),#1223,.T.);
#449=ADVANCED_FACE('',(#1224),#1225,.T.);
#450=ADVANCED_FACE('',(#1226),#1227,.F.);
#451=ADVANCED_FACE('',(#1228),#1229,.T.);
#452=ADVANCED_FACE('',(#1230),#1231,.F.);
#453=ADVANCED_FACE('',(#1232),#1233,.F.);
#454=ADVANCED_FACE('',(#1234),#1235,.T.);
#455=ADVANCED_FACE('',(#1236),#1237,.F.);
#456=ADVANCED_FACE('',(#1238),#1239,.F.);
#457=SURFACE_SIDE_STYLE('',(#1240));
#458=ADVANCED_FACE('',(#1241),#1242,.F.);
#459=ADVANCED_FACE('',(#1243),#1244,.T.);
#460=ADVANCED_FACE('',(#1245),#1246,.T.);
#461=ADVANCED_FACE('',(#1247),#1248,.T.);
#462=ADVANCED_FACE('',(#1249),#1250,.T.);
#463=ADVANCED_FACE('',(#1251),#1252,.T.);
#464=ADVANCED_FACE('',(#1253),#1254,.T.);
#465=ADVANCED_FACE('',(#1255),#1256,.T.);
#466=ADVANCED_FACE('',(#1257),#1258,.T.);
#467=ADVANCED_FACE('',(#1259),#1260,.T.);
#468=ADVANCED_FACE('',(#1261),#1262,.T.);
#469=ADVANCED_FACE('',(#1263),#1264,.F.);
#470=ADVANCED_FACE('',(#1265),#1266,.T.);
#471=ADVANCED_FACE('',(#1267),#1268,.F.);
#472=ADVANCED_FACE('',(#1269),#1270,.F.);
#473=ADVANCED_FACE('',(#1271),#1272,.T.);
#474=ADVANCED_FACE('',(#1273),#1274,.F.);
#475=ADVANCED_FACE('',(#1275),#1276,.F.);
#476=SURFACE_SIDE_STYLE('',(#1277));
#477=ADVANCED_FACE('',(#1278),#1279,.F.);
#478=ADVANCED_FACE('',(#1280),#1281,.T.);
#479=ADVANCED_FACE('',(#1282),#1283,.T.);
#480=ADVANCED_FACE('',(#1284),#1285,.T.);
#481=ADVANCED_FACE('',(#1286),#1287,.T.);
#482=ADVANCED_FACE('',(#1288),#1289,.T.);
#483=ADVANCED_FACE('',(#1290),#1291,.T.);
#484=ADVANCED_FACE('',(#1292),#1293,.T.);
#485=ADVANCED_FACE('',(#1294),#1295,.T.);
#486=ADVANCED_FACE('',(#1296),#1297,.T.);
#487=ADVANCED_FACE('',(#1298),#1299,.T.);
#488=ADVANCED_FACE('',(#1300),#1301,.F.);
#489=ADVANCED_FACE('',(#1302),#1303,.T.);
#490=ADVANCED_FACE('',(#1304),#1305,.F.);
#491=ADVANCED_FACE('',(#1306),#1307,.F.);
#492=ADVANCED_FACE('',(#1308),#1309,.T.);
#493=ADVANCED_FACE('',(#1310),#1311,.F.);
#494=ADVANCED_FACE('',(#1312),#1313,.F.);
#495=SURFACE_SIDE_STYLE('',(#1314));
#496=ADVANCED_FACE('',(#1315),#1316,.F.);
#497=ADVANCED_FACE('',(#1317),#1318,.T.);
#498=ADVANCED_FACE('',(#1319),#1320,.T.);
#499=ADVANCED_FACE('',(#1321),#1322,.T.);
#500=ADVANCED_FACE('',(#1323),#1324,.T.);
#501=ADVANCED_FACE('',(#1325),#1326,.T.);
#502=ADVANCED_FACE('',(#1327),#1328,.T.);
#503=ADVANCED_FACE('',(#1329),#1330,.T.);
#504=ADVANCED_FACE('',(#1331),#1332,.T.);
#505=ADVANCED_FACE('',(#1333),#1334,.T.);
#506=ADVANCED_FACE('',(#1335),#1336,.T.);
#507=ADVANCED_FACE('',(#1337),#1338,.F.);
#508=ADVANCED_FACE('',(#1339),#1340,.T.);
#509=ADVANCED_FACE('',(#1341),#1342,.F.);
#510=ADVANCED_FACE('',(#1343),#1344,.F.);
#511=ADVANCED_FACE('',(#1345),#1346,.T.);
#512=ADVANCED_FACE('',(#1347),#1348,.F.);
#513=ADVANCED_FACE('',(#1349),#1350,.F.);
#514=SURFACE_SIDE_STYLE('',(#1351));
#515=ADVANCED_FACE('',(#1352),#1353,.F.);
#516=ADVANCED_FACE('',(#1354),#1355,.T.);
#517=ADVANCED_FACE('',(#1356),#1357,.T.);
#518=ADVANCED_FACE('',(#1358),#1359,.T.);
#519=ADVANCED_FACE('',(#1360),#1361,.T.);
#520=ADVANCED_FACE('',(#1362),#1363,.T.);
#521=ADVANCED_FACE('',(#1364),#1365,.T.);
#522=ADVANCED_FACE('',(#1366),#1367,.T.);
#523=ADVANCED_FACE('',(#1368),#1369,.T.);
#524=ADVANCED_FACE('',(#1370),#1371,.T.);
#525=ADVANCED_FACE('',(#1372),#1373,.T.);
#526=ADVANCED_FACE('',(#1374),#1375,.F.);
#527=ADVANCED_FACE('',(#1376),#1377,.T.);
#528=ADVANCED_FACE('',(#1378),#1379,.F.);
#529=ADVANCED_FACE('',(#1380),#1381,.F.);
#530=ADVANCED_FACE('',(#1382),#1383,.T.);
#531=ADVANCED_FACE('',(#1384),#1385,.F.);
#532=ADVANCED_FACE('',(#1386),#1387,.F.);
#533=SURFACE_SIDE_STYLE('',(#1388));
#534=ADVANCED_FACE('',(#1389),#1390,.F.);
#535=ADVANCED_FACE('',(#1391),#1392,.T.);
#536=ADVANCED_FACE('',(#1393),#1394,.T.);
#537=ADVANCED_FACE('',(#1395),#1396,.T.);
#538=ADVANCED_FACE('',(#1397),#1398,.T.);
#539=ADVANCED_FACE('',(#1399),#1400,.T.);
#540=ADVANCED_FACE('',(#1401),#1402,.T.);
#541=ADVANCED_FACE('',(#1403),#1404,.T.);
#542=ADVANCED_FACE('',(#1405),#1406,.T.);
#543=ADVANCED_FACE('',(#1407),#1408,.T.);
#544=ADVANCED_FACE('',(#1409),#1410,.T.);
#545=ADVANCED_FACE('',(#1411),#1412,.F.);
#546=ADVANCED_FACE('',(#1413),#1414,.T.);
#547=ADVANCED_FACE('',(#1415),#1416,.F.);
#548=ADVANCED_FACE('',(#1417),#1418,.F.);
#549=ADVANCED_FACE('',(#1419),#1420,.T.);
#550=ADVANCED_FACE('',(#1421),#1422,.F.);
#551=ADVANCED_FACE('',(#1423),#1424,.F.);
#552=SURFACE_SIDE_STYLE('',(#1425));
#553=ADVANCED_FACE('',(#1426),#1427,.F.);
#554=ADVANCED_FACE('',(#1428),#1429,.T.);
#555=ADVANCED_FACE('',(#1430),#1431,.T.);
#556=ADVANCED_FACE('',(#1432),#1433,.T.);
#557=ADVANCED_FACE('',(#1434),#1435,.T.);
#558=ADVANCED_FACE('',(#1436),#1437,.T.);
#559=ADVANCED_FACE('',(#1438),#1439,.T.);
#560=ADVANCED_FACE('',(#1440),#1441,.T.);
#561=ADVANCED_FACE('',(#1442),#1443,.T.);
#562=ADVANCED_FACE('',(#1444),#1445,.T.);
#563=ADVANCED_FACE('',(#1446),#1447,.T.);
#564=ADVANCED_FACE('',(#1448),#1449,.F.);
#565=ADVANCED_FACE('',(#1450),#1451,.T.);
#566=ADVANCED_FACE('',(#1452),#1453,.F.);
#567=ADVANCED_FACE('',(#1454),#1455,.F.);
#568=ADVANCED_FACE('',(#1456),#1457,.T.);
#569=ADVANCED_FACE('',(#1458),#1459,.F.);
#570=ADVANCED_FACE('',(#1460),#1461,.F.);
#571=SURFACE_SIDE_STYLE('',(#1462));
#572=ADVANCED_FACE('',(#1463),#1464,.F.);
#573=ADVANCED_FACE('',(#1465),#1466,.T.);
#574=ADVANCED_FACE('',(#1467),#1468,.T.);
#575=ADVANCED_FACE('',(#1469),#1470,.T.);
#576=ADVANCED_FACE('',(#1471),#1472,.T.);
#577=ADVANCED_FACE('',(#1473),#1474,.T.);
#578=ADVANCED_FACE('',(#1475),#1476,.T.);
#579=ADVANCED_FACE('',(#1477),#1478,.T.);
#580=ADVANCED_FACE('',(#1479),#1480,.T.);
#581=ADVANCED_FACE('',(#1481),#1482,.T.);
#582=ADVANCED_FACE('',(#1483),#1484,.T.);
#583=ADVANCED_FACE('',(#1485),#1486,.F.);
#584=ADVANCED_FACE('',(#1487),#1488,.T.);
#585=ADVANCED_FACE('',(#1489),#1490,.F.);
#586=ADVANCED_FACE('',(#1491),#1492,.F.);
#587=ADVANCED_FACE('',(#1493),#1494,.T.);
#588=ADVANCED_FACE('',(#1495),#1496,.F.);
#589=ADVANCED_FACE('',(#1497),#1498,.F.);
#590=SURFACE_SIDE_STYLE('',(#1499));
#591=ADVANCED_FACE('',(#1500),#1501,.F.);
#592=ADVANCED_FACE('',(#1502),#1503,.T.);
#593=ADVANCED_FACE('',(#1504),#1505,.T.);
#594=ADVANCED_FACE('',(#1506),#1507,.T.);
#595=ADVANCED_FACE('',(#1508),#1509,.T.);
#596=ADVANCED_FACE('',(#1510),#1511,.T.);
#597=ADVANCED_FACE('',(#1512),#1513,.T.);
#598=ADVANCED_FACE('',(#1514),#1515,.T.);
#599=ADVANCED_FACE('',(#1516),#1517,.T.);
#600=ADVANCED_FACE('',(#1518),#1519,.T.);
#601=ADVANCED_FACE('',(#1520),#1521,.T.);
#602=ADVANCED_FACE('',(#1522),#1523,.F.);
#603=ADVANCED_FACE('',(#1524),#1525,.T.);
#604=ADVANCED_FACE('',(#1526),#1527,.F.);
#605=ADVANCED_FACE('',(#1528),#1529,.F.);
#606=ADVANCED_FACE('',(#1530),#1531,.T.);
#607=ADVANCED_FACE('',(#1532),#1533,.F.);
#608=ADVANCED_FACE('',(#1534),#1535,.F.);
#609=SURFACE_SIDE_STYLE('',(#1536));
#610=ADVANCED_FACE('',(#1537),#1538,.F.);
#611=ADVANCED_FACE('',(#1539),#1540,.T.);
#612=ADVANCED_FACE('',(#1541),#1542,.T.);
#613=ADVANCED_FACE('',(#1543),#1544,.T.);
#614=ADVANCED_FACE('',(#1545),#1546,.T.);
#615=ADVANCED_FACE('',(#1547),#1548,.T.);
#616=ADVANCED_FACE('',(#1549),#1550,.T.);
#617=ADVANCED_FACE('',(#1551),#1552,.T.);
#618=ADVANCED_FACE('',(#1553),#1554,.T.);
#619=ADVANCED_FACE('',(#1555),#1556,.T.);
#620=ADVANCED_FACE('',(#1557),#1558,.T.);
#621=ADVANCED_FACE('',(#1559),#1560,.F.);
#622=ADVANCED_FACE('',(#1561),#1562,.T.);
#623=ADVANCED_FACE('',(#1563),#1564,.F.);
#624=ADVANCED_FACE('',(#1565),#1566,.F.);
#625=ADVANCED_FACE('',(#1567),#1568,.T.);
#626=ADVANCED_FACE('',(#1569),#1570,.F.);
#627=ADVANCED_FACE('',(#1571),#1572,.F.);
#628=SURFACE_SIDE_STYLE('',(#1573));
#629=ADVANCED_FACE('',(#1574),#1575,.F.);
#630=ADVANCED_FACE('',(#1576),#1577,.T.);
#631=ADVANCED_FACE('',(#1578),#1579,.T.);
#632=ADVANCED_FACE('',(#1580),#1581,.T.);
#633=ADVANCED_FACE('',(#1582),#1583,.T.);
#634=ADVANCED_FACE('',(#1584),#1585,.T.);
#635=ADVANCED_FACE('',(#1586),#1587,.T.);
#636=ADVANCED_FACE('',(#1588),#1589,.T.);
#637=ADVANCED_FACE('',(#1590),#1591,.T.);
#638=ADVANCED_FACE('',(#1592),#1593,.T.);
#639=ADVANCED_FACE('',(#1594),#1595,.T.);
#640=ADVANCED_FACE('',(#1596),#1597,.F.);
#641=ADVANCED_FACE('',(#1598),#1599,.T.);
#642=ADVANCED_FACE('',(#1600),#1601,.F.);
#643=ADVANCED_FACE('',(#1602),#1603,.F.);
#644=ADVANCED_FACE('',(#1604),#1605,.T.);
#645=ADVANCED_FACE('',(#1606),#1607,.F.);
#646=ADVANCED_FACE('',(#1608),#1609,.F.);
#648=SURFACE_STYLE_FILL_AREA(#1610);
#649=FACE_OUTER_BOUND('',#1611,.T.);
#650=FACE_BOUND('',#1612,.T.);
#651=PLANE('',#1613);
#652=FACE_OUTER_BOUND('',#1614,.T.);
#653=PLANE('',#1615);
#654=FACE_OUTER_BOUND('',#1616,.T.);
#655=PLANE('',#1617);
#656=FACE_OUTER_BOUND('',#1618,.T.);
#657=FACE_BOUND('',#1619,.T.);
#658=PLANE('',#1620);
#659=FACE_OUTER_BOUND('',#1621,.T.);
#660=PLANE('',#1622);
#661=FACE_OUTER_BOUND('',#1623,.T.);
#662=PLANE('',#1624);
#663=FACE_OUTER_BOUND('',#1625,.T.);
#664=FACE_BOUND('',#1626,.T.);
#665=PLANE('',#1627);
#666=FACE_OUTER_BOUND('',#1628,.T.);
#667=PLANE('',#1629);
#668=FACE_OUTER_BOUND('',#1630,.T.);
#669=PLANE('',#1631);
#670=FACE_OUTER_BOUND('',#1632,.T.);
#671=FACE_BOUND('',#1633,.T.);
#672=PLANE('',#1634);
#673=FACE_OUTER_BOUND('',#1635,.T.);
#674=PLANE('',#1636);
#675=FACE_OUTER_BOUND('',#1637,.T.);
#676=PLANE('',#1638);
#677=FACE_OUTER_BOUND('',#1639,.T.);
#678=FACE_BOUND('',#1640,.T.);
#679=PLANE('',#1641);
#680=FACE_OUTER_BOUND('',#1642,.T.);
#681=PLANE('',#1643);
#682=FACE_OUTER_BOUND('',#1644,.T.);
#683=PLANE('',#1645);
#684=FACE_OUTER_BOUND('',#1646,.T.);
#685=FACE_BOUND('',#1647,.T.);
#686=PLANE('',#1648);
#687=FACE_OUTER_BOUND('',#1649,.T.);
#688=PLANE('',#1650);
#689=FACE_OUTER_BOUND('',#1651,.T.);
#690=PLANE('',#1652);
#691=FACE_OUTER_BOUND('',#1653,.T.);
#692=FACE_BOUND('',#1654,.T.);
#693=PLANE('',#1655);
#694=FACE_OUTER_BOUND('',#1656,.T.);
#695=PLANE('',#1657);
#696=FACE_OUTER_BOUND('',#1658,.T.);
#697=PLANE('',#1659);
#698=FACE_OUTER_BOUND('',#1660,.T.);
#699=FACE_BOUND('',#1661,.T.);
#700=PLANE('',#1662);
#701=FACE_OUTER_BOUND('',#1663,.T.);
#702=PLANE('',#1664);
#703=FACE_OUTER_BOUND('',#1665,.T.);
#704=PLANE('',#1666);
#705=FACE_OUTER_BOUND('',#1667,.T.);
#706=FACE_BOUND('',#1668,.T.);
#707=PLANE('',#1669);
#708=FACE_OUTER_BOUND('',#1670,.T.);
#709=PLANE('',#1671);
#710=FACE_OUTER_BOUND('',#1672,.T.);
#711=PLANE('',#1673);
#712=FACE_OUTER_BOUND('',#1674,.T.);
#713=FACE_BOUND('',#1675,.T.);
#714=PLANE('',#1676);
#715=FACE_OUTER_BOUND('',#1677,.T.);
#716=PLANE('',#1678);
#717=FACE_OUTER_BOUND('',#1679,.T.);
#718=PLANE('',#1680);
#719=FACE_OUTER_BOUND('',#1681,.T.);
#720=FACE_BOUND('',#1682,.T.);
#721=PLANE('',#1683);
#722=FACE_OUTER_BOUND('',#1684,.T.);
#723=PLANE('',#1685);
#724=FACE_OUTER_BOUND('',#1686,.T.);
#725=PLANE('',#1687);
#726=FACE_OUTER_BOUND('',#1688,.T.);
#727=FACE_BOUND('',#1689,.T.);
#728=PLANE('',#1690);
#729=FACE_OUTER_BOUND('',#1691,.T.);
#730=PLANE('',#1692);
#731=FACE_OUTER_BOUND('',#1693,.T.);
#732=PLANE('',#1694);
#733=FACE_OUTER_BOUND('',#1695,.T.);
#734=PLANE('',#1696);
#735=FACE_OUTER_BOUND('',#1697,.T.);
#736=PLANE('',#1698);
#737=FACE_OUTER_BOUND('',#1699,.T.);
#738=PLANE('',#1700);
#739=FACE_OUTER_BOUND('',#1701,.T.);
#740=PLANE('',#1702);
#741=FACE_OUTER_BOUND('',#1703,.T.);
#742=PLANE('',#1704);
#743=FACE_OUTER_BOUND('',#1705,.T.);
#744=PLANE('',#1706);
#745=FACE_OUTER_BOUND('',#1707,.T.);
#746=PLANE('',#1708);
#747=FACE_OUTER_BOUND('',#1709,.T.);
#748=PLANE('',#1710);
#749=FACE_OUTER_BOUND('',#1711,.T.);
#750=PLANE('',#1712);
#751=FACE_OUTER_BOUND('',#1713,.T.);
#752=PLANE('',#1714);
#753=FACE_OUTER_BOUND('',#1715,.T.);
#754=PLANE('',#1716);
#755=FACE_OUTER_BOUND('',#1717,.T.);
#756=PLANE('',#1718);
#757=FACE_OUTER_BOUND('',#1719,.T.);
#758=FACE_BOUND('',#1720,.T.);
#759=PLANE('',#1721);
#760=FACE_OUTER_BOUND('',#1722,.T.);
#761=PLANE('',#1723);
#762=FACE_OUTER_BOUND('',#1724,.T.);
#763=PLANE('',#1725);
#764=FACE_OUTER_BOUND('',#1726,.T.);
#765=PLANE('',#1727);
#766=FACE_OUTER_BOUND('',#1728,.T.);
#767=PLANE('',#1729);
#768=FACE_OUTER_BOUND('',#1730,.T.);
#769=PLANE('',#1731);
#770=FACE_OUTER_BOUND('',#1732,.T.);
#771=PLANE('',#1733);
#772=FACE_OUTER_BOUND('',#1734,.T.);
#773=PLANE('',#1735);
#774=FACE_OUTER_BOUND('',#1736,.T.);
#775=PLANE('',#1737);
#776=FACE_OUTER_BOUND('',#1738,.T.);
#777=PLANE('',#1739);
#778=FACE_OUTER_BOUND('',#1740,.T.);
#779=PLANE('',#1741);
#780=FACE_OUTER_BOUND('',#1742,.T.);
#781=PLANE('',#1743);
#782=FACE_OUTER_BOUND('',#1744,.T.);
#783=PLANE('',#1745);
#784=FACE_OUTER_BOUND('',#1746,.T.);
#785=PLANE('',#1747);
#786=FACE_OUTER_BOUND('',#1748,.T.);
#787=PLANE('',#1749);
#788=FACE_OUTER_BOUND('',#1750,.T.);
#789=PLANE('',#1751);
#790=FACE_OUTER_BOUND('',#1752,.T.);
#791=FACE_BOUND('',#1753,.T.);
#792=PLANE('',#1754);
#793=FACE_OUTER_BOUND('',#1755,.T.);
#794=PLANE('',#1756);
#795=FACE_OUTER_BOUND('',#1757,.T.);
#796=PLANE('',#1758);
#797=FACE_OUTER_BOUND('',#1759,.T.);
#798=PLANE('',#1760);
#799=FACE_OUTER_BOUND('',#1761,.T.);
#800=PLANE('',#1762);
#801=FACE_OUTER_BOUND('',#1763,.T.);
#802=PLANE('',#1764);
#803=FACE_OUTER_BOUND('',#1765,.T.);
#804=PLANE('',#1766);
#805=FACE_OUTER_BOUND('',#1767,.T.);
#806=PLANE('',#1768);
#807=FACE_OUTER_BOUND('',#1769,.T.);
#808=PLANE('',#1770);
#809=FACE_OUTER_BOUND('',#1771,.T.);
#810=PLANE('',#1772);
#811=FACE_OUTER_BOUND('',#1773,.T.);
#812=PLANE('',#1774);
#813=FACE_OUTER_BOUND('',#1775,.T.);
#814=PLANE('',#1776);
#815=FACE_OUTER_BOUND('',#1777,.T.);
#816=PLANE('',#1778);
#817=FACE_OUTER_BOUND('',#1779,.T.);
#818=PLANE('',#1780);
#819=FACE_OUTER_BOUND('',#1781,.T.);
#820=PLANE('',#1782);
#821=FACE_OUTER_BOUND('',#1783,.T.);
#822=PLANE('',#1784);
#823=FACE_OUTER_BOUND('',#1785,.T.);
#824=PLANE('',#1786);
#825=FACE_OUTER_BOUND('',#1787,.T.);
#826=PLANE('',#1788);
#827=FACE_OUTER_BOUND('',#1789,.T.);
#828=PLANE('',#1790);
#829=FACE_OUTER_BOUND('',#1791,.T.);
#830=PLANE('',#1792);
#831=FACE_OUTER_BOUND('',#1793,.T.);
#832=PLANE('',#1794);
#833=FACE_OUTER_BOUND('',#1795,.T.);
#834=PLANE('',#1796);
#835=FACE_OUTER_BOUND('',#1797,.T.);
#836=FACE_BOUND('',#1798,.T.);
#837=PLANE('',#1799);
#838=FACE_OUTER_BOUND('',#1800,.T.);
#839=PLANE('',#1801);
#840=FACE_OUTER_BOUND('',#1802,.T.);
#841=PLANE('',#1803);
#842=FACE_OUTER_BOUND('',#1804,.T.);
#843=PLANE('',#1805);
#844=FACE_OUTER_BOUND('',#1806,.T.);
#845=PLANE('',#1807);
#846=FACE_OUTER_BOUND('',#1808,.T.);
#847=PLANE('',#1809);
#848=FACE_OUTER_BOUND('',#1810,.T.);
#849=PLANE('',#1811);
#850=FACE_OUTER_BOUND('',#1812,.T.);
#851=PLANE('',#1813);
#852=FACE_OUTER_BOUND('',#1814,.T.);
#853=PLANE('',#1815);
#854=FACE_OUTER_BOUND('',#1816,.T.);
#855=PLANE('',#1817);
#856=FACE_OUTER_BOUND('',#1818,.T.);
#857=PLANE('',#1819);
#858=FACE_OUTER_BOUND('',#1820,.T.);
#859=PLANE('',#1821);
#860=FACE_OUTER_BOUND('',#1822,.T.);
#861=PLANE('',#1823);
#862=FACE_OUTER_BOUND('',#1824,.T.);
#863=FACE_BOUND('',#1825,.T.);
#864=PLANE('',#1826);
#865=FACE_OUTER_BOUND('',#1827,.T.);
#866=PLANE('',#1828);
#867=FACE_OUTER_BOUND('',#1829,.T.);
#868=PLANE('',#1830);
#869=FACE_OUTER_BOUND('',#1831,.T.);
#870=PLANE('',#1832);
#871=FACE_OUTER_BOUND('',#1833,.T.);
#872=PLANE('',#1834);
#873=FACE_OUTER_BOUND('',#1835,.T.);
#874=PLANE('',#1836);
#875=FACE_OUTER_BOUND('',#1837,.T.);
#876=PLANE('',#1838);
#877=FACE_OUTER_BOUND('',#1839,.T.);
#878=PLANE('',#1840);
#879=FACE_OUTER_BOUND('',#1841,.T.);
#880=PLANE('',#1842);
#881=FACE_OUTER_BOUND('',#1843,.T.);
#882=PLANE('',#1844);
#883=FACE_OUTER_BOUND('',#1845,.T.);
#884=PLANE('',#1846);
#885=FACE_OUTER_BOUND('',#1847,.T.);
#886=PLANE('',#1848);
#887=FACE_OUTER_BOUND('',#1849,.T.);
#888=PLANE('',#1850);
#889=FACE_OUTER_BOUND('',#1851,.T.);
#890=PLANE('',#1852);
#891=FACE_OUTER_BOUND('',#1853,.T.);
#892=PLANE('',#1854);
#893=FACE_OUTER_BOUND('',#1855,.T.);
#894=PLANE('',#1856);
#895=FACE_OUTER_BOUND('',#1857,.T.);
#896=PLANE('',#1858);
#897=FACE_OUTER_BOUND('',#1859,.T.);
#898=FACE_BOUND('',#1860,.T.);
#899=PLANE('',#1861);
#900=FACE_OUTER_BOUND('',#1862,.T.);
#901=PLANE('',#1863);
#902=FACE_OUTER_BOUND('',#1864,.T.);
#903=PLANE('',#1865);
#904=FACE_OUTER_BOUND('',#1866,.T.);
#905=PLANE('',#1867);
#906=FACE_OUTER_BOUND('',#1868,.T.);
#907=PLANE('',#1869);
#908=FACE_OUTER_BOUND('',#1870,.T.);
#909=PLANE('',#1871);
#910=FACE_OUTER_BOUND('',#1872,.T.);
#911=PLANE('',#1873);
#912=FACE_OUTER_BOUND('',#1874,.T.);
#913=PLANE('',#1875);
#914=FACE_OUTER_BOUND('',#1876,.T.);
#915=PLANE('',#1877);
#916=FACE_OUTER_BOUND('',#1878,.T.);
#917=PLANE('',#1879);
#918=FACE_OUTER_BOUND('',#1880,.T.);
#919=PLANE('',#1881);
#920=FACE_OUTER_BOUND('',#1882,.T.);
#921=PLANE('',#1883);
#922=FACE_OUTER_BOUND('',#1884,.T.);
#923=PLANE('',#1885);
#924=FACE_OUTER_BOUND('',#1886,.T.);
#925=PLANE('',#1887);
#926=FACE_OUTER_BOUND('',#1888,.T.);
#927=PLANE('',#1889);
#928=FACE_OUTER_BOUND('',#1890,.T.);
#929=PLANE('',#1891);
#930=FACE_OUTER_BOUND('',#1892,.T.);
#931=PLANE('',#1893);
#932=FACE_OUTER_BOUND('',#1894,.T.);
#933=FACE_BOUND('',#1895,.T.);
#934=PLANE('',#1896);
#935=FACE_OUTER_BOUND('',#1897,.T.);
#936=PLANE('',#1898);
#937=FACE_OUTER_BOUND('',#1899,.T.);
#938=PLANE('',#1900);
#939=FACE_OUTER_BOUND('',#1901,.T.);
#940=PLANE('',#1902);
#941=FACE_OUTER_BOUND('',#1903,.T.);
#942=PLANE('',#1904);
#943=FACE_OUTER_BOUND('',#1905,.T.);
#944=PLANE('',#1906);
#945=FACE_OUTER_BOUND('',#1907,.T.);
#946=PLANE('',#1908);
#947=FACE_OUTER_BOUND('',#1909,.T.);
#948=PLANE('',#1910);
#949=FACE_OUTER_BOUND('',#1911,.T.);
#950=PLANE('',#1912);
#951=FACE_OUTER_BOUND('',#1913,.T.);
#952=PLANE('',#1914);
#953=FACE_OUTER_BOUND('',#1915,.T.);
#954=PLANE('',#1916);
#955=FACE_OUTER_BOUND('',#1917,.T.);
#956=PLANE('',#1918);
#957=FACE_OUTER_BOUND('',#1919,.T.);
#958=PLANE('',#1920);
#959=FACE_OUTER_BOUND('',#1921,.T.);
#960=PLANE('',#1922);
#961=FACE_OUTER_BOUND('',#1923,.T.);
#962=PLANE('',#1924);
#963=FACE_OUTER_BOUND('',#1925,.T.);
#964=PLANE('',#1926);
#965=FACE_OUTER_BOUND('',#1927,.T.);
#966=PLANE('',#1928);
#967=FACE_OUTER_BOUND('',#1929,.T.);
#968=FACE_BOUND('',#1930,.T.);
#969=PLANE('',#1931);
#970=FACE_OUTER_BOUND('',#1932,.T.);
#971=PLANE('',#1933);
#972=FACE_OUTER_BOUND('',#1934,.T.);
#973=PLANE('',#1935);
#974=FACE_OUTER_BOUND('',#1936,.T.);
#975=PLANE('',#1937);
#976=FACE_OUTER_BOUND('',#1938,.T.);
#977=PLANE('',#1939);
#978=FACE_OUTER_BOUND('',#1940,.T.);
#979=PLANE('',#1941);
#980=FACE_OUTER_BOUND('',#1942,.T.);
#981=PLANE('',#1943);
#982=FACE_OUTER_BOUND('',#1944,.T.);
#983=PLANE('',#1945);
#984=FACE_OUTER_BOUND('',#1946,.T.);
#985=PLANE('',#1947);
#986=FACE_OUTER_BOUND('',#1948,.T.);
#987=PLANE('',#1949);
#988=FACE_OUTER_BOUND('',#1950,.T.);
#989=PLANE('',#1951);
#990=FACE_OUTER_BOUND('',#1952,.T.);
#991=PLANE('',#1953);
#992=FACE_OUTER_BOUND('',#1954,.T.);
#993=PLANE('',#1955);
#994=FACE_OUTER_BOUND('',#1956,.T.);
#995=PLANE('',#1957);
#996=FACE_OUTER_BOUND('',#1958,.T.);
#997=PLANE('',#1959);
#998=FACE_OUTER_BOUND('',#1960,.T.);
#999=PLANE('',#1961);
#1000=FACE_OUTER_BOUND('',#1962,.T.);
#1001=PLANE('',#1963);
#1002=FACE_OUTER_BOUND('',#1964,.T.);
#1003=FACE_BOUND('',#1965,.T.);
#1004=PLANE('',#1966);
#1005=FACE_OUTER_BOUND('',#1967,.T.);
#1006=PLANE('',#1968);
#1007=FACE_OUTER_BOUND('',#1969,.T.);
#1008=PLANE('',#1970);
#1009=FACE_OUTER_BOUND('',#1971,.T.);
#1010=PLANE('',#1972);
#1011=FACE_OUTER_BOUND('',#1973,.T.);
#1012=PLANE('',#1974);
#1013=FACE_OUTER_BOUND('',#1975,.T.);
#1014=PLANE('',#1976);
#1015=FACE_OUTER_BOUND('',#1977,.T.);
#1016=PLANE('',#1978);
#1017=FACE_OUTER_BOUND('',#1979,.T.);
#1018=PLANE('',#1980);
#1019=FACE_OUTER_BOUND('',#1981,.T.);
#1020=PLANE('',#1982);
#1021=FACE_OUTER_BOUND('',#1983,.T.);
#1022=PLANE('',#1984);
#1023=FACE_OUTER_BOUND('',#1985,.T.);
#1024=PLANE('',#1986);
#1025=FACE_OUTER_BOUND('',#1987,.T.);
#1026=PLANE('',#1988);
#1027=FACE_OUTER_BOUND('',#1989,.T.);
#1028=PLANE('',#1990);
#1029=FACE_OUTER_BOUND('',#1991,.T.);
#1030=PLANE('',#1992);
#1031=FACE_OUTER_BOUND('',#1993,.T.);
#1032=PLANE('',#1994);
#1033=FACE_OUTER_BOUND('',#1995,.T.);
#1034=PLANE('',#1996);
#1035=FACE_OUTER_BOUND('',#1997,.T.);
#1036=PLANE('',#1998);
#1037=FACE_OUTER_BOUND('',#1999,.T.);
#1038=FACE_BOUND('',#2000,.T.);
#1039=PLANE('',#2001);
#1040=FACE_OUTER_BOUND('',#2002,.T.);
#1041=PLANE('',#2003);
#1042=FACE_OUTER_BOUND('',#2004,.T.);
#1043=PLANE('',#2005);
#1044=FACE_OUTER_BOUND('',#2006,.T.);
#1045=PLANE('',#2007);
#1046=FACE_OUTER_BOUND('',#2008,.T.);
#1047=PLANE('',#2009);
#1048=FACE_OUTER_BOUND('',#2010,.T.);
#1049=PLANE('',#2011);
#1050=FACE_OUTER_BOUND('',#2012,.T.);
#1051=PLANE('',#2013);
#1052=FACE_OUTER_BOUND('',#2014,.T.);
#1053=PLANE('',#2015);
#1054=FACE_OUTER_BOUND('',#2016,.T.);
#1055=PLANE('',#2017);
#1056=FACE_OUTER_BOUND('',#2018,.T.);
#1057=PLANE('',#2019);
#1058=FACE_OUTER_BOUND('',#2020,.T.);
#1059=PLANE('',#2021);
#1060=FACE_OUTER_BOUND('',#2022,.T.);
#1061=PLANE('',#2023);
#1062=FACE_OUTER_BOUND('',#2024,.T.);
#1063=PLANE('',#2025);
#1064=FACE_OUTER_BOUND('',#2026,.T.);
#1065=PLANE('',#2027);
#1066=FACE_OUTER_BOUND('',#2028,.T.);
#1067=PLANE('',#2029);
#1068=FACE_OUTER_BOUND('',#2030,.T.);
#1069=PLANE('',#2031);
#1070=FACE_OUTER_BOUND('',#2032,.T.);
#1071=PLANE('',#2033);
#1072=FACE_OUTER_BOUND('',#2034,.T.);
#1073=FACE_BOUND('',#2035,.T.);
#1074=PLANE('',#2036);
#1075=FACE_OUTER_BOUND('',#2037,.T.);
#1076=PLANE('',#2038);
#1077=FACE_OUTER_BOUND('',#2039,.T.);
#1078=PLANE('',#2040);
#1079=FACE_OUTER_BOUND('',#2041,.T.);
#1080=PLANE('',#2042);
#1081=FACE_OUTER_BOUND('',#2043,.T.);
#1082=PLANE('',#2044);
#1083=FACE_OUTER_BOUND('',#2045,.T.);
#1084=PLANE('',#2046);
#1085=FACE_OUTER_BOUND('',#2047,.T.);
#1086=PLANE('',#2048);
#1087=FACE_OUTER_BOUND('',#2049,.T.);
#1088=PLANE('',#2050);
#1089=FACE_OUTER_BOUND('',#2051,.T.);
#1090=PLANE('',#2052);
#1091=FACE_OUTER_BOUND('',#2053,.T.);
#1092=PLANE('',#2054);
#1093=FACE_OUTER_BOUND('',#2055,.T.);
#1094=PLANE('',#2056);
#1095=FACE_OUTER_BOUND('',#2057,.T.);
#1096=PLANE('',#2058);
#1097=FACE_OUTER_BOUND('',#2059,.T.);
#1098=PLANE('',#2060);
#1099=FACE_OUTER_BOUND('',#2061,.T.);
#1100=PLANE('',#2062);
#1101=FACE_OUTER_BOUND('',#2063,.T.);
#1102=PLANE('',#2064);
#1103=FACE_OUTER_BOUND('',#2065,.T.);
#1104=PLANE('',#2066);
#1105=FACE_OUTER_BOUND('',#2067,.T.);
#1106=PLANE('',#2068);
#1107=FACE_OUTER_BOUND('',#2069,.T.);
#1108=PLANE('',#2070);
#1109=FACE_OUTER_BOUND('',#2071,.T.);
#1110=PLANE('',#2072);
#1111=FACE_OUTER_BOUND('',#2073,.T.);
#1112=PLANE('',#2074);
#1113=FACE_OUTER_BOUND('',#2075,.T.);
#1114=PLANE('',#2076);
#1115=FACE_OUTER_BOUND('',#2077,.T.);
#1116=PLANE('',#2078);
#1117=FACE_OUTER_BOUND('',#2079,.T.);
#1118=PLANE('',#2080);
#1119=FACE_OUTER_BOUND('',#2081,.T.);
#1120=PLANE('',#2082);
#1121=FACE_OUTER_BOUND('',#2083,.T.);
#1122=PLANE('',#2084);
#1123=FACE_OUTER_BOUND('',#2085,.T.);
#1124=PLANE('',#2086);
#1125=FACE_OUTER_BOUND('',#2087,.T.);
#1126=PLANE('',#2088);
#1127=FACE_OUTER_BOUND('',#2089,.T.);
#1128=PLANE('',#2090);
#1129=FACE_OUTER_BOUND('',#2091,.T.);
#1130=PLANE('',#2092);
#1131=FACE_OUTER_BOUND('',#2093,.T.);
#1132=PLANE('',#2094);
#1133=FACE_OUTER_BOUND('',#2095,.T.);
#1134=PLANE('',#2096);
#1135=FACE_OUTER_BOUND('',#2097,.T.);
#1136=PLANE('',#2098);
#1137=FACE_OUTER_BOUND('',#2099,.T.);
#1138=PLANE('',#2100);
#1139=FACE_OUTER_BOUND('',#2101,.T.);
#1140=PLANE('',#2102);
#1141=FACE_OUTER_BOUND('',#2103,.T.);
#1142=PLANE('',#2104);
#1143=FACE_OUTER_BOUND('',#2105,.T.);
#1144=PLANE('',#2106);
#1145=FACE_OUTER_BOUND('',#2107,.T.);
#1146=PLANE('',#2108);
#1147=FACE_OUTER_BOUND('',#2109,.T.);
#1148=PLANE('',#2110);
#1149=FACE_OUTER_BOUND('',#2111,.T.);
#1150=PLANE('',#2112);
#1151=FACE_OUTER_BOUND('',#2113,.T.);
#1152=PLANE('',#2114);
#1153=FACE_OUTER_BOUND('',#2115,.T.);
#1154=PLANE('',#2116);
#1155=FACE_OUTER_BOUND('',#2117,.T.);
#1156=PLANE('',#2118);
#1157=FACE_OUTER_BOUND('',#2119,.T.);
#1158=PLANE('',#2120);
#1159=FACE_OUTER_BOUND('',#2121,.T.);
#1160=PLANE('',#2122);
#1161=FACE_OUTER_BOUND('',#2123,.T.);
#1162=PLANE('',#2124);
#1163=FACE_OUTER_BOUND('',#2125,.T.);
#1164=PLANE('',#2126);
#1165=FACE_OUTER_BOUND('',#2127,.T.);
#1166=PLANE('',#2128);
#1167=FACE_OUTER_BOUND('',#2129,.T.);
#1168=PLANE('',#2130);
#1169=FACE_OUTER_BOUND('',#2131,.T.);
#1170=PLANE('',#2132);
#1171=FACE_OUTER_BOUND('',#2133,.T.);
#1172=PLANE('',#2134);
#1173=FACE_OUTER_BOUND('',#2135,.T.);
#1174=PLANE('',#2136);
#1175=FACE_OUTER_BOUND('',#2137,.T.);
#1176=PLANE('',#2138);
#1177=FACE_OUTER_BOUND('',#2139,.T.);
#1178=PLANE('',#2140);
#1179=FACE_OUTER_BOUND('',#2141,.T.);
#1180=PLANE('',#2142);
#1181=FACE_OUTER_BOUND('',#2143,.T.);
#1182=PLANE('',#2144);
#1183=FACE_OUTER_BOUND('',#2145,.T.);
#1184=PLANE('',#2146);
#1185=FACE_OUTER_BOUND('',#2147,.T.);
#1186=PLANE('',#2148);
#1187=FACE_OUTER_BOUND('',#2149,.T.);
#1188=PLANE('',#2150);
#1189=FACE_OUTER_BOUND('',#2151,.T.);
#1190=PLANE('',#2152);
#1191=FACE_OUTER_BOUND('',#2153,.T.);
#1192=PLANE('',#2154);
#1193=FACE_OUTER_BOUND('',#2155,.T.);
#1194=PLANE('',#2156);
#1195=FACE_OUTER_BOUND('',#2157,.T.);
#1196=PLANE('',#2158);
#1197=FACE_OUTER_BOUND('',#2159,.T.);
#1198=PLANE('',#2160);
#1199=FACE_OUTER_BOUND('',#2161,.T.);
#1200=PLANE('',#2162);
#1201=FACE_OUTER_BOUND('',#2163,.T.);
#1202=PLANE('',#2164);
#1203=SURFACE_STYLE_FILL_AREA(#2165);
#1204=FACE_OUTER_BOUND('',#2166,.T.);
#1205=PLANE('',#2167);
#1206=FACE_OUTER_BOUND('',#2168,.T.);
#1207=PLANE('',#2169);
#1208=FACE_OUTER_BOUND('',#2170,.T.);
#1209=PLANE('',#2171);
#1210=FACE_OUTER_BOUND('',#2172,.T.);
#1211=PLANE('',#2173);
#1212=FACE_OUTER_BOUND('',#2174,.T.);
#1213=PLANE('',#2175);
#1214=FACE_OUTER_BOUND('',#2176,.T.);
#1215=PLANE('',#2177);
#1216=FACE_OUTER_BOUND('',#2178,.T.);
#1217=PLANE('',#2179);
#1218=FACE_OUTER_BOUND('',#2180,.T.);
#1219=PLANE('',#2181);
#1220=FACE_OUTER_BOUND('',#2182,.T.);
#1221=PLANE('',#2183);
#1222=FACE_OUTER_BOUND('',#2184,.T.);
#1223=CYLINDRICAL_SURFACE('',#2185,1.64);
#1224=FACE_OUTER_BOUND('',#2186,.T.);
#1225=PLANE('',#2187);
#1226=FACE_OUTER_BOUND('',#2188,.T.);
#1227=PLANE('',#2189);
#1228=FACE_OUTER_BOUND('',#2190,.T.);
#1229=PLANE('',#2191);
#1230=FACE_OUTER_BOUND('',#2192,.T.);
#1231=PLANE('',#2193);
#1232=FACE_OUTER_BOUND('',#2194,.T.);
#1233=PLANE('',#2195);
#1234=FACE_OUTER_BOUND('',#2196,.T.);
#1235=PLANE('',#2197);
#1236=FACE_OUTER_BOUND('',#2198,.T.);
#1237=CYLINDRICAL_SURFACE('',#2199,1.0);
#1238=FACE_OUTER_BOUND('',#2200,.T.);
#1239=PLANE('',#2201);
#1240=SURFACE_STYLE_FILL_AREA(#2202);
#1241=FACE_OUTER_BOUND('',#2203,.T.);
#1242=PLANE('',#2204);
#1243=FACE_OUTER_BOUND('',#2205,.T.);
#1244=PLANE('',#2206);
#1245=FACE_OUTER_BOUND('',#2207,.T.);
#1246=PLANE('',#2208);
#1247=FACE_OUTER_BOUND('',#2209,.T.);
#1248=PLANE('',#2210);
#1249=FACE_OUTER_BOUND('',#2211,.T.);
#1250=PLANE('',#2212);
#1251=FACE_OUTER_BOUND('',#2213,.T.);
#1252=PLANE('',#2214);
#1253=FACE_OUTER_BOUND('',#2215,.T.);
#1254=PLANE('',#2216);
#1255=FACE_OUTER_BOUND('',#2217,.T.);
#1256=PLANE('',#2218);
#1257=FACE_OUTER_BOUND('',#2219,.T.);
#1258=PLANE('',#2220);
#1259=FACE_OUTER_BOUND('',#2221,.T.);
#1260=CYLINDRICAL_SURFACE('',#2222,1.64);
#1261=FACE_OUTER_BOUND('',#2223,.T.);
#1262=PLANE('',#2224);
#1263=FACE_OUTER_BOUND('',#2225,.T.);
#1264=PLANE('',#2226);
#1265=FACE_OUTER_BOUND('',#2227,.T.);
#1266=PLANE('',#2228);
#1267=FACE_OUTER_BOUND('',#2229,.T.);
#1268=PLANE('',#2230);
#1269=FACE_OUTER_BOUND('',#2231,.T.);
#1270=PLANE('',#2232);
#1271=FACE_OUTER_BOUND('',#2233,.T.);
#1272=PLANE('',#2234);
#1273=FACE_OUTER_BOUND('',#2235,.T.);
#1274=CYLINDRICAL_SURFACE('',#2236,1.0);
#1275=FACE_OUTER_BOUND('',#2237,.T.);
#1276=PLANE('',#2238);
#1277=SURFACE_STYLE_FILL_AREA(#2239);
#1278=FACE_OUTER_BOUND('',#2240,.T.);
#1279=PLANE('',#2241);
#1280=FACE_OUTER_BOUND('',#2242,.T.);
#1281=PLANE('',#2243);
#1282=FACE_OUTER_BOUND('',#2244,.T.);
#1283=PLANE('',#2245);
#1284=FACE_OUTER_BOUND('',#2246,.T.);
#1285=PLANE('',#2247);
#1286=FACE_OUTER_BOUND('',#2248,.T.);
#1287=PLANE('',#2249);
#1288=FACE_OUTER_BOUND('',#2250,.T.);
#1289=PLANE('',#2251);
#1290=FACE_OUTER_BOUND('',#2252,.T.);
#1291=PLANE('',#2253);
#1292=FACE_OUTER_BOUND('',#2254,.T.);
#1293=PLANE('',#2255);
#1294=FACE_OUTER_BOUND('',#2256,.T.);
#1295=PLANE('',#2257);
#1296=FACE_OUTER_BOUND('',#2258,.T.);
#1297=CYLINDRICAL_SURFACE('',#2259,1.64);
#1298=FACE_OUTER_BOUND('',#2260,.T.);
#1299=PLANE('',#2261);
#1300=FACE_OUTER_BOUND('',#2262,.T.);
#1301=PLANE('',#2263);
#1302=FACE_OUTER_BOUND('',#2264,.T.);
#1303=PLANE('',#2265);
#1304=FACE_OUTER_BOUND('',#2266,.T.);
#1305=PLANE('',#2267);
#1306=FACE_OUTER_BOUND('',#2268,.T.);
#1307=PLANE('',#2269);
#1308=FACE_OUTER_BOUND('',#2270,.T.);
#1309=PLANE('',#2271);
#1310=FACE_OUTER_BOUND('',#2272,.T.);
#1311=CYLINDRICAL_SURFACE('',#2273,1.0);
#1312=FACE_OUTER_BOUND('',#2274,.T.);
#1313=PLANE('',#2275);
#1314=SURFACE_STYLE_FILL_AREA(#2276);
#1315=FACE_OUTER_BOUND('',#2277,.T.);
#1316=PLANE('',#2278);
#1317=FACE_OUTER_BOUND('',#2279,.T.);
#1318=PLANE('',#2280);
#1319=FACE_OUTER_BOUND('',#2281,.T.);
#1320=PLANE('',#2282);
#1321=FACE_OUTER_BOUND('',#2283,.T.);
#1322=PLANE('',#2284);
#1323=FACE_OUTER_BOUND('',#2285,.T.);
#1324=PLANE('',#2286);
#1325=FACE_OUTER_BOUND('',#2287,.T.);
#1326=PLANE('',#2288);
#1327=FACE_OUTER_BOUND('',#2289,.T.);
#1328=PLANE('',#2290);
#1329=FACE_OUTER_BOUND('',#2291,.T.);
#1330=PLANE('',#2292);
#1331=FACE_OUTER_BOUND('',#2293,.T.);
#1332=PLANE('',#2294);
#1333=FACE_OUTER_BOUND('',#2295,.T.);
#1334=CYLINDRICAL_SURFACE('',#2296,1.64);
#1335=FACE_OUTER_BOUND('',#2297,.T.);
#1336=PLANE('',#2298);
#1337=FACE_OUTER_BOUND('',#2299,.T.);
#1338=PLANE('',#2300);
#1339=FACE_OUTER_BOUND('',#2301,.T.);
#1340=PLANE('',#2302);
#1341=FACE_OUTER_BOUND('',#2303,.T.);
#1342=PLANE('',#2304);
#1343=FACE_OUTER_BOUND('',#2305,.T.);
#1344=PLANE('',#2306);
#1345=FACE_OUTER_BOUND('',#2307,.T.);
#1346=PLANE('',#2308);
#1347=FACE_OUTER_BOUND('',#2309,.T.);
#1348=CYLINDRICAL_SURFACE('',#2310,1.0);
#1349=FACE_OUTER_BOUND('',#2311,.T.);
#1350=PLANE('',#2312);
#1351=SURFACE_STYLE_FILL_AREA(#2313);
#1352=FACE_OUTER_BOUND('',#2314,.T.);
#1353=PLANE('',#2315);
#1354=FACE_OUTER_BOUND('',#2316,.T.);
#1355=PLANE('',#2317);
#1356=FACE_OUTER_BOUND('',#2318,.T.);
#1357=PLANE('',#2319);
#1358=FACE_OUTER_BOUND('',#2320,.T.);
#1359=PLANE('',#2321);
#1360=FACE_OUTER_BOUND('',#2322,.T.);
#1361=PLANE('',#2323);
#1362=FACE_OUTER_BOUND('',#2324,.T.);
#1363=PLANE('',#2325);
#1364=FACE_OUTER_BOUND('',#2326,.T.);
#1365=PLANE('',#2327);
#1366=FACE_OUTER_BOUND('',#2328,.T.);
#1367=PLANE('',#2329);
#1368=FACE_OUTER_BOUND('',#2330,.T.);
#1369=PLANE('',#2331);
#1370=FACE_OUTER_BOUND('',#2332,.T.);
#1371=CYLINDRICAL_SURFACE('',#2333,1.64);
#1372=FACE_OUTER_BOUND('',#2334,.T.);
#1373=PLANE('',#2335);
#1374=FACE_OUTER_BOUND('',#2336,.T.);
#1375=PLANE('',#2337);
#1376=FACE_OUTER_BOUND('',#2338,.T.);
#1377=PLANE('',#2339);
#1378=FACE_OUTER_BOUND('',#2340,.T.);
#1379=PLANE('',#2341);
#1380=FACE_OUTER_BOUND('',#2342,.T.);
#1381=PLANE('',#2343);
#1382=FACE_OUTER_BOUND('',#2344,.T.);
#1383=PLANE('',#2345);
#1384=FACE_OUTER_BOUND('',#2346,.T.);
#1385=CYLINDRICAL_SURFACE('',#2347,1.0);
#1386=FACE_OUTER_BOUND('',#2348,.T.);
#1387=PLANE('',#2349);
#1388=SURFACE_STYLE_FILL_AREA(#2350);
#1389=FACE_OUTER_BOUND('',#2351,.T.);
#1390=PLANE('',#2352);
#1391=FACE_OUTER_BOUND('',#2353,.T.);
#1392=PLANE('',#2354);
#1393=FACE_OUTER_BOUND('',#2355,.T.);
#1394=PLANE('',#2356);
#1395=FACE_OUTER_BOUND('',#2357,.T.);
#1396=PLANE('',#2358);
#1397=FACE_OUTER_BOUND('',#2359,.T.);
#1398=PLANE('',#2360);
#1399=FACE_OUTER_BOUND('',#2361,.T.);
#1400=PLANE('',#2362);
#1401=FACE_OUTER_BOUND('',#2363,.T.);
#1402=PLANE('',#2364);
#1403=FACE_OUTER_BOUND('',#2365,.T.);
#1404=PLANE('',#2366);
#1405=FACE_OUTER_BOUND('',#2367,.T.);
#1406=PLANE('',#2368);
#1407=FACE_OUTER_BOUND('',#2369,.T.);
#1408=CYLINDRICAL_SURFACE('',#2370,1.64);
#1409=FACE_OUTER_BOUND('',#2371,.T.);
#1410=PLANE('',#2372);
#1411=FACE_OUTER_BOUND('',#2373,.T.);
#1412=PLANE('',#2374);
#1413=FACE_OUTER_BOUND('',#2375,.T.);
#1414=PLANE('',#2376);
#1415=FACE_OUTER_BOUND('',#2377,.T.);
#1416=PLANE('',#2378);
#1417=FACE_OUTER_BOUND('',#2379,.T.);
#1418=PLANE('',#2380);
#1419=FACE_OUTER_BOUND('',#2381,.T.);
#1420=PLANE('',#2382);
#1421=FACE_OUTER_BOUND('',#2383,.T.);
#1422=CYLINDRICAL_SURFACE('',#2384,1.0);
#1423=FACE_OUTER_BOUND('',#2385,.T.);
#1424=PLANE('',#2386);
#1425=SURFACE_STYLE_FILL_AREA(#2387);
#1426=FACE_OUTER_BOUND('',#2388,.T.);
#1427=PLANE('',#2389);
#1428=FACE_OUTER_BOUND('',#2390,.T.);
#1429=PLANE('',#2391);
#1430=FACE_OUTER_BOUND('',#2392,.T.);
#1431=PLANE('',#2393);
#1432=FACE_OUTER_BOUND('',#2394,.T.);
#1433=PLANE('',#2395);
#1434=FACE_OUTER_BOUND('',#2396,.T.);
#1435=PLANE('',#2397);
#1436=FACE_OUTER_BOUND('',#2398,.T.);
#1437=PLANE('',#2399);
#1438=FACE_OUTER_BOUND('',#2400,.T.);
#1439=PLANE('',#2401);
#1440=FACE_OUTER_BOUND('',#2402,.T.);
#1441=PLANE('',#2403);
#1442=FACE_OUTER_BOUND('',#2404,.T.);
#1443=PLANE('',#2405);
#1444=FACE_OUTER_BOUND('',#2406,.T.);
#1445=CYLINDRICAL_SURFACE('',#2407,1.64);
#1446=FACE_OUTER_BOUND('',#2408,.T.);
#1447=PLANE('',#2409);
#1448=FACE_OUTER_BOUND('',#2410,.T.);
#1449=PLANE('',#2411);
#1450=FACE_OUTER_BOUND('',#2412,.T.);
#1451=PLANE('',#2413);
#1452=FACE_OUTER_BOUND('',#2414,.T.);
#1453=PLANE('',#2415);
#1454=FACE_OUTER_BOUND('',#2416,.T.);
#1455=PLANE('',#2417);
#1456=FACE_OUTER_BOUND('',#2418,.T.);
#1457=PLANE('',#2419);
#1458=FACE_OUTER_BOUND('',#2420,.T.);
#1459=CYLINDRICAL_SURFACE('',#2421,1.0);
#1460=FACE_OUTER_BOUND('',#2422,.T.);
#1461=PLANE('',#2423);
#1462=SURFACE_STYLE_FILL_AREA(#2424);
#1463=FACE_OUTER_BOUND('',#2425,.T.);
#1464=PLANE('',#2426);
#1465=FACE_OUTER_BOUND('',#2427,.T.);
#1466=PLANE('',#2428);
#1467=FACE_OUTER_BOUND('',#2429,.T.);
#1468=PLANE('',#2430);
#1469=FACE_OUTER_BOUND('',#2431,.T.);
#1470=PLANE('',#2432);
#1471=FACE_OUTER_BOUND('',#2433,.T.);
#1472=PLANE('',#2434);
#1473=FACE_OUTER_BOUND('',#2435,.T.);
#1474=PLANE('',#2436);
#1475=FACE_OUTER_BOUND('',#2437,.T.);
#1476=PLANE('',#2438);
#1477=FACE_OUTER_BOUND('',#2439,.T.);
#1478=PLANE('',#2440);
#1479=FACE_OUTER_BOUND('',#2441,.T.);
#1480=PLANE('',#2442);
#1481=FACE_OUTER_BOUND('',#2443,.T.);
#1482=CYLINDRICAL_SURFACE('',#2444,1.64);
#1483=FACE_OUTER_BOUND('',#2445,.T.);
#1484=PLANE('',#2446);
#1485=FACE_OUTER_BOUND('',#2447,.T.);
#1486=PLANE('',#2448);
#1487=FACE_OUTER_BOUND('',#2449,.T.);
#1488=PLANE('',#2450);
#1489=FACE_OUTER_BOUND('',#2451,.T.);
#1490=PLANE('',#2452);
#1491=FACE_OUTER_BOUND('',#2453,.T.);
#1492=PLANE('',#2454);
#1493=FACE_OUTER_BOUND('',#2455,.T.);
#1494=PLANE('',#2456);
#1495=FACE_OUTER_BOUND('',#2457,.T.);
#1496=CYLINDRICAL_SURFACE('',#2458,1.0);
#1497=FACE_OUTER_BOUND('',#2459,.T.);
#1498=PLANE('',#2460);
#1499=SURFACE_STYLE_FILL_AREA(#2461);
#1500=FACE_OUTER_BOUND('',#2462,.T.);
#1501=PLANE('',#2463);
#1502=FACE_OUTER_BOUND('',#2464,.T.);
#1503=PLANE('',#2465);
#1504=FACE_OUTER_BOUND('',#2466,.T.);
#1505=PLANE('',#2467);
#1506=FACE_OUTER_BOUND('',#2468,.T.);
#1507=PLANE('',#2469);
#1508=FACE_OUTER_BOUND('',#2470,.T.);
#1509=PLANE('',#2471);
#1510=FACE_OUTER_BOUND('',#2472,.T.);
#1511=PLANE('',#2473);
#1512=FACE_OUTER_BOUND('',#2474,.T.);
#1513=PLANE('',#2475);
#1514=FACE_OUTER_BOUND('',#2476,.T.);
#1515=PLANE('',#2477);
#1516=FACE_OUTER_BOUND('',#2478,.T.);
#1517=PLANE('',#2479);
#1518=FACE_OUTER_BOUND('',#2480,.T.);
#1519=CYLINDRICAL_SURFACE('',#2481,1.64);
#1520=FACE_OUTER_BOUND('',#2482,.T.);
#1521=PLANE('',#2483);
#1522=FACE_OUTER_BOUND('',#2484,.T.);
#1523=PLANE('',#2485);
#1524=FACE_OUTER_BOUND('',#2486,.T.);
#1525=PLANE('',#2487);
#1526=FACE_OUTER_BOUND('',#2488,.T.);
#1527=PLANE('',#2489);
#1528=FACE_OUTER_BOUND('',#2490,.T.);
#1529=PLANE('',#2491);
#1530=FACE_OUTER_BOUND('',#2492,.T.);
#1531=PLANE('',#2493);
#1532=FACE_OUTER_BOUND('',#2494,.T.);
#1533=CYLINDRICAL_SURFACE('',#2495,1.0);
#1534=FACE_OUTER_BOUND('',#2496,.T.);
#1535=PLANE('',#2497);
#1536=SURFACE_STYLE_FILL_AREA(#2498);
#1537=FACE_OUTER_BOUND('',#2499,.T.);
#1538=PLANE('',#2500);
#1539=FACE_OUTER_BOUND('',#2501,.T.);
#1540=PLANE('',#2502);
#1541=FACE_OUTER_BOUND('',#2503,.T.);
#1542=PLANE('',#2504);
#1543=FACE_OUTER_BOUND('',#2505,.T.);
#1544=PLANE('',#2506);
#1545=FACE_OUTER_BOUND('',#2507,.T.);
#1546=PLANE('',#2508);
#1547=FACE_OUTER_BOUND('',#2509,.T.);
#1548=PLANE('',#2510);
#1549=FACE_OUTER_BOUND('',#2511,.T.);
#1550=PLANE('',#2512);
#1551=FACE_OUTER_BOUND('',#2513,.T.);
#1552=PLANE('',#2514);
#1553=FACE_OUTER_BOUND('',#2515,.T.);
#1554=PLANE('',#2516);
#1555=FACE_OUTER_BOUND('',#2517,.T.);
#1556=CYLINDRICAL_SURFACE('',#2518,1.64);
#1557=FACE_OUTER_BOUND('',#2519,.T.);
#1558=PLANE('',#2520);
#1559=FACE_OUTER_BOUND('',#2521,.T.);
#1560=PLANE('',#2522);
#1561=FACE_OUTER_BOUND('',#2523,.T.);
#1562=PLANE('',#2524);
#1563=FACE_OUTER_BOUND('',#2525,.T.);
#1564=PLANE('',#2526);
#1565=FACE_OUTER_BOUND('',#2527,.T.);
#1566=PLANE('',#2528);
#1567=FACE_OUTER_BOUND('',#2529,.T.);
#1568=PLANE('',#2530);
#1569=FACE_OUTER_BOUND('',#2531,.T.);
#1570=CYLINDRICAL_SURFACE('',#2532,1.0);
#1571=FACE_OUTER_BOUND('',#2533,.T.);
#1572=PLANE('',#2534);
#1573=SURFACE_STYLE_FILL_AREA(#2535);
#1574=FACE_OUTER_BOUND('',#2536,.T.);
#1575=PLANE('',#2537);
#1576=FACE_OUTER_BOUND('',#2538,.T.);
#1577=PLANE('',#2539);
#1578=FACE_OUTER_BOUND('',#2540,.T.);
#1579=PLANE('',#2541);
#1580=FACE_OUTER_BOUND('',#2542,.T.);
#1581=PLANE('',#2543);
#1582=FACE_OUTER_BOUND('',#2544,.T.);
#1583=PLANE('',#2545);
#1584=FACE_OUTER_BOUND('',#2546,.T.);
#1585=PLANE('',#2547);
#1586=FACE_OUTER_BOUND('',#2548,.T.);
#1587=PLANE('',#2549);
#1588=FACE_OUTER_BOUND('',#2550,.T.);
#1589=PLANE('',#2551);
#1590=FACE_OUTER_BOUND('',#2552,.T.);
#1591=PLANE('',#2553);
#1592=FACE_OUTER_BOUND('',#2554,.T.);
#1593=CYLINDRICAL_SURFACE('',#2555,1.64);
#1594=FACE_OUTER_BOUND('',#2556,.T.);
#1595=PLANE('',#2557);
#1596=FACE_OUTER_BOUND('',#2558,.T.);
#1597=PLANE('',#2559);
#1598=FACE_OUTER_BOUND('',#2560,.T.);
#1599=PLANE('',#2561);
#1600=FACE_OUTER_BOUND('',#2562,.T.);
#1601=PLANE('',#2563);
#1602=FACE_OUTER_BOUND('',#2564,.T.);
#1603=PLANE('',#2565);
#1604=FACE_OUTER_BOUND('',#2566,.T.);
#1605=PLANE('',#2567);
#1606=FACE_OUTER_BOUND('',#2568,.T.);
#1607=CYLINDRICAL_SURFACE('',#2569,1.0);
#1608=FACE_OUTER_BOUND('',#2570,.T.);
#1609=PLANE('',#2571);
#1610=FILL_AREA_STYLE('',(#2572));
#1611=EDGE_LOOP('',(#2573,#2574,#2575,#2576,#2577,#2578,#2579,#2580));
#1612=EDGE_LOOP('',(#2581,#2582,#2583,#2584));
#1613=AXIS2_PLACEMENT_3D('',#2585,#2586,#2587);
#1614=EDGE_LOOP('',(#2588,#2589,#2590,#2591));
#1615=AXIS2_PLACEMENT_3D('',#2592,#2593,#2594);
#1616=EDGE_LOOP('',(#2595,#2596,#2597,#2598));
#1617=AXIS2_PLACEMENT_3D('',#2599,#2600,#2601);
#1618=EDGE_LOOP('',(#2602,#2603,#2604,#2605,#2606,#2607,#2608,#2609));
#1619=EDGE_LOOP('',(#2610,#2611,#2612,#2613));
#1620=AXIS2_PLACEMENT_3D('',#2614,#2615,#2616);
#1621=EDGE_LOOP('',(#2617,#2618,#2619,#2620));
#1622=AXIS2_PLACEMENT_3D('',#2621,#2622,#2623);
#1623=EDGE_LOOP('',(#2624,#2625,#2626,#2627));
#1624=AXIS2_PLACEMENT_3D('',#2628,#2629,#2630);
#1625=EDGE_LOOP('',(#2631,#2632,#2633,#2634,#2635,#2636,#2637,#2638));
#1626=EDGE_LOOP('',(#2639,#2640,#2641,#2642));
#1627=AXIS2_PLACEMENT_3D('',#2643,#2644,#2645);
#1628=EDGE_LOOP('',(#2646,#2647,#2648,#2649));
#1629=AXIS2_PLACEMENT_3D('',#2650,#2651,#2652);
#1630=EDGE_LOOP('',(#2653,#2654,#2655,#2656));
#1631=AXIS2_PLACEMENT_3D('',#2657,#2658,#2659);
#1632=EDGE_LOOP('',(#2660,#2661,#2662,#2663,#2664,#2665,#2666,#2667));
#1633=EDGE_LOOP('',(#2668,#2669,#2670,#2671));
#1634=AXIS2_PLACEMENT_3D('',#2672,#2673,#2674);
#1635=EDGE_LOOP('',(#2675,#2676,#2677,#2678));
#1636=AXIS2_PLACEMENT_3D('',#2679,#2680,#2681);
#1637=EDGE_LOOP('',(#2682,#2683,#2684,#2685));
#1638=AXIS2_PLACEMENT_3D('',#2686,#2687,#2688);
#1639=EDGE_LOOP('',(#2689,#2690,#2691,#2692,#2693,#2694,#2695,#2696));
#1640=EDGE_LOOP('',(#2697,#2698,#2699,#2700));
#1641=AXIS2_PLACEMENT_3D('',#2701,#2702,#2703);
#1642=EDGE_LOOP('',(#2704,#2705,#2706,#2707));
#1643=AXIS2_PLACEMENT_3D('',#2708,#2709,#2710);
#1644=EDGE_LOOP('',(#2711,#2712,#2713,#2714));
#1645=AXIS2_PLACEMENT_3D('',#2715,#2716,#2717);
#1646=EDGE_LOOP('',(#2718,#2719,#2720,#2721,#2722,#2723,#2724,#2725));
#1647=EDGE_LOOP('',(#2726,#2727,#2728,#2729));
#1648=AXIS2_PLACEMENT_3D('',#2730,#2731,#2732);
#1649=EDGE_LOOP('',(#2733,#2734,#2735,#2736));
#1650=AXIS2_PLACEMENT_3D('',#2737,#2738,#2739);
#1651=EDGE_LOOP('',(#2740,#2741,#2742,#2743));
#1652=AXIS2_PLACEMENT_3D('',#2744,#2745,#2746);
#1653=EDGE_LOOP('',(#2747,#2748,#2749,#2750,#2751,#2752,#2753,#2754));
#1654=EDGE_LOOP('',(#2755,#2756,#2757,#2758));
#1655=AXIS2_PLACEMENT_3D('',#2759,#2760,#2761);
#1656=EDGE_LOOP('',(#2762,#2763,#2764,#2765));
#1657=AXIS2_PLACEMENT_3D('',#2766,#2767,#2768);
#1658=EDGE_LOOP('',(#2769,#2770,#2771,#2772));
#1659=AXIS2_PLACEMENT_3D('',#2773,#2774,#2775);
#1660=EDGE_LOOP('',(#2776,#2777,#2778,#2779,#2780,#2781,#2782,#2783));
#1661=EDGE_LOOP('',(#2784,#2785,#2786,#2787));
#1662=AXIS2_PLACEMENT_3D('',#2788,#2789,#2790);
#1663=EDGE_LOOP('',(#2791,#2792,#2793,#2794));
#1664=AXIS2_PLACEMENT_3D('',#2795,#2796,#2797);
#1665=EDGE_LOOP('',(#2798,#2799,#2800,#2801));
#1666=AXIS2_PLACEMENT_3D('',#2802,#2803,#2804);
#1667=EDGE_LOOP('',(#2805,#2806,#2807,#2808,#2809,#2810,#2811,#2812));
#1668=EDGE_LOOP('',(#2813,#2814,#2815,#2816));
#1669=AXIS2_PLACEMENT_3D('',#2817,#2818,#2819);
#1670=EDGE_LOOP('',(#2820,#2821,#2822,#2823));
#1671=AXIS2_PLACEMENT_3D('',#2824,#2825,#2826);
#1672=EDGE_LOOP('',(#2827,#2828,#2829,#2830));
#1673=AXIS2_PLACEMENT_3D('',#2831,#2832,#2833);
#1674=EDGE_LOOP('',(#2834,#2835,#2836,#2837,#2838,#2839,#2840,#2841));
#1675=EDGE_LOOP('',(#2842,#2843,#2844,#2845));
#1676=AXIS2_PLACEMENT_3D('',#2846,#2847,#2848);
#1677=EDGE_LOOP('',(#2849,#2850,#2851,#2852));
#1678=AXIS2_PLACEMENT_3D('',#2853,#2854,#2855);
#1679=EDGE_LOOP('',(#2856,#2857,#2858,#2859));
#1680=AXIS2_PLACEMENT_3D('',#2860,#2861,#2862);
#1681=EDGE_LOOP('',(#2863,#2864,#2865,#2866,#2867,#2868,#2869,#2870));
#1682=EDGE_LOOP('',(#2871,#2872,#2873,#2874));
#1683=AXIS2_PLACEMENT_3D('',#2875,#2876,#2877);
#1684=EDGE_LOOP('',(#2878,#2879,#2880,#2881));
#1685=AXIS2_PLACEMENT_3D('',#2882,#2883,#2884);
#1686=EDGE_LOOP('',(#2885,#2886,#2887,#2888,#2889,#2890));
#1687=AXIS2_PLACEMENT_3D('',#2891,#2892,#2893);
#1688=EDGE_LOOP('',(#2894,#2895,#2896,#2897,#2898,#2899,#2900,#2901,#2902,#2903,#2904,#2905));
#1689=EDGE_LOOP('',(#2906,#2907,#2908,#2909));
#1690=AXIS2_PLACEMENT_3D('',#2910,#2911,#2912);
#1691=EDGE_LOOP('',(#2913,#2914,#2915,#2916));
#1692=AXIS2_PLACEMENT_3D('',#2917,#2918,#2919);
#1693=EDGE_LOOP('',(#2920,#2921,#2922,#2923));
#1694=AXIS2_PLACEMENT_3D('',#2924,#2925,#2926);
#1695=EDGE_LOOP('',(#2927,#2928,#2929,#2930));
#1696=AXIS2_PLACEMENT_3D('',#2931,#2932,#2933);
#1697=EDGE_LOOP('',(#2934,#2935,#2936,#2937,#2938,#2939));
#1698=AXIS2_PLACEMENT_3D('',#2940,#2941,#2942);
#1699=EDGE_LOOP('',(#2943,#2944,#2945,#2946));
#1700=AXIS2_PLACEMENT_3D('',#2947,#2948,#2949);
#1701=EDGE_LOOP('',(#2950,#2951,#2952,#2953));
#1702=AXIS2_PLACEMENT_3D('',#2954,#2955,#2956);
#1703=EDGE_LOOP('',(#2957,#2958,#2959,#2960));
#1704=AXIS2_PLACEMENT_3D('',#2961,#2962,#2963);
#1705=EDGE_LOOP('',(#2964,#2965,#2966,#2967));
#1706=AXIS2_PLACEMENT_3D('',#2968,#2969,#2970);
#1707=EDGE_LOOP('',(#2971,#2972,#2973,#2974));
#1708=AXIS2_PLACEMENT_3D('',#2975,#2976,#2977);
#1709=EDGE_LOOP('',(#2978,#2979,#2980,#2981,#2982,#2983));
#1710=AXIS2_PLACEMENT_3D('',#2984,#2985,#2986);
#1711=EDGE_LOOP('',(#2987,#2988,#2989,#2990,#2991,#2992));
#1712=AXIS2_PLACEMENT_3D('',#2993,#2994,#2995);
#1713=EDGE_LOOP('',(#2996,#2997,#2998,#2999,#3000,#3001));
#1714=AXIS2_PLACEMENT_3D('',#3002,#3003,#3004);
#1715=EDGE_LOOP('',(#3005,#3006,#3007,#3008,#3009,#3010));
#1716=AXIS2_PLACEMENT_3D('',#3011,#3012,#3013);
#1717=EDGE_LOOP('',(#3014,#3015,#3016,#3017));
#1718=AXIS2_PLACEMENT_3D('',#3018,#3019,#3020);
#1719=EDGE_LOOP('',(#3021,#3022,#3023,#3024,#3025,#3026,#3027,#3028,#3029,#3030,#3031,#3032));
#1720=EDGE_LOOP('',(#3033,#3034,#3035,#3036));
#1721=AXIS2_PLACEMENT_3D('',#3037,#3038,#3039);
#1722=EDGE_LOOP('',(#3040,#3041,#3042,#3043));
#1723=AXIS2_PLACEMENT_3D('',#3044,#3045,#3046);
#1724=EDGE_LOOP('',(#3047,#3048,#3049,#3050));
#1725=AXIS2_PLACEMENT_3D('',#3051,#3052,#3053);
#1726=EDGE_LOOP('',(#3054,#3055,#3056,#3057));
#1727=AXIS2_PLACEMENT_3D('',#3058,#3059,#3060);
#1728=EDGE_LOOP('',(#3061,#3062,#3063,#3064,#3065,#3066));
#1729=AXIS2_PLACEMENT_3D('',#3067,#3068,#3069);
#1730=EDGE_LOOP('',(#3070,#3071,#3072,#3073));
#1731=AXIS2_PLACEMENT_3D('',#3074,#3075,#3076);
#1732=EDGE_LOOP('',(#3077,#3078,#3079,#3080));
#1733=AXIS2_PLACEMENT_3D('',#3081,#3082,#3083);
#1734=EDGE_LOOP('',(#3084,#3085,#3086,#3087));
#1735=AXIS2_PLACEMENT_3D('',#3088,#3089,#3090);
#1736=EDGE_LOOP('',(#3091,#3092,#3093,#3094));
#1737=AXIS2_PLACEMENT_3D('',#3095,#3096,#3097);
#1738=EDGE_LOOP('',(#3098,#3099,#3100,#3101,#3102,#3103));
#1739=AXIS2_PLACEMENT_3D('',#3104,#3105,#3106);
#1740=EDGE_LOOP('',(#3107,#3108,#3109,#3110));
#1741=AXIS2_PLACEMENT_3D('',#3111,#3112,#3113);
#1742=EDGE_LOOP('',(#3114,#3115,#3116,#3117));
#1743=AXIS2_PLACEMENT_3D('',#3118,#3119,#3120);
#1744=EDGE_LOOP('',(#3121,#3122,#3123,#3124,#3125,#3126));
#1745=AXIS2_PLACEMENT_3D('',#3127,#3128,#3129);
#1746=EDGE_LOOP('',(#3130,#3131,#3132,#3133,#3134,#3135));
#1747=AXIS2_PLACEMENT_3D('',#3136,#3137,#3138);
#1748=EDGE_LOOP('',(#3139,#3140,#3141,#3142,#3143,#3144));
#1749=AXIS2_PLACEMENT_3D('',#3145,#3146,#3147);
#1750=EDGE_LOOP('',(#3148,#3149,#3150,#3151));
#1751=AXIS2_PLACEMENT_3D('',#3152,#3153,#3154);
#1752=EDGE_LOOP('',(#3155,#3156,#3157,#3158,#3159,#3160,#3161,#3162,#3163,#3164,#3165,#3166));
#1753=EDGE_LOOP('',(#3167,#3168,#3169,#3170));
#1754=AXIS2_PLACEMENT_3D('',#3171,#3172,#3173);
#1755=EDGE_LOOP('',(#3174,#3175,#3176,#3177));
#1756=AXIS2_PLACEMENT_3D('',#3178,#3179,#3180);
#1757=EDGE_LOOP('',(#3181,#3182,#3183,#3184));
#1758=AXIS2_PLACEMENT_3D('',#3185,#3186,#3187);
#1759=EDGE_LOOP('',(#3188,#3189,#3190,#3191));
#1760=AXIS2_PLACEMENT_3D('',#3192,#3193,#3194);
#1761=EDGE_LOOP('',(#3195,#3196,#3197,#3198,#3199,#3200));
#1762=AXIS2_PLACEMENT_3D('',#3201,#3202,#3203);
#1763=EDGE_LOOP('',(#3204,#3205,#3206,#3207));
#1764=AXIS2_PLACEMENT_3D('',#3208,#3209,#3210);
#1765=EDGE_LOOP('',(#3211,#3212,#3213,#3214));
#1766=AXIS2_PLACEMENT_3D('',#3215,#3216,#3217);
#1767=EDGE_LOOP('',(#3218,#3219,#3220,#3221));
#1768=AXIS2_PLACEMENT_3D('',#3222,#3223,#3224);
#1769=EDGE_LOOP('',(#3225,#3226,#3227,#3228));
#1770=AXIS2_PLACEMENT_3D('',#3229,#3230,#3231);
#1771=EDGE_LOOP('',(#3232,#3233,#3234,#3235,#3236,#3237));
#1772=AXIS2_PLACEMENT_3D('',#3238,#3239,#3240);
#1773=EDGE_LOOP('',(#3241,#3242,#3243,#3244));
#1774=AXIS2_PLACEMENT_3D('',#3245,#3246,#3247);
#1775=EDGE_LOOP('',(#3248,#3249,#3250,#3251));
#1776=AXIS2_PLACEMENT_3D('',#3252,#3253,#3254);
#1777=EDGE_LOOP('',(#3255,#3256,#3257,#3258,#3259,#3260));
#1778=AXIS2_PLACEMENT_3D('',#3261,#3262,#3263);
#1779=EDGE_LOOP('',(#3264,#3265,#3266,#3267,#3268,#3269));
#1780=AXIS2_PLACEMENT_3D('',#3270,#3271,#3272);
#1781=EDGE_LOOP('',(#3273,#3274,#3275,#3276,#3277,#3278));
#1782=AXIS2_PLACEMENT_3D('',#3279,#3280,#3281);
#1783=EDGE_LOOP('',(#3282,#3283,#3284,#3285));
#1784=AXIS2_PLACEMENT_3D('',#3286,#3287,#3288);
#1785=EDGE_LOOP('',(#3289,#3290,#3291,#3292));
#1786=AXIS2_PLACEMENT_3D('',#3293,#3294,#3295);
#1787=EDGE_LOOP('',(#3296,#3297,#3298,#3299));
#1788=AXIS2_PLACEMENT_3D('',#3300,#3301,#3302);
#1789=EDGE_LOOP('',(#3303,#3304,#3305,#3306));
#1790=AXIS2_PLACEMENT_3D('',#3307,#3308,#3309);
#1791=EDGE_LOOP('',(#3310,#3311,#3312,#3313,#3314,#3315));
#1792=AXIS2_PLACEMENT_3D('',#3316,#3317,#3318);
#1793=EDGE_LOOP('',(#3319,#3320,#3321,#3322));
#1794=AXIS2_PLACEMENT_3D('',#3323,#3324,#3325);
#1795=EDGE_LOOP('',(#3326,#3327,#3328,#3329));
#1796=AXIS2_PLACEMENT_3D('',#3330,#3331,#3332);
#1797=EDGE_LOOP('',(#3333,#3334,#3335,#3336,#3337,#3338,#3339,#3340,#3341,#3342,#3343,#3344));
#1798=EDGE_LOOP('',(#3345,#3346,#3347,#3348));
#1799=AXIS2_PLACEMENT_3D('',#3349,#3350,#3351);
#1800=EDGE_LOOP('',(#3352,#3353,#3354,#3355));
#1801=AXIS2_PLACEMENT_3D('',#3356,#3357,#3358);
#1802=EDGE_LOOP('',(#3359,#3360,#3361,#3362));
#1803=AXIS2_PLACEMENT_3D('',#3363,#3364,#3365);
#1804=EDGE_LOOP('',(#3366,#3367,#3368,#3369,#3370,#3371));
#1805=AXIS2_PLACEMENT_3D('',#3372,#3373,#3374);
#1806=EDGE_LOOP('',(#3375,#3376,#3377,#3378,#3379,#3380));
#1807=AXIS2_PLACEMENT_3D('',#3381,#3382,#3383);
#1808=EDGE_LOOP('',(#3384,#3385,#3386,#3387,#3388,#3389));
#1809=AXIS2_PLACEMENT_3D('',#3390,#3391,#3392);
#1810=EDGE_LOOP('',(#3393,#3394,#3395,#3396));
#1811=AXIS2_PLACEMENT_3D('',#3397,#3398,#3399);
#1812=EDGE_LOOP('',(#3400,#3401,#3402,#3403));
#1813=AXIS2_PLACEMENT_3D('',#3404,#3405,#3406);
#1814=EDGE_LOOP('',(#3407,#3408,#3409,#3410));
#1815=AXIS2_PLACEMENT_3D('',#3411,#3412,#3413);
#1816=EDGE_LOOP('',(#3414,#3415,#3416,#3417));
#1817=AXIS2_PLACEMENT_3D('',#3418,#3419,#3420);
#1818=EDGE_LOOP('',(#3421,#3422,#3423,#3424,#3425,#3426));
#1819=AXIS2_PLACEMENT_3D('',#3427,#3428,#3429);
#1820=EDGE_LOOP('',(#3430,#3431,#3432,#3433));
#1821=AXIS2_PLACEMENT_3D('',#3434,#3435,#3436);
#1822=EDGE_LOOP('',(#3437,#3438,#3439,#3440));
#1823=AXIS2_PLACEMENT_3D('',#3441,#3442,#3443);
#1824=EDGE_LOOP('',(#3444,#3445,#3446,#3447,#3448,#3449,#3450,#3451,#3452,#3453,#3454,#3455));
#1825=EDGE_LOOP('',(#3456,#3457,#3458,#3459));
#1826=AXIS2_PLACEMENT_3D('',#3460,#3461,#3462);
#1827=EDGE_LOOP('',(#3463,#3464,#3465,#3466));
#1828=AXIS2_PLACEMENT_3D('',#3467,#3468,#3469);
#1829=EDGE_LOOP('',(#3470,#3471,#3472,#3473));
#1830=AXIS2_PLACEMENT_3D('',#3474,#3475,#3476);
#1831=EDGE_LOOP('',(#3477,#3478,#3479,#3480,#3481,#3482));
#1832=AXIS2_PLACEMENT_3D('',#3483,#3484,#3485);
#1833=EDGE_LOOP('',(#3486,#3487,#3488,#3489,#3490,#3491));
#1834=AXIS2_PLACEMENT_3D('',#3492,#3493,#3494);
#1835=EDGE_LOOP('',(#3495,#3496,#3497,#3498));
#1836=AXIS2_PLACEMENT_3D('',#3499,#3500,#3501);
#1837=EDGE_LOOP('',(#3502,#3503,#3504,#3505));
#1838=AXIS2_PLACEMENT_3D('',#3506,#3507,#3508);
#1839=EDGE_LOOP('',(#3509,#3510,#3511,#3512,#3513,#3514));
#1840=AXIS2_PLACEMENT_3D('',#3515,#3516,#3517);
#1841=EDGE_LOOP('',(#3518,#3519,#3520,#3521,#3522,#3523));
#1842=AXIS2_PLACEMENT_3D('',#3524,#3525,#3526);
#1843=EDGE_LOOP('',(#3527,#3528,#3529,#3530,#3531,#3532));
#1844=AXIS2_PLACEMENT_3D('',#3533,#3534,#3535);
#1845=EDGE_LOOP('',(#3536,#3537,#3538,#3539));
#1846=AXIS2_PLACEMENT_3D('',#3540,#3541,#3542);
#1847=EDGE_LOOP('',(#3543,#3544,#3545,#3546));
#1848=AXIS2_PLACEMENT_3D('',#3547,#3548,#3549);
#1849=EDGE_LOOP('',(#3550,#3551,#3552,#3553));
#1850=AXIS2_PLACEMENT_3D('',#3554,#3555,#3556);
#1851=EDGE_LOOP('',(#3557,#3558,#3559,#3560));
#1852=AXIS2_PLACEMENT_3D('',#3561,#3562,#3563);
#1853=EDGE_LOOP('',(#3564,#3565,#3566,#3567,#3568,#3569));
#1854=AXIS2_PLACEMENT_3D('',#3570,#3571,#3572);
#1855=EDGE_LOOP('',(#3573,#3574,#3575,#3576));
#1856=AXIS2_PLACEMENT_3D('',#3577,#3578,#3579);
#1857=EDGE_LOOP('',(#3580,#3581,#3582,#3583));
#1858=AXIS2_PLACEMENT_3D('',#3584,#3585,#3586);
#1859=EDGE_LOOP('',(#3587,#3588,#3589,#3590,#3591,#3592,#3593,#3594,#3595,#3596,#3597,#3598));
#1860=EDGE_LOOP('',(#3599,#3600,#3601,#3602));
#1861=AXIS2_PLACEMENT_3D('',#3603,#3604,#3605);
#1862=EDGE_LOOP('',(#3606,#3607,#3608,#3609));
#1863=AXIS2_PLACEMENT_3D('',#3610,#3611,#3612);
#1864=EDGE_LOOP('',(#3613,#3614,#3615,#3616));
#1865=AXIS2_PLACEMENT_3D('',#3617,#3618,#3619);
#1866=EDGE_LOOP('',(#3620,#3621,#3622,#3623,#3624,#3625));
#1867=AXIS2_PLACEMENT_3D('',#3626,#3627,#3628);
#1868=EDGE_LOOP('',(#3629,#3630,#3631,#3632,#3633,#3634));
#1869=AXIS2_PLACEMENT_3D('',#3635,#3636,#3637);
#1870=EDGE_LOOP('',(#3638,#3639,#3640,#3641));
#1871=AXIS2_PLACEMENT_3D('',#3642,#3643,#3644);
#1872=EDGE_LOOP('',(#3645,#3646,#3647,#3648));
#1873=AXIS2_PLACEMENT_3D('',#3649,#3650,#3651);
#1874=EDGE_LOOP('',(#3652,#3653,#3654,#3655,#3656,#3657));
#1875=AXIS2_PLACEMENT_3D('',#3658,#3659,#3660);
#1876=EDGE_LOOP('',(#3661,#3662,#3663,#3664,#3665,#3666));
#1877=AXIS2_PLACEMENT_3D('',#3667,#3668,#3669);
#1878=EDGE_LOOP('',(#3670,#3671,#3672,#3673,#3674,#3675));
#1879=AXIS2_PLACEMENT_3D('',#3676,#3677,#3678);
#1880=EDGE_LOOP('',(#3679,#3680,#3681,#3682));
#1881=AXIS2_PLACEMENT_3D('',#3683,#3684,#3685);
#1882=EDGE_LOOP('',(#3686,#3687,#3688,#3689));
#1883=AXIS2_PLACEMENT_3D('',#3690,#3691,#3692);
#1884=EDGE_LOOP('',(#3693,#3694,#3695,#3696));
#1885=AXIS2_PLACEMENT_3D('',#3697,#3698,#3699);
#1886=EDGE_LOOP('',(#3700,#3701,#3702,#3703));
#1887=AXIS2_PLACEMENT_3D('',#3704,#3705,#3706);
#1888=EDGE_LOOP('',(#3707,#3708,#3709,#3710,#3711,#3712));
#1889=AXIS2_PLACEMENT_3D('',#3713,#3714,#3715);
#1890=EDGE_LOOP('',(#3716,#3717,#3718,#3719));
#1891=AXIS2_PLACEMENT_3D('',#3720,#3721,#3722);
#1892=EDGE_LOOP('',(#3723,#3724,#3725,#3726));
#1893=AXIS2_PLACEMENT_3D('',#3727,#3728,#3729);
#1894=EDGE_LOOP('',(#3730,#3731,#3732,#3733,#3734,#3735,#3736,#3737,#3738,#3739,#3740,#3741));
#1895=EDGE_LOOP('',(#3742,#3743,#3744,#3745));
#1896=AXIS2_PLACEMENT_3D('',#3746,#3747,#3748);
#1897=EDGE_LOOP('',(#3749,#3750,#3751,#3752));
#1898=AXIS2_PLACEMENT_3D('',#3753,#3754,#3755);
#1899=EDGE_LOOP('',(#3756,#3757,#3758,#3759));
#1900=AXIS2_PLACEMENT_3D('',#3760,#3761,#3762);
#1901=EDGE_LOOP('',(#3763,#3764,#3765,#3766,#3767,#3768));
#1902=AXIS2_PLACEMENT_3D('',#3769,#3770,#3771);
#1903=EDGE_LOOP('',(#3772,#3773,#3774,#3775,#3776,#3777));
#1904=AXIS2_PLACEMENT_3D('',#3778,#3779,#3780);
#1905=EDGE_LOOP('',(#3781,#3782,#3783,#3784));
#1906=AXIS2_PLACEMENT_3D('',#3785,#3786,#3787);
#1907=EDGE_LOOP('',(#3788,#3789,#3790,#3791));
#1908=AXIS2_PLACEMENT_3D('',#3792,#3793,#3794);
#1909=EDGE_LOOP('',(#3795,#3796,#3797,#3798,#3799,#3800));
#1910=AXIS2_PLACEMENT_3D('',#3801,#3802,#3803);
#1911=EDGE_LOOP('',(#3804,#3805,#3806,#3807,#3808,#3809));
#1912=AXIS2_PLACEMENT_3D('',#3810,#3811,#3812);
#1913=EDGE_LOOP('',(#3813,#3814,#3815,#3816,#3817,#3818));
#1914=AXIS2_PLACEMENT_3D('',#3819,#3820,#3821);
#1915=EDGE_LOOP('',(#3822,#3823,#3824,#3825));
#1916=AXIS2_PLACEMENT_3D('',#3826,#3827,#3828);
#1917=EDGE_LOOP('',(#3829,#3830,#3831,#3832));
#1918=AXIS2_PLACEMENT_3D('',#3833,#3834,#3835);
#1919=EDGE_LOOP('',(#3836,#3837,#3838,#3839));
#1920=AXIS2_PLACEMENT_3D('',#3840,#3841,#3842);
#1921=EDGE_LOOP('',(#3843,#3844,#3845,#3846));
#1922=AXIS2_PLACEMENT_3D('',#3847,#3848,#3849);
#1923=EDGE_LOOP('',(#3850,#3851,#3852,#3853,#3854,#3855));
#1924=AXIS2_PLACEMENT_3D('',#3856,#3857,#3858);
#1925=EDGE_LOOP('',(#3859,#3860,#3861,#3862));
#1926=AXIS2_PLACEMENT_3D('',#3863,#3864,#3865);
#1927=EDGE_LOOP('',(#3866,#3867,#3868,#3869));
#1928=AXIS2_PLACEMENT_3D('',#3870,#3871,#3872);
#1929=EDGE_LOOP('',(#3873,#3874,#3875,#3876,#3877,#3878,#3879,#3880,#3881,#3882,#3883,#3884));
#1930=EDGE_LOOP('',(#3885,#3886,#3887,#3888));
#1931=AXIS2_PLACEMENT_3D('',#3889,#3890,#3891);
#1932=EDGE_LOOP('',(#3892,#3893,#3894,#3895));
#1933=AXIS2_PLACEMENT_3D('',#3896,#3897,#3898);
#1934=EDGE_LOOP('',(#3899,#3900,#3901,#3902));
#1935=AXIS2_PLACEMENT_3D('',#3903,#3904,#3905);
#1936=EDGE_LOOP('',(#3906,#3907,#3908,#3909,#3910,#3911));
#1937=AXIS2_PLACEMENT_3D('',#3912,#3913,#3914);
#1938=EDGE_LOOP('',(#3915,#3916,#3917,#3918,#3919,#3920));
#1939=AXIS2_PLACEMENT_3D('',#3921,#3922,#3923);
#1940=EDGE_LOOP('',(#3924,#3925,#3926,#3927));
#1941=AXIS2_PLACEMENT_3D('',#3928,#3929,#3930);
#1942=EDGE_LOOP('',(#3931,#3932,#3933,#3934));
#1943=AXIS2_PLACEMENT_3D('',#3935,#3936,#3937);
#1944=EDGE_LOOP('',(#3938,#3939,#3940,#3941,#3942,#3943));
#1945=AXIS2_PLACEMENT_3D('',#3944,#3945,#3946);
#1946=EDGE_LOOP('',(#3947,#3948,#3949,#3950,#3951,#3952));
#1947=AXIS2_PLACEMENT_3D('',#3953,#3954,#3955);
#1948=EDGE_LOOP('',(#3956,#3957,#3958,#3959,#3960,#3961));
#1949=AXIS2_PLACEMENT_3D('',#3962,#3963,#3964);
#1950=EDGE_LOOP('',(#3965,#3966,#3967,#3968));
#1951=AXIS2_PLACEMENT_3D('',#3969,#3970,#3971);
#1952=EDGE_LOOP('',(#3972,#3973,#3974,#3975));
#1953=AXIS2_PLACEMENT_3D('',#3976,#3977,#3978);
#1954=EDGE_LOOP('',(#3979,#3980,#3981,#3982));
#1955=AXIS2_PLACEMENT_3D('',#3983,#3984,#3985);
#1956=EDGE_LOOP('',(#3986,#3987,#3988,#3989));
#1957=AXIS2_PLACEMENT_3D('',#3990,#3991,#3992);
#1958=EDGE_LOOP('',(#3993,#3994,#3995,#3996,#3997,#3998));
#1959=AXIS2_PLACEMENT_3D('',#3999,#4000,#4001);
#1960=EDGE_LOOP('',(#4002,#4003,#4004,#4005));
#1961=AXIS2_PLACEMENT_3D('',#4006,#4007,#4008);
#1962=EDGE_LOOP('',(#4009,#4010,#4011,#4012));
#1963=AXIS2_PLACEMENT_3D('',#4013,#4014,#4015);
#1964=EDGE_LOOP('',(#4016,#4017,#4018,#4019,#4020,#4021,#4022,#4023,#4024,#4025,#4026,#4027));
#1965=EDGE_LOOP('',(#4028,#4029,#4030,#4031));
#1966=AXIS2_PLACEMENT_3D('',#4032,#4033,#4034);
#1967=EDGE_LOOP('',(#4035,#4036,#4037,#4038));
#1968=AXIS2_PLACEMENT_3D('',#4039,#4040,#4041);
#1969=EDGE_LOOP('',(#4042,#4043,#4044,#4045));
#1970=AXIS2_PLACEMENT_3D('',#4046,#4047,#4048);
#1971=EDGE_LOOP('',(#4049,#4050,#4051,#4052,#4053,#4054));
#1972=AXIS2_PLACEMENT_3D('',#4055,#4056,#4057);
#1973=EDGE_LOOP('',(#4058,#4059,#4060,#4061,#4062,#4063));
#1974=AXIS2_PLACEMENT_3D('',#4064,#4065,#4066);
#1975=EDGE_LOOP('',(#4067,#4068,#4069,#4070));
#1976=AXIS2_PLACEMENT_3D('',#4071,#4072,#4073);
#1977=EDGE_LOOP('',(#4074,#4075,#4076,#4077));
#1978=AXIS2_PLACEMENT_3D('',#4078,#4079,#4080);
#1979=EDGE_LOOP('',(#4081,#4082,#4083,#4084,#4085,#4086));
#1980=AXIS2_PLACEMENT_3D('',#4087,#4088,#4089);
#1981=EDGE_LOOP('',(#4090,#4091,#4092,#4093,#4094,#4095));
#1982=AXIS2_PLACEMENT_3D('',#4096,#4097,#4098);
#1983=EDGE_LOOP('',(#4099,#4100,#4101,#4102,#4103,#4104));
#1984=AXIS2_PLACEMENT_3D('',#4105,#4106,#4107);
#1985=EDGE_LOOP('',(#4108,#4109,#4110,#4111));
#1986=AXIS2_PLACEMENT_3D('',#4112,#4113,#4114);
#1987=EDGE_LOOP('',(#4115,#4116,#4117,#4118));
#1988=AXIS2_PLACEMENT_3D('',#4119,#4120,#4121);
#1989=EDGE_LOOP('',(#4122,#4123,#4124,#4125));
#1990=AXIS2_PLACEMENT_3D('',#4126,#4127,#4128);
#1991=EDGE_LOOP('',(#4129,#4130,#4131,#4132));
#1992=AXIS2_PLACEMENT_3D('',#4133,#4134,#4135);
#1993=EDGE_LOOP('',(#4136,#4137,#4138,#4139,#4140,#4141));
#1994=AXIS2_PLACEMENT_3D('',#4142,#4143,#4144);
#1995=EDGE_LOOP('',(#4145,#4146,#4147,#4148));
#1996=AXIS2_PLACEMENT_3D('',#4149,#4150,#4151);
#1997=EDGE_LOOP('',(#4152,#4153,#4154,#4155));
#1998=AXIS2_PLACEMENT_3D('',#4156,#4157,#4158);
#1999=EDGE_LOOP('',(#4159,#4160,#4161,#4162,#4163,#4164,#4165,#4166,#4167,#4168,#4169,#4170));
#2000=EDGE_LOOP('',(#4171,#4172,#4173,#4174));
#2001=AXIS2_PLACEMENT_3D('',#4175,#4176,#4177);
#2002=EDGE_LOOP('',(#4178,#4179,#4180,#4181));
#2003=AXIS2_PLACEMENT_3D('',#4182,#4183,#4184);
#2004=EDGE_LOOP('',(#4185,#4186,#4187,#4188));
#2005=AXIS2_PLACEMENT_3D('',#4189,#4190,#4191);
#2006=EDGE_LOOP('',(#4192,#4193,#4194,#4195,#4196,#4197));
#2007=AXIS2_PLACEMENT_3D('',#4198,#4199,#4200);
#2008=EDGE_LOOP('',(#4201,#4202,#4203,#4204,#4205,#4206));
#2009=AXIS2_PLACEMENT_3D('',#4207,#4208,#4209);
#2010=EDGE_LOOP('',(#4210,#4211,#4212,#4213));
#2011=AXIS2_PLACEMENT_3D('',#4214,#4215,#4216);
#2012=EDGE_LOOP('',(#4217,#4218,#4219,#4220));
#2013=AXIS2_PLACEMENT_3D('',#4221,#4222,#4223);
#2014=EDGE_LOOP('',(#4224,#4225,#4226,#4227,#4228,#4229));
#2015=AXIS2_PLACEMENT_3D('',#4230,#4231,#4232);
#2016=EDGE_LOOP('',(#4233,#4234,#4235,#4236,#4237,#4238));
#2017=AXIS2_PLACEMENT_3D('',#4239,#4240,#4241);
#2018=EDGE_LOOP('',(#4242,#4243,#4244,#4245,#4246,#4247));
#2019=AXIS2_PLACEMENT_3D('',#4248,#4249,#4250);
#2020=EDGE_LOOP('',(#4251,#4252,#4253,#4254));
#2021=AXIS2_PLACEMENT_3D('',#4255,#4256,#4257);
#2022=EDGE_LOOP('',(#4258,#4259,#4260,#4261));
#2023=AXIS2_PLACEMENT_3D('',#4262,#4263,#4264);
#2024=EDGE_LOOP('',(#4265,#4266,#4267,#4268));
#2025=AXIS2_PLACEMENT_3D('',#4269,#4270,#4271);
#2026=EDGE_LOOP('',(#4272,#4273,#4274,#4275));
#2027=AXIS2_PLACEMENT_3D('',#4276,#4277,#4278);
#2028=EDGE_LOOP('',(#4279,#4280,#4281,#4282,#4283,#4284));
#2029=AXIS2_PLACEMENT_3D('',#4285,#4286,#4287);
#2030=EDGE_LOOP('',(#4288,#4289,#4290,#4291));
#2031=AXIS2_PLACEMENT_3D('',#4292,#4293,#4294);
#2032=EDGE_LOOP('',(#4295,#4296,#4297,#4298));
#2033=AXIS2_PLACEMENT_3D('',#4299,#4300,#4301);
#2034=EDGE_LOOP('',(#4302,#4303,#4304,#4305,#4306,#4307,#4308,#4309,#4310,#4311,#4312,#4313));
#2035=EDGE_LOOP('',(#4314,#4315,#4316,#4317));
#2036=AXIS2_PLACEMENT_3D('',#4318,#4319,#4320);
#2037=EDGE_LOOP('',(#4321,#4322,#4323,#4324));
#2038=AXIS2_PLACEMENT_3D('',#4325,#4326,#4327);
#2039=EDGE_LOOP('',(#4328,#4329,#4330,#4331));
#2040=AXIS2_PLACEMENT_3D('',#4332,#4333,#4334);
#2041=EDGE_LOOP('',(#4335,#4336,#4337,#4338,#4339,#4340));
#2042=AXIS2_PLACEMENT_3D('',#4341,#4342,#4343);
#2043=EDGE_LOOP('',(#4344,#4345,#4346,#4347,#4348,#4349));
#2044=AXIS2_PLACEMENT_3D('',#4350,#4351,#4352);
#2045=EDGE_LOOP('',(#4353,#4354,#4355,#4356));
#2046=AXIS2_PLACEMENT_3D('',#4357,#4358,#4359);
#2047=EDGE_LOOP('',(#4360,#4361,#4362,#4363));
#2048=AXIS2_PLACEMENT_3D('',#4364,#4365,#4366);
#2049=EDGE_LOOP('',(#4367,#4368,#4369,#4370,#4371,#4372));
#2050=AXIS2_PLACEMENT_3D('',#4373,#4374,#4375);
#2051=EDGE_LOOP('',(#4376,#4377,#4378,#4379));
#2052=AXIS2_PLACEMENT_3D('',#4380,#4381,#4382);
#2053=EDGE_LOOP('',(#4383,#4384,#4385,#4386,#4387,#4388));
#2054=AXIS2_PLACEMENT_3D('',#4389,#4390,#4391);
#2055=EDGE_LOOP('',(#4392,#4393,#4394,#4395));
#2056=AXIS2_PLACEMENT_3D('',#4396,#4397,#4398);
#2057=EDGE_LOOP('',(#4399,#4400,#4401,#4402));
#2058=AXIS2_PLACEMENT_3D('',#4403,#4404,#4405);
#2059=EDGE_LOOP('',(#4406,#4407,#4408,#4409));
#2060=AXIS2_PLACEMENT_3D('',#4410,#4411,#4412);
#2061=EDGE_LOOP('',(#4413,#4414,#4415,#4416));
#2062=AXIS2_PLACEMENT_3D('',#4417,#4418,#4419);
#2063=EDGE_LOOP('',(#4420,#4421,#4422,#4423));
#2064=AXIS2_PLACEMENT_3D('',#4424,#4425,#4426);
#2065=EDGE_LOOP('',(#4427,#4428,#4429,#4430));
#2066=AXIS2_PLACEMENT_3D('',#4431,#4432,#4433);
#2067=EDGE_LOOP('',(#4434,#4435,#4436,#4437));
#2068=AXIS2_PLACEMENT_3D('',#4438,#4439,#4440);
#2069=EDGE_LOOP('',(#4441,#4442,#4443,#4444));
#2070=AXIS2_PLACEMENT_3D('',#4445,#4446,#4447);
#2071=EDGE_LOOP('',(#4448,#4449,#4450,#4451));
#2072=AXIS2_PLACEMENT_3D('',#4452,#4453,#4454);
#2073=EDGE_LOOP('',(#4455,#4456,#4457,#4458));
#2074=AXIS2_PLACEMENT_3D('',#4459,#4460,#4461);
#2075=EDGE_LOOP('',(#4462,#4463,#4464,#4465));
#2076=AXIS2_PLACEMENT_3D('',#4466,#4467,#4468);
#2077=EDGE_LOOP('',(#4469,#4470,#4471,#4472));
#2078=AXIS2_PLACEMENT_3D('',#4473,#4474,#4475);
#2079=EDGE_LOOP('',(#4476,#4477,#4478,#4479));
#2080=AXIS2_PLACEMENT_3D('',#4480,#4481,#4482);
#2081=EDGE_LOOP('',(#4483,#4484,#4485,#4486));
#2082=AXIS2_PLACEMENT_3D('',#4487,#4488,#4489);
#2083=EDGE_LOOP('',(#4490,#4491,#4492,#4493));
#2084=AXIS2_PLACEMENT_3D('',#4494,#4495,#4496);
#2085=EDGE_LOOP('',(#4497,#4498,#4499,#4500));
#2086=AXIS2_PLACEMENT_3D('',#4501,#4502,#4503);
#2087=EDGE_LOOP('',(#4504,#4505,#4506,#4507));
#2088=AXIS2_PLACEMENT_3D('',#4508,#4509,#4510);
#2089=EDGE_LOOP('',(#4511,#4512,#4513,#4514));
#2090=AXIS2_PLACEMENT_3D('',#4515,#4516,#4517);
#2091=EDGE_LOOP('',(#4518,#4519,#4520,#4521));
#2092=AXIS2_PLACEMENT_3D('',#4522,#4523,#4524);
#2093=EDGE_LOOP('',(#4525,#4526,#4527,#4528));
#2094=AXIS2_PLACEMENT_3D('',#4529,#4530,#4531);
#2095=EDGE_LOOP('',(#4532,#4533,#4534,#4535));
#2096=AXIS2_PLACEMENT_3D('',#4536,#4537,#4538);
#2097=EDGE_LOOP('',(#4539,#4540,#4541,#4542));
#2098=AXIS2_PLACEMENT_3D('',#4543,#4544,#4545);
#2099=EDGE_LOOP('',(#4546,#4547,#4548,#4549));
#2100=AXIS2_PLACEMENT_3D('',#4550,#4551,#4552);
#2101=EDGE_LOOP('',(#4553,#4554,#4555,#4556));
#2102=AXIS2_PLACEMENT_3D('',#4557,#4558,#4559);
#2103=EDGE_LOOP('',(#4560,#4561,#4562,#4563));
#2104=AXIS2_PLACEMENT_3D('',#4564,#4565,#4566);
#2105=EDGE_LOOP('',(#4567,#4568,#4569,#4570));
#2106=AXIS2_PLACEMENT_3D('',#4571,#4572,#4573);
#2107=EDGE_LOOP('',(#4574,#4575,#4576,#4577));
#2108=AXIS2_PLACEMENT_3D('',#4578,#4579,#4580);
#2109=EDGE_LOOP('',(#4581,#4582,#4583,#4584));
#2110=AXIS2_PLACEMENT_3D('',#4585,#4586,#4587);
#2111=EDGE_LOOP('',(#4588,#4589,#4590,#4591));
#2112=AXIS2_PLACEMENT_3D('',#4592,#4593,#4594);
#2113=EDGE_LOOP('',(#4595,#4596,#4597,#4598));
#2114=AXIS2_PLACEMENT_3D('',#4599,#4600,#4601);
#2115=EDGE_LOOP('',(#4602,#4603,#4604,#4605,#4606,#4607));
#2116=AXIS2_PLACEMENT_3D('',#4608,#4609,#4610);
#2117=EDGE_LOOP('',(#4611,#4612,#4613,#4614));
#2118=AXIS2_PLACEMENT_3D('',#4615,#4616,#4617);
#2119=EDGE_LOOP('',(#4618,#4619,#4620,#4621));
#2120=AXIS2_PLACEMENT_3D('',#4622,#4623,#4624);
#2121=EDGE_LOOP('',(#4625,#4626,#4627,#4628));
#2122=AXIS2_PLACEMENT_3D('',#4629,#4630,#4631);
#2123=EDGE_LOOP('',(#4632,#4633,#4634,#4635));
#2124=AXIS2_PLACEMENT_3D('',#4636,#4637,#4638);
#2125=EDGE_LOOP('',(#4639,#4640,#4641,#4642,#4643,#4644));
#2126=AXIS2_PLACEMENT_3D('',#4645,#4646,#4647);
#2127=EDGE_LOOP('',(#4648,#4649,#4650,#4651));
#2128=AXIS2_PLACEMENT_3D('',#4652,#4653,#4654);
#2129=EDGE_LOOP('',(#4655,#4656,#4657,#4658));
#2130=AXIS2_PLACEMENT_3D('',#4659,#4660,#4661);
#2131=EDGE_LOOP('',(#4662,#4663,#4664,#4665));
#2132=AXIS2_PLACEMENT_3D('',#4666,#4667,#4668);
#2133=EDGE_LOOP('',(#4669,#4670,#4671,#4672));
#2134=AXIS2_PLACEMENT_3D('',#4673,#4674,#4675);
#2135=EDGE_LOOP('',(#4676,#4677,#4678,#4679,#4680,#4681));
#2136=AXIS2_PLACEMENT_3D('',#4682,#4683,#4684);
#2137=EDGE_LOOP('',(#4685,#4686,#4687,#4688,#4689,#4690));
#2138=AXIS2_PLACEMENT_3D('',#4691,#4692,#4693);
#2139=EDGE_LOOP('',(#4694,#4695,#4696,#4697));
#2140=AXIS2_PLACEMENT_3D('',#4698,#4699,#4700);
#2141=EDGE_LOOP('',(#4701,#4702,#4703,#4704));
#2142=AXIS2_PLACEMENT_3D('',#4705,#4706,#4707);
#2143=EDGE_LOOP('',(#4708,#4709,#4710,#4711));
#2144=AXIS2_PLACEMENT_3D('',#4712,#4713,#4714);
#2145=EDGE_LOOP('',(#4715,#4716,#4717,#4718));
#2146=AXIS2_PLACEMENT_3D('',#4719,#4720,#4721);
#2147=EDGE_LOOP('',(#4722,#4723,#4724,#4725));
#2148=AXIS2_PLACEMENT_3D('',#4726,#4727,#4728);
#2149=EDGE_LOOP('',(#4729,#4730,#4731,#4732));
#2150=AXIS2_PLACEMENT_3D('',#4733,#4734,#4735);
#2151=EDGE_LOOP('',(#4736,#4737,#4738,#4739,#4740,#4741));
#2152=AXIS2_PLACEMENT_3D('',#4742,#4743,#4744);
#2153=EDGE_LOOP('',(#4745,#4746,#4747,#4748));
#2154=AXIS2_PLACEMENT_3D('',#4749,#4750,#4751);
#2155=EDGE_LOOP('',(#4752,#4753,#4754,#4755));
#2156=AXIS2_PLACEMENT_3D('',#4756,#4757,#4758);
#2157=EDGE_LOOP('',(#4759,#4760,#4761,#4762));
#2158=AXIS2_PLACEMENT_3D('',#4763,#4764,#4765);
#2159=EDGE_LOOP('',(#4766,#4767,#4768,#4769));
#2160=AXIS2_PLACEMENT_3D('',#4770,#4771,#4772);
#2161=EDGE_LOOP('',(#4773,#4774,#4775,#4776));
#2162=AXIS2_PLACEMENT_3D('',#4777,#4778,#4779);
#2163=EDGE_LOOP('',(#4780,#4781,#4782,#4783));
#2164=AXIS2_PLACEMENT_3D('',#4784,#4785,#4786);
#2165=FILL_AREA_STYLE('',(#4787));
#2166=EDGE_LOOP('',(#4788,#4789,#4790,#4791));
#2167=AXIS2_PLACEMENT_3D('',#4792,#4793,#4794);
#2168=EDGE_LOOP('',(#4795,#4796,#4797,#4798));
#2169=AXIS2_PLACEMENT_3D('',#4799,#4800,#4801);
#2170=EDGE_LOOP('',(#4802,#4803,#4804,#4805));
#2171=AXIS2_PLACEMENT_3D('',#4806,#4807,#4808);
#2172=EDGE_LOOP('',(#4809,#4810,#4811,#4812));
#2173=AXIS2_PLACEMENT_3D('',#4813,#4814,#4815);
#2174=EDGE_LOOP('',(#4816,#4817,#4818,#4819));
#2175=AXIS2_PLACEMENT_3D('',#4820,#4821,#4822);
#2176=EDGE_LOOP('',(#4823,#4824,#4825,#4826,#4827,#4828,#4829,#4830));
#2177=AXIS2_PLACEMENT_3D('',#4831,#4832,#4833);
#2178=EDGE_LOOP('',(#4834,#4835,#4836,#4837));
#2179=AXIS2_PLACEMENT_3D('',#4838,#4839,#4840);
#2180=EDGE_LOOP('',(#4841,#4842,#4843,#4844,#4845,#4846,#4847,#4848));
#2181=AXIS2_PLACEMENT_3D('',#4849,#4850,#4851);
#2182=EDGE_LOOP('',(#4852,#4853,#4854,#4855));
#2183=AXIS2_PLACEMENT_3D('',#4856,#4857,#4858);
#2184=EDGE_LOOP('',(#4859,#4860,#4861,#4862));
#2185=AXIS2_PLACEMENT_3D('',#4863,#4864,#4865);
#2186=EDGE_LOOP('',(#4866,#4867,#4868,#4869));
#2187=AXIS2_PLACEMENT_3D('',#4870,#4871,#4872);
#2188=EDGE_LOOP('',(#4873,#4874,#4875,#4876));
#2189=AXIS2_PLACEMENT_3D('',#4877,#4878,#4879);
#2190=EDGE_LOOP('',(#4880,#4881,#4882,#4883));
#2191=AXIS2_PLACEMENT_3D('',#4884,#4885,#4886);
#2192=EDGE_LOOP('',(#4887,#4888,#4889,#4890));
#2193=AXIS2_PLACEMENT_3D('',#4891,#4892,#4893);
#2194=EDGE_LOOP('',(#4894,#4895,#4896,#4897));
#2195=AXIS2_PLACEMENT_3D('',#4898,#4899,#4900);
#2196=EDGE_LOOP('',(#4901,#4902,#4903,#4904));
#2197=AXIS2_PLACEMENT_3D('',#4905,#4906,#4907);
#2198=EDGE_LOOP('',(#4908,#4909,#4910,#4911));
#2199=AXIS2_PLACEMENT_3D('',#4912,#4913,#4914);
#2200=EDGE_LOOP('',(#4915,#4916,#4917,#4918));
#2201=AXIS2_PLACEMENT_3D('',#4919,#4920,#4921);
#2202=FILL_AREA_STYLE('',(#4922));
#2203=EDGE_LOOP('',(#4923,#4924,#4925,#4926));
#2204=AXIS2_PLACEMENT_3D('',#4927,#4928,#4929);
#2205=EDGE_LOOP('',(#4930,#4931,#4932,#4933));
#2206=AXIS2_PLACEMENT_3D('',#4934,#4935,#4936);
#2207=EDGE_LOOP('',(#4937,#4938,#4939,#4940));
#2208=AXIS2_PLACEMENT_3D('',#4941,#4942,#4943);
#2209=EDGE_LOOP('',(#4944,#4945,#4946,#4947));
#2210=AXIS2_PLACEMENT_3D('',#4948,#4949,#4950);
#2211=EDGE_LOOP('',(#4951,#4952,#4953,#4954));
#2212=AXIS2_PLACEMENT_3D('',#4955,#4956,#4957);
#2213=EDGE_LOOP('',(#4958,#4959,#4960,#4961,#4962,#4963,#4964,#4965));
#2214=AXIS2_PLACEMENT_3D('',#4966,#4967,#4968);
#2215=EDGE_LOOP('',(#4969,#4970,#4971,#4972));
#2216=AXIS2_PLACEMENT_3D('',#4973,#4974,#4975);
#2217=EDGE_LOOP('',(#4976,#4977,#4978,#4979,#4980,#4981,#4982,#4983));
#2218=AXIS2_PLACEMENT_3D('',#4984,#4985,#4986);
#2219=EDGE_LOOP('',(#4987,#4988,#4989,#4990));
#2220=AXIS2_PLACEMENT_3D('',#4991,#4992,#4993);
#2221=EDGE_LOOP('',(#4994,#4995,#4996,#4997));
#2222=AXIS2_PLACEMENT_3D('',#4998,#4999,#5000);
#2223=EDGE_LOOP('',(#5001,#5002,#5003,#5004));
#2224=AXIS2_PLACEMENT_3D('',#5005,#5006,#5007);
#2225=EDGE_LOOP('',(#5008,#5009,#5010,#5011));
#2226=AXIS2_PLACEMENT_3D('',#5012,#5013,#5014);
#2227=EDGE_LOOP('',(#5015,#5016,#5017,#5018));
#2228=AXIS2_PLACEMENT_3D('',#5019,#5020,#5021);
#2229=EDGE_LOOP('',(#5022,#5023,#5024,#5025));
#2230=AXIS2_PLACEMENT_3D('',#5026,#5027,#5028);
#2231=EDGE_LOOP('',(#5029,#5030,#5031,#5032));
#2232=AXIS2_PLACEMENT_3D('',#5033,#5034,#5035);
#2233=EDGE_LOOP('',(#5036,#5037,#5038,#5039));
#2234=AXIS2_PLACEMENT_3D('',#5040,#5041,#5042);
#2235=EDGE_LOOP('',(#5043,#5044,#5045,#5046));
#2236=AXIS2_PLACEMENT_3D('',#5047,#5048,#5049);
#2237=EDGE_LOOP('',(#5050,#5051,#5052,#5053));
#2238=AXIS2_PLACEMENT_3D('',#5054,#5055,#5056);
#2239=FILL_AREA_STYLE('',(#5057));
#2240=EDGE_LOOP('',(#5058,#5059,#5060,#5061));
#2241=AXIS2_PLACEMENT_3D('',#5062,#5063,#5064);
#2242=EDGE_LOOP('',(#5065,#5066,#5067,#5068));
#2243=AXIS2_PLACEMENT_3D('',#5069,#5070,#5071);
#2244=EDGE_LOOP('',(#5072,#5073,#5074,#5075));
#2245=AXIS2_PLACEMENT_3D('',#5076,#5077,#5078);
#2246=EDGE_LOOP('',(#5079,#5080,#5081,#5082));
#2247=AXIS2_PLACEMENT_3D('',#5083,#5084,#5085);
#2248=EDGE_LOOP('',(#5086,#5087,#5088,#5089));
#2249=AXIS2_PLACEMENT_3D('',#5090,#5091,#5092);
#2250=EDGE_LOOP('',(#5093,#5094,#5095,#5096,#5097,#5098,#5099,#5100));
#2251=AXIS2_PLACEMENT_3D('',#5101,#5102,#5103);
#2252=EDGE_LOOP('',(#5104,#5105,#5106,#5107));
#2253=AXIS2_PLACEMENT_3D('',#5108,#5109,#5110);
#2254=EDGE_LOOP('',(#5111,#5112,#5113,#5114,#5115,#5116,#5117,#5118));
#2255=AXIS2_PLACEMENT_3D('',#5119,#5120,#5121);
#2256=EDGE_LOOP('',(#5122,#5123,#5124,#5125));
#2257=AXIS2_PLACEMENT_3D('',#5126,#5127,#5128);
#2258=EDGE_LOOP('',(#5129,#5130,#5131,#5132));
#2259=AXIS2_PLACEMENT_3D('',#5133,#5134,#5135);
#2260=EDGE_LOOP('',(#5136,#5137,#5138,#5139));
#2261=AXIS2_PLACEMENT_3D('',#5140,#5141,#5142);
#2262=EDGE_LOOP('',(#5143,#5144,#5145,#5146));
#2263=AXIS2_PLACEMENT_3D('',#5147,#5148,#5149);
#2264=EDGE_LOOP('',(#5150,#5151,#5152,#5153));
#2265=AXIS2_PLACEMENT_3D('',#5154,#5155,#5156);
#2266=EDGE_LOOP('',(#5157,#5158,#5159,#5160));
#2267=AXIS2_PLACEMENT_3D('',#5161,#5162,#5163);
#2268=EDGE_LOOP('',(#5164,#5165,#5166,#5167));
#2269=AXIS2_PLACEMENT_3D('',#5168,#5169,#5170);
#2270=EDGE_LOOP('',(#5171,#5172,#5173,#5174));
#2271=AXIS2_PLACEMENT_3D('',#5175,#5176,#5177);
#2272=EDGE_LOOP('',(#5178,#5179,#5180,#5181));
#2273=AXIS2_PLACEMENT_3D('',#5182,#5183,#5184);
#2274=EDGE_LOOP('',(#5185,#5186,#5187,#5188));
#2275=AXIS2_PLACEMENT_3D('',#5189,#5190,#5191);
#2276=FILL_AREA_STYLE('',(#5192));
#2277=EDGE_LOOP('',(#5193,#5194,#5195,#5196));
#2278=AXIS2_PLACEMENT_3D('',#5197,#5198,#5199);
#2279=EDGE_LOOP('',(#5200,#5201,#5202,#5203));
#2280=AXIS2_PLACEMENT_3D('',#5204,#5205,#5206);
#2281=EDGE_LOOP('',(#5207,#5208,#5209,#5210));
#2282=AXIS2_PLACEMENT_3D('',#5211,#5212,#5213);
#2283=EDGE_LOOP('',(#5214,#5215,#5216,#5217));
#2284=AXIS2_PLACEMENT_3D('',#5218,#5219,#5220);
#2285=EDGE_LOOP('',(#5221,#5222,#5223,#5224));
#2286=AXIS2_PLACEMENT_3D('',#5225,#5226,#5227);
#2287=EDGE_LOOP('',(#5228,#5229,#5230,#5231,#5232,#5233,#5234,#5235));
#2288=AXIS2_PLACEMENT_3D('',#5236,#5237,#5238);
#2289=EDGE_LOOP('',(#5239,#5240,#5241,#5242));
#2290=AXIS2_PLACEMENT_3D('',#5243,#5244,#5245);
#2291=EDGE_LOOP('',(#5246,#5247,#5248,#5249,#5250,#5251,#5252,#5253));
#2292=AXIS2_PLACEMENT_3D('',#5254,#5255,#5256);
#2293=EDGE_LOOP('',(#5257,#5258,#5259,#5260));
#2294=AXIS2_PLACEMENT_3D('',#5261,#5262,#5263);
#2295=EDGE_LOOP('',(#5264,#5265,#5266,#5267));
#2296=AXIS2_PLACEMENT_3D('',#5268,#5269,#5270);
#2297=EDGE_LOOP('',(#5271,#5272,#5273,#5274));
#2298=AXIS2_PLACEMENT_3D('',#5275,#5276,#5277);
#2299=EDGE_LOOP('',(#5278,#5279,#5280,#5281));
#2300=AXIS2_PLACEMENT_3D('',#5282,#5283,#5284);
#2301=EDGE_LOOP('',(#5285,#5286,#5287,#5288));
#2302=AXIS2_PLACEMENT_3D('',#5289,#5290,#5291);
#2303=EDGE_LOOP('',(#5292,#5293,#5294,#5295));
#2304=AXIS2_PLACEMENT_3D('',#5296,#5297,#5298);
#2305=EDGE_LOOP('',(#5299,#5300,#5301,#5302));
#2306=AXIS2_PLACEMENT_3D('',#5303,#5304,#5305);
#2307=EDGE_LOOP('',(#5306,#5307,#5308,#5309));
#2308=AXIS2_PLACEMENT_3D('',#5310,#5311,#5312);
#2309=EDGE_LOOP('',(#5313,#5314,#5315,#5316));
#2310=AXIS2_PLACEMENT_3D('',#5317,#5318,#5319);
#2311=EDGE_LOOP('',(#5320,#5321,#5322,#5323));
#2312=AXIS2_PLACEMENT_3D('',#5324,#5325,#5326);
#2313=FILL_AREA_STYLE('',(#5327));
#2314=EDGE_LOOP('',(#5328,#5329,#5330,#5331));
#2315=AXIS2_PLACEMENT_3D('',#5332,#5333,#5334);
#2316=EDGE_LOOP('',(#5335,#5336,#5337,#5338));
#2317=AXIS2_PLACEMENT_3D('',#5339,#5340,#5341);
#2318=EDGE_LOOP('',(#5342,#5343,#5344,#5345));
#2319=AXIS2_PLACEMENT_3D('',#5346,#5347,#5348);
#2320=EDGE_LOOP('',(#5349,#5350,#5351,#5352));
#2321=AXIS2_PLACEMENT_3D('',#5353,#5354,#5355);
#2322=EDGE_LOOP('',(#5356,#5357,#5358,#5359));
#2323=AXIS2_PLACEMENT_3D('',#5360,#5361,#5362);
#2324=EDGE_LOOP('',(#5363,#5364,#5365,#5366,#5367,#5368,#5369,#5370));
#2325=AXIS2_PLACEMENT_3D('',#5371,#5372,#5373);
#2326=EDGE_LOOP('',(#5374,#5375,#5376,#5377));
#2327=AXIS2_PLACEMENT_3D('',#5378,#5379,#5380);
#2328=EDGE_LOOP('',(#5381,#5382,#5383,#5384,#5385,#5386,#5387,#5388));
#2329=AXIS2_PLACEMENT_3D('',#5389,#5390,#5391);
#2330=EDGE_LOOP('',(#5392,#5393,#5394,#5395));
#2331=AXIS2_PLACEMENT_3D('',#5396,#5397,#5398);
#2332=EDGE_LOOP('',(#5399,#5400,#5401,#5402));
#2333=AXIS2_PLACEMENT_3D('',#5403,#5404,#5405);
#2334=EDGE_LOOP('',(#5406,#5407,#5408,#5409));
#2335=AXIS2_PLACEMENT_3D('',#5410,#5411,#5412);
#2336=EDGE_LOOP('',(#5413,#5414,#5415,#5416));
#2337=AXIS2_PLACEMENT_3D('',#5417,#5418,#5419);
#2338=EDGE_LOOP('',(#5420,#5421,#5422,#5423));
#2339=AXIS2_PLACEMENT_3D('',#5424,#5425,#5426);
#2340=EDGE_LOOP('',(#5427,#5428,#5429,#5430));
#2341=AXIS2_PLACEMENT_3D('',#5431,#5432,#5433);
#2342=EDGE_LOOP('',(#5434,#5435,#5436,#5437));
#2343=AXIS2_PLACEMENT_3D('',#5438,#5439,#5440);
#2344=EDGE_LOOP('',(#5441,#5442,#5443,#5444));
#2345=AXIS2_PLACEMENT_3D('',#5445,#5446,#5447);
#2346=EDGE_LOOP('',(#5448,#5449,#5450,#5451));
#2347=AXIS2_PLACEMENT_3D('',#5452,#5453,#5454);
#2348=EDGE_LOOP('',(#5455,#5456,#5457,#5458));
#2349=AXIS2_PLACEMENT_3D('',#5459,#5460,#5461);
#2350=FILL_AREA_STYLE('',(#5462));
#2351=EDGE_LOOP('',(#5463,#5464,#5465,#5466));
#2352=AXIS2_PLACEMENT_3D('',#5467,#5468,#5469);
#2353=EDGE_LOOP('',(#5470,#5471,#5472,#5473));
#2354=AXIS2_PLACEMENT_3D('',#5474,#5475,#5476);
#2355=EDGE_LOOP('',(#5477,#5478,#5479,#5480));
#2356=AXIS2_PLACEMENT_3D('',#5481,#5482,#5483);
#2357=EDGE_LOOP('',(#5484,#5485,#5486,#5487));
#2358=AXIS2_PLACEMENT_3D('',#5488,#5489,#5490);
#2359=EDGE_LOOP('',(#5491,#5492,#5493,#5494));
#2360=AXIS2_PLACEMENT_3D('',#5495,#5496,#5497);
#2361=EDGE_LOOP('',(#5498,#5499,#5500,#5501,#5502,#5503,#5504,#5505));
#2362=AXIS2_PLACEMENT_3D('',#5506,#5507,#5508);
#2363=EDGE_LOOP('',(#5509,#5510,#5511,#5512));
#2364=AXIS2_PLACEMENT_3D('',#5513,#5514,#5515);
#2365=EDGE_LOOP('',(#5516,#5517,#5518,#5519,#5520,#5521,#5522,#5523));
#2366=AXIS2_PLACEMENT_3D('',#5524,#5525,#5526);
#2367=EDGE_LOOP('',(#5527,#5528,#5529,#5530));
#2368=AXIS2_PLACEMENT_3D('',#5531,#5532,#5533);
#2369=EDGE_LOOP('',(#5534,#5535,#5536,#5537));
#2370=AXIS2_PLACEMENT_3D('',#5538,#5539,#5540);
#2371=EDGE_LOOP('',(#5541,#5542,#5543,#5544));
#2372=AXIS2_PLACEMENT_3D('',#5545,#5546,#5547);
#2373=EDGE_LOOP('',(#5548,#5549,#5550,#5551));
#2374=AXIS2_PLACEMENT_3D('',#5552,#5553,#5554);
#2375=EDGE_LOOP('',(#5555,#5556,#5557,#5558));
#2376=AXIS2_PLACEMENT_3D('',#5559,#5560,#5561);
#2377=EDGE_LOOP('',(#5562,#5563,#5564,#5565));
#2378=AXIS2_PLACEMENT_3D('',#5566,#5567,#5568);
#2379=EDGE_LOOP('',(#5569,#5570,#5571,#5572));
#2380=AXIS2_PLACEMENT_3D('',#5573,#5574,#5575);
#2381=EDGE_LOOP('',(#5576,#5577,#5578,#5579));
#2382=AXIS2_PLACEMENT_3D('',#5580,#5581,#5582);
#2383=EDGE_LOOP('',(#5583,#5584,#5585,#5586));
#2384=AXIS2_PLACEMENT_3D('',#5587,#5588,#5589);
#2385=EDGE_LOOP('',(#5590,#5591,#5592,#5593));
#2386=AXIS2_PLACEMENT_3D('',#5594,#5595,#5596);
#2387=FILL_AREA_STYLE('',(#5597));
#2388=EDGE_LOOP('',(#5598,#5599,#5600,#5601));
#2389=AXIS2_PLACEMENT_3D('',#5602,#5603,#5604);
#2390=EDGE_LOOP('',(#5605,#5606,#5607,#5608));
#2391=AXIS2_PLACEMENT_3D('',#5609,#5610,#5611);
#2392=EDGE_LOOP('',(#5612,#5613,#5614,#5615));
#2393=AXIS2_PLACEMENT_3D('',#5616,#5617,#5618);
#2394=EDGE_LOOP('',(#5619,#5620,#5621,#5622));
#2395=AXIS2_PLACEMENT_3D('',#5623,#5624,#5625);
#2396=EDGE_LOOP('',(#5626,#5627,#5628,#5629));
#2397=AXIS2_PLACEMENT_3D('',#5630,#5631,#5632);
#2398=EDGE_LOOP('',(#5633,#5634,#5635,#5636,#5637,#5638,#5639,#5640));
#2399=AXIS2_PLACEMENT_3D('',#5641,#5642,#5643);
#2400=EDGE_LOOP('',(#5644,#5645,#5646,#5647));
#2401=AXIS2_PLACEMENT_3D('',#5648,#5649,#5650);
#2402=EDGE_LOOP('',(#5651,#5652,#5653,#5654,#5655,#5656,#5657,#5658));
#2403=AXIS2_PLACEMENT_3D('',#5659,#5660,#5661);
#2404=EDGE_LOOP('',(#5662,#5663,#5664,#5665));
#2405=AXIS2_PLACEMENT_3D('',#5666,#5667,#5668);
#2406=EDGE_LOOP('',(#5669,#5670,#5671,#5672));
#2407=AXIS2_PLACEMENT_3D('',#5673,#5674,#5675);
#2408=EDGE_LOOP('',(#5676,#5677,#5678,#5679));
#2409=AXIS2_PLACEMENT_3D('',#5680,#5681,#5682);
#2410=EDGE_LOOP('',(#5683,#5684,#5685,#5686));
#2411=AXIS2_PLACEMENT_3D('',#5687,#5688,#5689);
#2412=EDGE_LOOP('',(#5690,#5691,#5692,#5693));
#2413=AXIS2_PLACEMENT_3D('',#5694,#5695,#5696);
#2414=EDGE_LOOP('',(#5697,#5698,#5699,#5700));
#2415=AXIS2_PLACEMENT_3D('',#5701,#5702,#5703);
#2416=EDGE_LOOP('',(#5704,#5705,#5706,#5707));
#2417=AXIS2_PLACEMENT_3D('',#5708,#5709,#5710);
#2418=EDGE_LOOP('',(#5711,#5712,#5713,#5714));
#2419=AXIS2_PLACEMENT_3D('',#5715,#5716,#5717);
#2420=EDGE_LOOP('',(#5718,#5719,#5720,#5721));
#2421=AXIS2_PLACEMENT_3D('',#5722,#5723,#5724);
#2422=EDGE_LOOP('',(#5725,#5726,#5727,#5728));
#2423=AXIS2_PLACEMENT_3D('',#5729,#5730,#5731);
#2424=FILL_AREA_STYLE('',(#5732));
#2425=EDGE_LOOP('',(#5733,#5734,#5735,#5736));
#2426=AXIS2_PLACEMENT_3D('',#5737,#5738,#5739);
#2427=EDGE_LOOP('',(#5740,#5741,#5742,#5743));
#2428=AXIS2_PLACEMENT_3D('',#5744,#5745,#5746);
#2429=EDGE_LOOP('',(#5747,#5748,#5749,#5750));
#2430=AXIS2_PLACEMENT_3D('',#5751,#5752,#5753);
#2431=EDGE_LOOP('',(#5754,#5755,#5756,#5757));
#2432=AXIS2_PLACEMENT_3D('',#5758,#5759,#5760);
#2433=EDGE_LOOP('',(#5761,#5762,#5763,#5764));
#2434=AXIS2_PLACEMENT_3D('',#5765,#5766,#5767);
#2435=EDGE_LOOP('',(#5768,#5769,#5770,#5771,#5772,#5773,#5774,#5775));
#2436=AXIS2_PLACEMENT_3D('',#5776,#5777,#5778);
#2437=EDGE_LOOP('',(#5779,#5780,#5781,#5782));
#2438=AXIS2_PLACEMENT_3D('',#5783,#5784,#5785);
#2439=EDGE_LOOP('',(#5786,#5787,#5788,#5789,#5790,#5791,#5792,#5793));
#2440=AXIS2_PLACEMENT_3D('',#5794,#5795,#5796);
#2441=EDGE_LOOP('',(#5797,#5798,#5799,#5800));
#2442=AXIS2_PLACEMENT_3D('',#5801,#5802,#5803);
#2443=EDGE_LOOP('',(#5804,#5805,#5806,#5807));
#2444=AXIS2_PLACEMENT_3D('',#5808,#5809,#5810);
#2445=EDGE_LOOP('',(#5811,#5812,#5813,#5814));
#2446=AXIS2_PLACEMENT_3D('',#5815,#5816,#5817);
#2447=EDGE_LOOP('',(#5818,#5819,#5820,#5821));
#2448=AXIS2_PLACEMENT_3D('',#5822,#5823,#5824);
#2449=EDGE_LOOP('',(#5825,#5826,#5827,#5828));
#2450=AXIS2_PLACEMENT_3D('',#5829,#5830,#5831);
#2451=EDGE_LOOP('',(#5832,#5833,#5834,#5835));
#2452=AXIS2_PLACEMENT_3D('',#5836,#5837,#5838);
#2453=EDGE_LOOP('',(#5839,#5840,#5841,#5842));
#2454=AXIS2_PLACEMENT_3D('',#5843,#5844,#5845);
#2455=EDGE_LOOP('',(#5846,#5847,#5848,#5849));
#2456=AXIS2_PLACEMENT_3D('',#5850,#5851,#5852);
#2457=EDGE_LOOP('',(#5853,#5854,#5855,#5856));
#2458=AXIS2_PLACEMENT_3D('',#5857,#5858,#5859);
#2459=EDGE_LOOP('',(#5860,#5861,#5862,#5863));
#2460=AXIS2_PLACEMENT_3D('',#5864,#5865,#5866);
#2461=FILL_AREA_STYLE('',(#5867));
#2462=EDGE_LOOP('',(#5868,#5869,#5870,#5871));
#2463=AXIS2_PLACEMENT_3D('',#5872,#5873,#5874);
#2464=EDGE_LOOP('',(#5875,#5876,#5877,#5878));
#2465=AXIS2_PLACEMENT_3D('',#5879,#5880,#5881);
#2466=EDGE_LOOP('',(#5882,#5883,#5884,#5885));
#2467=AXIS2_PLACEMENT_3D('',#5886,#5887,#5888);
#2468=EDGE_LOOP('',(#5889,#5890,#5891,#5892));
#2469=AXIS2_PLACEMENT_3D('',#5893,#5894,#5895);
#2470=EDGE_LOOP('',(#5896,#5897,#5898,#5899));
#2471=AXIS2_PLACEMENT_3D('',#5900,#5901,#5902);
#2472=EDGE_LOOP('',(#5903,#5904,#5905,#5906,#5907,#5908,#5909,#5910));
#2473=AXIS2_PLACEMENT_3D('',#5911,#5912,#5913);
#2474=EDGE_LOOP('',(#5914,#5915,#5916,#5917));
#2475=AXIS2_PLACEMENT_3D('',#5918,#5919,#5920);
#2476=EDGE_LOOP('',(#5921,#5922,#5923,#5924,#5925,#5926,#5927,#5928));
#2477=AXIS2_PLACEMENT_3D('',#5929,#5930,#5931);
#2478=EDGE_LOOP('',(#5932,#5933,#5934,#5935));
#2479=AXIS2_PLACEMENT_3D('',#5936,#5937,#5938);
#2480=EDGE_LOOP('',(#5939,#5940,#5941,#5942));
#2481=AXIS2_PLACEMENT_3D('',#5943,#5944,#5945);
#2482=EDGE_LOOP('',(#5946,#5947,#5948,#5949));
#2483=AXIS2_PLACEMENT_3D('',#5950,#5951,#5952);
#2484=EDGE_LOOP('',(#5953,#5954,#5955,#5956));
#2485=AXIS2_PLACEMENT_3D('',#5957,#5958,#5959);
#2486=EDGE_LOOP('',(#5960,#5961,#5962,#5963));
#2487=AXIS2_PLACEMENT_3D('',#5964,#5965,#5966);
#2488=EDGE_LOOP('',(#5967,#5968,#5969,#5970));
#2489=AXIS2_PLACEMENT_3D('',#5971,#5972,#5973);
#2490=EDGE_LOOP('',(#5974,#5975,#5976,#5977));
#2491=AXIS2_PLACEMENT_3D('',#5978,#5979,#5980);
#2492=EDGE_LOOP('',(#5981,#5982,#5983,#5984));
#2493=AXIS2_PLACEMENT_3D('',#5985,#5986,#5987);
#2494=EDGE_LOOP('',(#5988,#5989,#5990,#5991));
#2495=AXIS2_PLACEMENT_3D('',#5992,#5993,#5994);
#2496=EDGE_LOOP('',(#5995,#5996,#5997,#5998));
#2497=AXIS2_PLACEMENT_3D('',#5999,#6000,#6001);
#2498=FILL_AREA_STYLE('',(#6002));
#2499=EDGE_LOOP('',(#6003,#6004,#6005,#6006));
#2500=AXIS2_PLACEMENT_3D('',#6007,#6008,#6009);
#2501=EDGE_LOOP('',(#6010,#6011,#6012,#6013));
#2502=AXIS2_PLACEMENT_3D('',#6014,#6015,#6016);
#2503=EDGE_LOOP('',(#6017,#6018,#6019,#6020));
#2504=AXIS2_PLACEMENT_3D('',#6021,#6022,#6023);
#2505=EDGE_LOOP('',(#6024,#6025,#6026,#6027));
#2506=AXIS2_PLACEMENT_3D('',#6028,#6029,#6030);
#2507=EDGE_LOOP('',(#6031,#6032,#6033,#6034));
#2508=AXIS2_PLACEMENT_3D('',#6035,#6036,#6037);
#2509=EDGE_LOOP('',(#6038,#6039,#6040,#6041,#6042,#6043,#6044,#6045));
#2510=AXIS2_PLACEMENT_3D('',#6046,#6047,#6048);
#2511=EDGE_LOOP('',(#6049,#6050,#6051,#6052));
#2512=AXIS2_PLACEMENT_3D('',#6053,#6054,#6055);
#2513=EDGE_LOOP('',(#6056,#6057,#6058,#6059,#6060,#6061,#6062,#6063));
#2514=AXIS2_PLACEMENT_3D('',#6064,#6065,#6066);
#2515=EDGE_LOOP('',(#6067,#6068,#6069,#6070));
#2516=AXIS2_PLACEMENT_3D('',#6071,#6072,#6073);
#2517=EDGE_LOOP('',(#6074,#6075,#6076,#6077));
#2518=AXIS2_PLACEMENT_3D('',#6078,#6079,#6080);
#2519=EDGE_LOOP('',(#6081,#6082,#6083,#6084));
#2520=AXIS2_PLACEMENT_3D('',#6085,#6086,#6087);
#2521=EDGE_LOOP('',(#6088,#6089,#6090,#6091));
#2522=AXIS2_PLACEMENT_3D('',#6092,#6093,#6094);
#2523=EDGE_LOOP('',(#6095,#6096,#6097,#6098));
#2524=AXIS2_PLACEMENT_3D('',#6099,#6100,#6101);
#2525=EDGE_LOOP('',(#6102,#6103,#6104,#6105));
#2526=AXIS2_PLACEMENT_3D('',#6106,#6107,#6108);
#2527=EDGE_LOOP('',(#6109,#6110,#6111,#6112));
#2528=AXIS2_PLACEMENT_3D('',#6113,#6114,#6115);
#2529=EDGE_LOOP('',(#6116,#6117,#6118,#6119));
#2530=AXIS2_PLACEMENT_3D('',#6120,#6121,#6122);
#2531=EDGE_LOOP('',(#6123,#6124,#6125,#6126));
#2532=AXIS2_PLACEMENT_3D('',#6127,#6128,#6129);
#2533=EDGE_LOOP('',(#6130,#6131,#6132,#6133));
#2534=AXIS2_PLACEMENT_3D('',#6134,#6135,#6136);
#2535=FILL_AREA_STYLE('',(#6137));
#2536=EDGE_LOOP('',(#6138,#6139,#6140,#6141));
#2537=AXIS2_PLACEMENT_3D('',#6142,#6143,#6144);
#2538=EDGE_LOOP('',(#6145,#6146,#6147,#6148));
#2539=AXIS2_PLACEMENT_3D('',#6149,#6150,#6151);
#2540=EDGE_LOOP('',(#6152,#6153,#6154,#6155));
#2541=AXIS2_PLACEMENT_3D('',#6156,#6157,#6158);
#2542=EDGE_LOOP('',(#6159,#6160,#6161,#6162));
#2543=AXIS2_PLACEMENT_3D('',#6163,#6164,#6165);
#2544=EDGE_LOOP('',(#6166,#6167,#6168,#6169));
#2545=AXIS2_PLACEMENT_3D('',#6170,#6171,#6172);
#2546=EDGE_LOOP('',(#6173,#6174,#6175,#6176,#6177,#6178,#6179,#6180));
#2547=AXIS2_PLACEMENT_3D('',#6181,#6182,#6183);
#2548=EDGE_LOOP('',(#6184,#6185,#6186,#6187));
#2549=AXIS2_PLACEMENT_3D('',#6188,#6189,#6190);
#2550=EDGE_LOOP('',(#6191,#6192,#6193,#6194,#6195,#6196,#6197,#6198));
#2551=AXIS2_PLACEMENT_3D('',#6199,#6200,#6201);
#2552=EDGE_LOOP('',(#6202,#6203,#6204,#6205));
#2553=AXIS2_PLACEMENT_3D('',#6206,#6207,#6208);
#2554=EDGE_LOOP('',(#6209,#6210,#6211,#6212));
#2555=AXIS2_PLACEMENT_3D('',#6213,#6214,#6215);
#2556=EDGE_LOOP('',(#6216,#6217,#6218,#6219));
#2557=AXIS2_PLACEMENT_3D('',#6220,#6221,#6222);
#2558=EDGE_LOOP('',(#6223,#6224,#6225,#6226));
#2559=AXIS2_PLACEMENT_3D('',#6227,#6228,#6229);
#2560=EDGE_LOOP('',(#6230,#6231,#6232,#6233));
#2561=AXIS2_PLACEMENT_3D('',#6234,#6235,#6236);
#2562=EDGE_LOOP('',(#6237,#6238,#6239,#6240));
#2563=AXIS2_PLACEMENT_3D('',#6241,#6242,#6243);
#2564=EDGE_LOOP('',(#6244,#6245,#6246,#6247));
#2565=AXIS2_PLACEMENT_3D('',#6248,#6249,#6250);
#2566=EDGE_LOOP('',(#6251,#6252,#6253,#6254));
#2567=AXIS2_PLACEMENT_3D('',#6255,#6256,#6257);
#2568=EDGE_LOOP('',(#6258,#6259,#6260,#6261));
#2569=AXIS2_PLACEMENT_3D('',#6262,#6263,#6264);
#2570=EDGE_LOOP('',(#6265,#6266,#6267,#6268));
#2571=AXIS2_PLACEMENT_3D('',#6269,#6270,#6271);
#2572=FILL_AREA_STYLE_COLOUR('',#6272);
#2573=ORIENTED_EDGE('',*,*,#6273,.F.);
#2574=ORIENTED_EDGE('',*,*,#6274,.T.);
#2575=ORIENTED_EDGE('',*,*,#6275,.F.);
#2576=ORIENTED_EDGE('',*,*,#6276,.T.);
#2577=ORIENTED_EDGE('',*,*,#6277,.F.);
#2578=ORIENTED_EDGE('',*,*,#6278,.T.);
#2579=ORIENTED_EDGE('',*,*,#6279,.F.);
#2580=ORIENTED_EDGE('',*,*,#6280,.T.);
#2581=ORIENTED_EDGE('',*,*,#6281,.F.);
#2582=ORIENTED_EDGE('',*,*,#6282,.F.);
#2583=ORIENTED_EDGE('',*,*,#6283,.F.);
#2584=ORIENTED_EDGE('',*,*,#6284,.F.);
#2585=CARTESIAN_POINT('',(0.0,0.0,0.0));
#2586=DIRECTION('',(0.0,-1.0,0.0));
#2587=DIRECTION('',(0.0,0.0,-1.0));
#2588=ORIENTED_EDGE('',*,*,#6285,.T.);
#2589=ORIENTED_EDGE('',*,*,#6286,.F.);
#2590=ORIENTED_EDGE('',*,*,#6273,.T.);
#2591=ORIENTED_EDGE('',*,*,#6287,.T.);
#2592=CARTESIAN_POINT('',(3.56,0.0,-1.02));
#2593=DIRECTION('',(0.707106781186548,0.707106781186548,0.0));
#2594=DIRECTION('',(0.0,0.0,-1.0));
#2595=ORIENTED_EDGE('',*,*,#6288,.T.);
#2596=ORIENTED_EDGE('',*,*,#6289,.T.);
#2597=ORIENTED_EDGE('',*,*,#6285,.F.);
#2598=ORIENTED_EDGE('',*,*,#6290,.F.);
#2599=CARTESIAN_POINT('',(4.06,0.0,1.02));
#2600=DIRECTION('',(-0.707106781186548,0.707106781186548,0.0));
#2601=DIRECTION('',(0.0,0.0,1.0));
#2602=ORIENTED_EDGE('',*,*,#6291,.F.);
#2603=ORIENTED_EDGE('',*,*,#6292,.T.);
#2604=ORIENTED_EDGE('',*,*,#6293,.F.);
#2605=ORIENTED_EDGE('',*,*,#6294,.T.);
#2606=ORIENTED_EDGE('',*,*,#6288,.F.);
#2607=ORIENTED_EDGE('',*,*,#6295,.T.);
#2608=ORIENTED_EDGE('',*,*,#6296,.F.);
#2609=ORIENTED_EDGE('',*,*,#6297,.T.);
#2610=ORIENTED_EDGE('',*,*,#6298,.F.);
#2611=ORIENTED_EDGE('',*,*,#6299,.F.);
#2612=ORIENTED_EDGE('',*,*,#6300,.F.);
#2613=ORIENTED_EDGE('',*,*,#6301,.F.);
#2614=CARTESIAN_POINT('',(0.0,0.0,0.0));
#2615=DIRECTION('',(0.0,-1.0,0.0));
#2616=DIRECTION('',(0.0,0.0,-1.0));
#2617=ORIENTED_EDGE('',*,*,#6302,.T.);
#2618=ORIENTED_EDGE('',*,*,#6303,.F.);
#2619=ORIENTED_EDGE('',*,*,#6291,.T.);
#2620=ORIENTED_EDGE('',*,*,#6304,.T.);
#2621=CARTESIAN_POINT('',(6.1,0.0,-1.02));
#2622=DIRECTION('',(0.707106781186548,0.707106781186548,0.0));
#2623=DIRECTION('',(0.0,0.0,-1.0));
#2624=ORIENTED_EDGE('',*,*,#6305,.T.);
#2625=ORIENTED_EDGE('',*,*,#6306,.T.);
#2626=ORIENTED_EDGE('',*,*,#6302,.F.);
#2627=ORIENTED_EDGE('',*,*,#6307,.F.);
#2628=CARTESIAN_POINT('',(6.6,0.0,1.02));
#2629=DIRECTION('',(-0.707106781186548,0.707106781186548,0.0));
#2630=DIRECTION('',(0.0,0.0,1.0));
#2631=ORIENTED_EDGE('',*,*,#6308,.F.);
#2632=ORIENTED_EDGE('',*,*,#6309,.T.);
#2633=ORIENTED_EDGE('',*,*,#6310,.F.);
#2634=ORIENTED_EDGE('',*,*,#6311,.T.);
#2635=ORIENTED_EDGE('',*,*,#6305,.F.);
#2636=ORIENTED_EDGE('',*,*,#6312,.T.);
#2637=ORIENTED_EDGE('',*,*,#6313,.F.);
#2638=ORIENTED_EDGE('',*,*,#6314,.T.);
#2639=ORIENTED_EDGE('',*,*,#6315,.F.);
#2640=ORIENTED_EDGE('',*,*,#6316,.F.);
#2641=ORIENTED_EDGE('',*,*,#6317,.F.);
#2642=ORIENTED_EDGE('',*,*,#6318,.F.);
#2643=CARTESIAN_POINT('',(0.0,0.0,0.0));
#2644=DIRECTION('',(0.0,-1.0,0.0));
#2645=DIRECTION('',(0.0,0.0,-1.0));
#2646=ORIENTED_EDGE('',*,*,#6319,.T.);
#2647=ORIENTED_EDGE('',*,*,#6320,.F.);
#2648=ORIENTED_EDGE('',*,*,#6308,.T.);
#2649=ORIENTED_EDGE('',*,*,#6321,.T.);
#2650=CARTESIAN_POINT('',(8.64,0.0,-1.02));
#2651=DIRECTION('',(0.707106781186548,0.707106781186548,0.0));
#2652=DIRECTION('',(0.0,0.0,-1.0));
#2653=ORIENTED_EDGE('',*,*,#6322,.T.);
#2654=ORIENTED_EDGE('',*,*,#6323,.T.);
#2655=ORIENTED_EDGE('',*,*,#6319,.F.);
#2656=ORIENTED_EDGE('',*,*,#6324,.F.);
#2657=CARTESIAN_POINT('',(9.14,0.0,1.02));
#2658=DIRECTION('',(-0.707106781186548,0.707106781186548,0.0));
#2659=DIRECTION('',(0.0,0.0,1.0));
#2660=ORIENTED_EDGE('',*,*,#6325,.F.);
#2661=ORIENTED_EDGE('',*,*,#6326,.T.);
#2662=ORIENTED_EDGE('',*,*,#6327,.F.);
#2663=ORIENTED_EDGE('',*,*,#6328,.T.);
#2664=ORIENTED_EDGE('',*,*,#6322,.F.);
#2665=ORIENTED_EDGE('',*,*,#6329,.T.);
#2666=ORIENTED_EDGE('',*,*,#6330,.F.);
#2667=ORIENTED_EDGE('',*,*,#6331,.T.);
#2668=ORIENTED_EDGE('',*,*,#6332,.F.);
#2669=ORIENTED_EDGE('',*,*,#6333,.F.);
#2670=ORIENTED_EDGE('',*,*,#6334,.F.);
#2671=ORIENTED_EDGE('',*,*,#6335,.F.);
#2672=CARTESIAN_POINT('',(0.0,0.0,0.0));
#2673=DIRECTION('',(0.0,-1.0,0.0));
#2674=DIRECTION('',(0.0,0.0,-1.0));
#2675=ORIENTED_EDGE('',*,*,#6336,.T.);
#2676=ORIENTED_EDGE('',*,*,#6337,.F.);
#2677=ORIENTED_EDGE('',*,*,#6325,.T.);
#2678=ORIENTED_EDGE('',*,*,#6338,.T.);
#2679=CARTESIAN_POINT('',(11.18,0.0,-1.02));
#2680=DIRECTION('',(0.707106781186548,0.707106781186548,0.0));
#2681=DIRECTION('',(0.0,0.0,-1.0));
#2682=ORIENTED_EDGE('',*,*,#6339,.T.);
#2683=ORIENTED_EDGE('',*,*,#6340,.T.);
#2684=ORIENTED_EDGE('',*,*,#6336,.F.);
#2685=ORIENTED_EDGE('',*,*,#6341,.F.);
#2686=CARTESIAN_POINT('',(11.68,0.0,1.02));
#2687=DIRECTION('',(-0.707106781186548,0.707106781186548,0.0));
#2688=DIRECTION('',(0.0,0.0,1.0));
#2689=ORIENTED_EDGE('',*,*,#6342,.F.);
#2690=ORIENTED_EDGE('',*,*,#6343,.T.);
#2691=ORIENTED_EDGE('',*,*,#6344,.F.);
#2692=ORIENTED_EDGE('',*,*,#6345,.T.);
#2693=ORIENTED_EDGE('',*,*,#6339,.F.);
#2694=ORIENTED_EDGE('',*,*,#6346,.T.);
#2695=ORIENTED_EDGE('',*,*,#6347,.F.);
#2696=ORIENTED_EDGE('',*,*,#6348,.T.);
#2697=ORIENTED_EDGE('',*,*,#6349,.F.);
#2698=ORIENTED_EDGE('',*,*,#6350,.F.);
#2699=ORIENTED_EDGE('',*,*,#6351,.F.);
#2700=ORIENTED_EDGE('',*,*,#6352,.F.);
#2701=CARTESIAN_POINT('',(0.0,0.0,0.0));
#2702=DIRECTION('',(0.0,-1.0,0.0));
#2703=DIRECTION('',(0.0,0.0,-1.0));
#2704=ORIENTED_EDGE('',*,*,#6353,.T.);
#2705=ORIENTED_EDGE('',*,*,#6354,.F.);
#2706=ORIENTED_EDGE('',*,*,#6342,.T.);
#2707=ORIENTED_EDGE('',*,*,#6355,.T.);
#2708=CARTESIAN_POINT('',(13.72,0.0,-1.02));
#2709=DIRECTION('',(0.707106781186548,0.707106781186548,0.0));
#2710=DIRECTION('',(0.0,0.0,-1.0));
#2711=ORIENTED_EDGE('',*,*,#6356,.T.);
#2712=ORIENTED_EDGE('',*,*,#6357,.T.);
#2713=ORIENTED_EDGE('',*,*,#6353,.F.);
#2714=ORIENTED_EDGE('',*,*,#6358,.F.);
#2715=CARTESIAN_POINT('',(14.22,0.0,1.02));
#2716=DIRECTION('',(-0.707106781186548,0.707106781186548,0.0));
#2717=DIRECTION('',(0.0,0.0,1.0));
#2718=ORIENTED_EDGE('',*,*,#6359,.F.);
#2719=ORIENTED_EDGE('',*,*,#6360,.T.);
#2720=ORIENTED_EDGE('',*,*,#6361,.F.);
#2721=ORIENTED_EDGE('',*,*,#6362,.T.);
#2722=ORIENTED_EDGE('',*,*,#6356,.F.);
#2723=ORIENTED_EDGE('',*,*,#6363,.T.);
#2724=ORIENTED_EDGE('',*,*,#6364,.F.);
#2725=ORIENTED_EDGE('',*,*,#6365,.T.);
#2726=ORIENTED_EDGE('',*,*,#6366,.F.);
#2727=ORIENTED_EDGE('',*,*,#6367,.F.);
#2728=ORIENTED_EDGE('',*,*,#6368,.F.);
#2729=ORIENTED_EDGE('',*,*,#6369,.F.);
#2730=CARTESIAN_POINT('',(0.0,0.0,0.0));
#2731=DIRECTION('',(0.0,-1.0,0.0));
#2732=DIRECTION('',(0.0,0.0,-1.0));
#2733=ORIENTED_EDGE('',*,*,#6370,.T.);
#2734=ORIENTED_EDGE('',*,*,#6371,.F.);
#2735=ORIENTED_EDGE('',*,*,#6359,.T.);
#2736=ORIENTED_EDGE('',*,*,#6372,.T.);
#2737=CARTESIAN_POINT('',(16.26,0.0,-1.02));
#2738=DIRECTION('',(0.707106781186548,0.707106781186548,0.0));
#2739=DIRECTION('',(0.0,0.0,-1.0));
#2740=ORIENTED_EDGE('',*,*,#6373,.T.);
#2741=ORIENTED_EDGE('',*,*,#6374,.T.);
#2742=ORIENTED_EDGE('',*,*,#6370,.F.);
#2743=ORIENTED_EDGE('',*,*,#6375,.F.);
#2744=CARTESIAN_POINT('',(16.76,0.0,1.02));
#2745=DIRECTION('',(-0.707106781186548,0.707106781186548,0.0));
#2746=DIRECTION('',(0.0,0.0,1.0));
#2747=ORIENTED_EDGE('',*,*,#6376,.F.);
#2748=ORIENTED_EDGE('',*,*,#6377,.T.);
#2749=ORIENTED_EDGE('',*,*,#6378,.F.);
#2750=ORIENTED_EDGE('',*,*,#6379,.T.);
#2751=ORIENTED_EDGE('',*,*,#6373,.F.);
#2752=ORIENTED_EDGE('',*,*,#6380,.T.);
#2753=ORIENTED_EDGE('',*,*,#6381,.F.);
#2754=ORIENTED_EDGE('',*,*,#6382,.T.);
#2755=ORIENTED_EDGE('',*,*,#6383,.F.);
#2756=ORIENTED_EDGE('',*,*,#6384,.F.);
#2757=ORIENTED_EDGE('',*,*,#6385,.F.);
#2758=ORIENTED_EDGE('',*,*,#6386,.F.);
#2759=CARTESIAN_POINT('',(0.0,0.0,0.0));
#2760=DIRECTION('',(0.0,-1.0,0.0));
#2761=DIRECTION('',(0.0,0.0,-1.0));
#2762=ORIENTED_EDGE('',*,*,#6387,.T.);
#2763=ORIENTED_EDGE('',*,*,#6388,.F.);
#2764=ORIENTED_EDGE('',*,*,#6376,.T.);
#2765=ORIENTED_EDGE('',*,*,#6389,.T.);
#2766=CARTESIAN_POINT('',(18.8,0.0,-1.02));
#2767=DIRECTION('',(0.707106781186548,0.707106781186548,0.0));
#2768=DIRECTION('',(0.0,0.0,-1.0));
#2769=ORIENTED_EDGE('',*,*,#6390,.T.);
#2770=ORIENTED_EDGE('',*,*,#6391,.T.);
#2771=ORIENTED_EDGE('',*,*,#6387,.F.);
#2772=ORIENTED_EDGE('',*,*,#6392,.F.);
#2773=CARTESIAN_POINT('',(19.3,0.0,1.02));
#2774=DIRECTION('',(-0.707106781186548,0.707106781186548,0.0));
#2775=DIRECTION('',(0.0,0.0,1.0));
#2776=ORIENTED_EDGE('',*,*,#6393,.F.);
#2777=ORIENTED_EDGE('',*,*,#6394,.T.);
#2778=ORIENTED_EDGE('',*,*,#6395,.F.);
#2779=ORIENTED_EDGE('',*,*,#6396,.T.);
#2780=ORIENTED_EDGE('',*,*,#6390,.F.);
#2781=ORIENTED_EDGE('',*,*,#6397,.T.);
#2782=ORIENTED_EDGE('',*,*,#6398,.F.);
#2783=ORIENTED_EDGE('',*,*,#6399,.T.);
#2784=ORIENTED_EDGE('',*,*,#6400,.F.);
#2785=ORIENTED_EDGE('',*,*,#6401,.F.);
#2786=ORIENTED_EDGE('',*,*,#6402,.F.);
#2787=ORIENTED_EDGE('',*,*,#6403,.F.);
#2788=CARTESIAN_POINT('',(0.0,0.0,0.0));
#2789=DIRECTION('',(0.0,-1.0,0.0));
#2790=DIRECTION('',(0.0,0.0,-1.0));
#2791=ORIENTED_EDGE('',*,*,#6404,.T.);
#2792=ORIENTED_EDGE('',*,*,#6405,.F.);
#2793=ORIENTED_EDGE('',*,*,#6393,.T.);
#2794=ORIENTED_EDGE('',*,*,#6406,.T.);
#2795=CARTESIAN_POINT('',(21.34,0.0,-1.02));
#2796=DIRECTION('',(0.707106781186548,0.707106781186548,0.0));
#2797=DIRECTION('',(0.0,0.0,-1.0));
#2798=ORIENTED_EDGE('',*,*,#6407,.T.);
#2799=ORIENTED_EDGE('',*,*,#6408,.T.);
#2800=ORIENTED_EDGE('',*,*,#6404,.F.);
#2801=ORIENTED_EDGE('',*,*,#6409,.F.);
#2802=CARTESIAN_POINT('',(21.84,0.0,1.02));
#2803=DIRECTION('',(-0.707106781186548,0.707106781186548,0.0));
#2804=DIRECTION('',(0.0,0.0,1.0));
#2805=ORIENTED_EDGE('',*,*,#6410,.F.);
#2806=ORIENTED_EDGE('',*,*,#6411,.T.);
#2807=ORIENTED_EDGE('',*,*,#6412,.F.);
#2808=ORIENTED_EDGE('',*,*,#6413,.T.);
#2809=ORIENTED_EDGE('',*,*,#6407,.F.);
#2810=ORIENTED_EDGE('',*,*,#6414,.T.);
#2811=ORIENTED_EDGE('',*,*,#6415,.F.);
#2812=ORIENTED_EDGE('',*,*,#6416,.T.);
#2813=ORIENTED_EDGE('',*,*,#6417,.F.);
#2814=ORIENTED_EDGE('',*,*,#6418,.F.);
#2815=ORIENTED_EDGE('',*,*,#6419,.F.);
#2816=ORIENTED_EDGE('',*,*,#6420,.F.);
#2817=CARTESIAN_POINT('',(0.0,0.0,0.0));
#2818=DIRECTION('',(0.0,-1.0,0.0));
#2819=DIRECTION('',(0.0,0.0,-1.0));
#2820=ORIENTED_EDGE('',*,*,#6421,.T.);
#2821=ORIENTED_EDGE('',*,*,#6422,.F.);
#2822=ORIENTED_EDGE('',*,*,#6410,.T.);
#2823=ORIENTED_EDGE('',*,*,#6423,.T.);
#2824=CARTESIAN_POINT('',(23.88,0.0,-1.02));
#2825=DIRECTION('',(0.707106781186548,0.707106781186548,0.0));
#2826=DIRECTION('',(0.0,0.0,-1.0));
#2827=ORIENTED_EDGE('',*,*,#6424,.T.);
#2828=ORIENTED_EDGE('',*,*,#6425,.T.);
#2829=ORIENTED_EDGE('',*,*,#6421,.F.);
#2830=ORIENTED_EDGE('',*,*,#6426,.F.);
#2831=CARTESIAN_POINT('',(24.38,0.0,1.02));
#2832=DIRECTION('',(-0.707106781186548,0.707106781186548,0.0));
#2833=DIRECTION('',(0.0,0.0,1.0));
#2834=ORIENTED_EDGE('',*,*,#6427,.F.);
#2835=ORIENTED_EDGE('',*,*,#6428,.T.);
#2836=ORIENTED_EDGE('',*,*,#6429,.F.);
#2837=ORIENTED_EDGE('',*,*,#6430,.T.);
#2838=ORIENTED_EDGE('',*,*,#6424,.F.);
#2839=ORIENTED_EDGE('',*,*,#6431,.T.);
#2840=ORIENTED_EDGE('',*,*,#6432,.F.);
#2841=ORIENTED_EDGE('',*,*,#6433,.T.);
#2842=ORIENTED_EDGE('',*,*,#6434,.F.);
#2843=ORIENTED_EDGE('',*,*,#6435,.F.);
#2844=ORIENTED_EDGE('',*,*,#6436,.F.);
#2845=ORIENTED_EDGE('',*,*,#6437,.F.);
#2846=CARTESIAN_POINT('',(0.0,0.0,0.0));
#2847=DIRECTION('',(0.0,-1.0,0.0));
#2848=DIRECTION('',(0.0,0.0,-1.0));
#2849=ORIENTED_EDGE('',*,*,#6438,.T.);
#2850=ORIENTED_EDGE('',*,*,#6439,.F.);
#2851=ORIENTED_EDGE('',*,*,#6427,.T.);
#2852=ORIENTED_EDGE('',*,*,#6440,.T.);
#2853=CARTESIAN_POINT('',(26.42,0.0,-1.02));
#2854=DIRECTION('',(0.707106781186548,0.707106781186548,0.0));
#2855=DIRECTION('',(0.0,0.0,-1.0));
#2856=ORIENTED_EDGE('',*,*,#6441,.T.);
#2857=ORIENTED_EDGE('',*,*,#6442,.T.);
#2858=ORIENTED_EDGE('',*,*,#6438,.F.);
#2859=ORIENTED_EDGE('',*,*,#6443,.F.);
#2860=CARTESIAN_POINT('',(26.92,0.0,1.02));
#2861=DIRECTION('',(-0.707106781186548,0.707106781186548,0.0));
#2862=DIRECTION('',(0.0,0.0,1.0));
#2863=ORIENTED_EDGE('',*,*,#6444,.F.);
#2864=ORIENTED_EDGE('',*,*,#6445,.T.);
#2865=ORIENTED_EDGE('',*,*,#6446,.F.);
#2866=ORIENTED_EDGE('',*,*,#6447,.T.);
#2867=ORIENTED_EDGE('',*,*,#6441,.F.);
#2868=ORIENTED_EDGE('',*,*,#6448,.T.);
#2869=ORIENTED_EDGE('',*,*,#6449,.F.);
#2870=ORIENTED_EDGE('',*,*,#6450,.T.);
#2871=ORIENTED_EDGE('',*,*,#6451,.F.);
#2872=ORIENTED_EDGE('',*,*,#6452,.F.);
#2873=ORIENTED_EDGE('',*,*,#6453,.F.);
#2874=ORIENTED_EDGE('',*,*,#6454,.F.);
#2875=CARTESIAN_POINT('',(0.0,0.0,0.0));
#2876=DIRECTION('',(0.0,-1.0,0.0));
#2877=DIRECTION('',(0.0,0.0,-1.0));
#2878=ORIENTED_EDGE('',*,*,#6444,.T.);
#2879=ORIENTED_EDGE('',*,*,#6455,.T.);
#2880=ORIENTED_EDGE('',*,*,#6456,.F.);
#2881=ORIENTED_EDGE('',*,*,#6457,.F.);
#2882=CARTESIAN_POINT('',(28.96,0.0,-1.02));
#2883=DIRECTION('',(0.707106781186548,0.707106781186548,0.0));
#2884=DIRECTION('',(0.0,0.0,-1.0));
#2885=ORIENTED_EDGE('',*,*,#6458,.T.);
#2886=ORIENTED_EDGE('',*,*,#6459,.F.);
#2887=ORIENTED_EDGE('',*,*,#6445,.F.);
#2888=ORIENTED_EDGE('',*,*,#6457,.T.);
#2889=ORIENTED_EDGE('',*,*,#6460,.T.);
#2890=ORIENTED_EDGE('',*,*,#6461,.T.);
#2891=CARTESIAN_POINT('',(29.21,0.0,-0.77));
#2892=DIRECTION('',(0.707106781186548,0.0,-0.707106781186548));
#2893=DIRECTION('',(0.0,-1.0,0.0));
#2894=ORIENTED_EDGE('',*,*,#6462,.T.);
#2895=ORIENTED_EDGE('',*,*,#6463,.T.);
#2896=ORIENTED_EDGE('',*,*,#6464,.T.);
#2897=ORIENTED_EDGE('',*,*,#6465,.F.);
#2898=ORIENTED_EDGE('',*,*,#6466,.T.);
#2899=ORIENTED_EDGE('',*,*,#6467,.F.);
#2900=ORIENTED_EDGE('',*,*,#6468,.T.);
#2901=ORIENTED_EDGE('',*,*,#6469,.T.);
#2902=ORIENTED_EDGE('',*,*,#6470,.T.);
#2903=ORIENTED_EDGE('',*,*,#6458,.F.);
#2904=ORIENTED_EDGE('',*,*,#6471,.T.);
#2905=ORIENTED_EDGE('',*,*,#6472,.F.);
#2906=ORIENTED_EDGE('',*,*,#6473,.T.);
#2907=ORIENTED_EDGE('',*,*,#6474,.T.);
#2908=ORIENTED_EDGE('',*,*,#6475,.T.);
#2909=ORIENTED_EDGE('',*,*,#6476,.T.);
#2910=CARTESIAN_POINT('',(0.0,-1.94,0.0));
#2911=DIRECTION('',(0.0,-1.0,0.0));
#2912=DIRECTION('',(0.0,0.0,-1.0));
#2913=ORIENTED_EDGE('',*,*,#6462,.F.);
#2914=ORIENTED_EDGE('',*,*,#6477,.F.);
#2915=ORIENTED_EDGE('',*,*,#6478,.T.);
#2916=ORIENTED_EDGE('',*,*,#6479,.T.);
#2917=CARTESIAN_POINT('',(28.71,-2.54,1.27));
#2918=DIRECTION('',(-1.0,0.0,0.0));
#2919=DIRECTION('',(0.0,0.0,1.0));
#2920=ORIENTED_EDGE('',*,*,#6479,.F.);
#2921=ORIENTED_EDGE('',*,*,#6480,.T.);
#2922=ORIENTED_EDGE('',*,*,#6481,.T.);
#2923=ORIENTED_EDGE('',*,*,#6463,.F.);
#2924=CARTESIAN_POINT('',(28.71,-2.54,0.77));
#2925=DIRECTION('',(0.0,0.0,1.0));
#2926=DIRECTION('',(1.0,0.0,0.0));
#2927=ORIENTED_EDGE('',*,*,#6464,.F.);
#2928=ORIENTED_EDGE('',*,*,#6481,.F.);
#2929=ORIENTED_EDGE('',*,*,#6482,.F.);
#2930=ORIENTED_EDGE('',*,*,#6483,.T.);
#2931=CARTESIAN_POINT('',(27.17,-2.54,0.77));
#2932=DIRECTION('',(1.0,0.0,0.0));
#2933=DIRECTION('',(0.0,1.0,0.0));
#2934=ORIENTED_EDGE('',*,*,#6477,.T.);
#2935=ORIENTED_EDGE('',*,*,#6484,.F.);
#2936=ORIENTED_EDGE('',*,*,#6449,.T.);
#2937=ORIENTED_EDGE('',*,*,#6485,.T.);
#2938=ORIENTED_EDGE('',*,*,#6483,.F.);
#2939=ORIENTED_EDGE('',*,*,#6486,.F.);
#2940=CARTESIAN_POINT('',(29.21,0.0,1.27));
#2941=DIRECTION('',(0.0,0.0,1.0));
#2942=DIRECTION('',(1.0,0.0,0.0));
#2943=ORIENTED_EDGE('',*,*,#6478,.F.);
#2944=ORIENTED_EDGE('',*,*,#6486,.T.);
#2945=ORIENTED_EDGE('',*,*,#6482,.T.);
#2946=ORIENTED_EDGE('',*,*,#6480,.F.);
#2947=CARTESIAN_POINT('',(0.0,-2.54,0.0));
#2948=DIRECTION('',(0.0,-1.0,0.0));
#2949=DIRECTION('',(0.0,0.0,-1.0));
#2950=ORIENTED_EDGE('',*,*,#6487,.F.);
#2951=ORIENTED_EDGE('',*,*,#6488,.T.);
#2952=ORIENTED_EDGE('',*,*,#6489,.T.);
#2953=ORIENTED_EDGE('',*,*,#6490,.F.);
#2954=CARTESIAN_POINT('',(0.0,-2.54,0.0));
#2955=DIRECTION('',(0.0,-1.0,0.0));
#2956=DIRECTION('',(0.0,0.0,-1.0));
#2957=ORIENTED_EDGE('',*,*,#6468,.F.);
#2958=ORIENTED_EDGE('',*,*,#6491,.F.);
#2959=ORIENTED_EDGE('',*,*,#6487,.T.);
#2960=ORIENTED_EDGE('',*,*,#6492,.T.);
#2961=CARTESIAN_POINT('',(27.17,-2.54,-1.27));
#2962=DIRECTION('',(1.0,0.0,0.0));
#2963=DIRECTION('',(0.0,1.0,0.0));
#2964=ORIENTED_EDGE('',*,*,#6492,.F.);
#2965=ORIENTED_EDGE('',*,*,#6490,.T.);
#2966=ORIENTED_EDGE('',*,*,#6493,.T.);
#2967=ORIENTED_EDGE('',*,*,#6469,.F.);
#2968=CARTESIAN_POINT('',(27.17,-2.54,-0.77));
#2969=DIRECTION('',(0.0,0.0,-1.0));
#2970=DIRECTION('',(0.0,-1.0,0.0));
#2971=ORIENTED_EDGE('',*,*,#6470,.F.);
#2972=ORIENTED_EDGE('',*,*,#6493,.F.);
#2973=ORIENTED_EDGE('',*,*,#6489,.F.);
#2974=ORIENTED_EDGE('',*,*,#6494,.T.);
#2975=CARTESIAN_POINT('',(28.71,-2.54,-0.77));
#2976=DIRECTION('',(-1.0,0.0,0.0));
#2977=DIRECTION('',(0.0,0.0,1.0));
#2978=ORIENTED_EDGE('',*,*,#6491,.T.);
#2979=ORIENTED_EDGE('',*,*,#6495,.F.);
#2980=ORIENTED_EDGE('',*,*,#6446,.T.);
#2981=ORIENTED_EDGE('',*,*,#6459,.T.);
#2982=ORIENTED_EDGE('',*,*,#6494,.F.);
#2983=ORIENTED_EDGE('',*,*,#6488,.F.);
#2984=CARTESIAN_POINT('',(26.67,0.0,-1.27));
#2985=DIRECTION('',(0.0,0.0,-1.0));
#2986=DIRECTION('',(0.0,-1.0,0.0));
#2987=ORIENTED_EDGE('',*,*,#6467,.T.);
#2988=ORIENTED_EDGE('',*,*,#6496,.F.);
#2989=ORIENTED_EDGE('',*,*,#6497,.F.);
#2990=ORIENTED_EDGE('',*,*,#6442,.F.);
#2991=ORIENTED_EDGE('',*,*,#6447,.F.);
#2992=ORIENTED_EDGE('',*,*,#6495,.T.);
#2993=CARTESIAN_POINT('',(27.17,0.0,-1.27));
#2994=DIRECTION('',(-0.707106781186548,0.0,-0.707106781186548));
#2995=DIRECTION('',(-0.707106781186548,0.0,0.707106781186548));
#2996=ORIENTED_EDGE('',*,*,#6497,.T.);
#2997=ORIENTED_EDGE('',*,*,#6498,.T.);
#2998=ORIENTED_EDGE('',*,*,#6499,.T.);
#2999=ORIENTED_EDGE('',*,*,#6500,.F.);
#3000=ORIENTED_EDGE('',*,*,#6428,.F.);
#3001=ORIENTED_EDGE('',*,*,#6439,.T.);
#3002=CARTESIAN_POINT('',(26.67,0.0,-0.77));
#3003=DIRECTION('',(0.707106781186548,0.0,-0.707106781186548));
#3004=DIRECTION('',(0.0,-1.0,0.0));
#3005=ORIENTED_EDGE('',*,*,#6501,.T.);
#3006=ORIENTED_EDGE('',*,*,#6502,.F.);
#3007=ORIENTED_EDGE('',*,*,#6429,.T.);
#3008=ORIENTED_EDGE('',*,*,#6500,.T.);
#3009=ORIENTED_EDGE('',*,*,#6503,.F.);
#3010=ORIENTED_EDGE('',*,*,#6504,.F.);
#3011=CARTESIAN_POINT('',(24.13,0.0,-1.27));
#3012=DIRECTION('',(0.0,0.0,-1.0));
#3013=DIRECTION('',(0.0,-1.0,0.0));
#3014=ORIENTED_EDGE('',*,*,#6505,.F.);
#3015=ORIENTED_EDGE('',*,*,#6501,.F.);
#3016=ORIENTED_EDGE('',*,*,#6506,.T.);
#3017=ORIENTED_EDGE('',*,*,#6507,.T.);
#3018=CARTESIAN_POINT('',(24.63,-2.54,-1.27));
#3019=DIRECTION('',(1.0,0.0,0.0));
#3020=DIRECTION('',(0.0,1.0,0.0));
#3021=ORIENTED_EDGE('',*,*,#6508,.T.);
#3022=ORIENTED_EDGE('',*,*,#6509,.T.);
#3023=ORIENTED_EDGE('',*,*,#6510,.T.);
#3024=ORIENTED_EDGE('',*,*,#6511,.F.);
#3025=ORIENTED_EDGE('',*,*,#6512,.T.);
#3026=ORIENTED_EDGE('',*,*,#6513,.F.);
#3027=ORIENTED_EDGE('',*,*,#6505,.T.);
#3028=ORIENTED_EDGE('',*,*,#6514,.T.);
#3029=ORIENTED_EDGE('',*,*,#6515,.T.);
#3030=ORIENTED_EDGE('',*,*,#6499,.F.);
#3031=ORIENTED_EDGE('',*,*,#6516,.T.);
#3032=ORIENTED_EDGE('',*,*,#6517,.F.);
#3033=ORIENTED_EDGE('',*,*,#6518,.T.);
#3034=ORIENTED_EDGE('',*,*,#6519,.T.);
#3035=ORIENTED_EDGE('',*,*,#6520,.T.);
#3036=ORIENTED_EDGE('',*,*,#6521,.T.);
#3037=CARTESIAN_POINT('',(0.0,-1.94,0.0));
#3038=DIRECTION('',(0.0,-1.0,0.0));
#3039=DIRECTION('',(0.0,0.0,-1.0));
#3040=ORIENTED_EDGE('',*,*,#6508,.F.);
#3041=ORIENTED_EDGE('',*,*,#6522,.F.);
#3042=ORIENTED_EDGE('',*,*,#6523,.T.);
#3043=ORIENTED_EDGE('',*,*,#6524,.T.);
#3044=CARTESIAN_POINT('',(26.17,-2.54,1.27));
#3045=DIRECTION('',(-1.0,0.0,0.0));
#3046=DIRECTION('',(0.0,0.0,1.0));
#3047=ORIENTED_EDGE('',*,*,#6524,.F.);
#3048=ORIENTED_EDGE('',*,*,#6525,.T.);
#3049=ORIENTED_EDGE('',*,*,#6526,.T.);
#3050=ORIENTED_EDGE('',*,*,#6509,.F.);
#3051=CARTESIAN_POINT('',(26.17,-2.54,0.77));
#3052=DIRECTION('',(0.0,0.0,1.0));
#3053=DIRECTION('',(1.0,0.0,0.0));
#3054=ORIENTED_EDGE('',*,*,#6510,.F.);
#3055=ORIENTED_EDGE('',*,*,#6526,.F.);
#3056=ORIENTED_EDGE('',*,*,#6527,.F.);
#3057=ORIENTED_EDGE('',*,*,#6528,.T.);
#3058=CARTESIAN_POINT('',(24.63,-2.54,0.77));
#3059=DIRECTION('',(1.0,0.0,0.0));
#3060=DIRECTION('',(0.0,1.0,0.0));
#3061=ORIENTED_EDGE('',*,*,#6522,.T.);
#3062=ORIENTED_EDGE('',*,*,#6529,.F.);
#3063=ORIENTED_EDGE('',*,*,#6432,.T.);
#3064=ORIENTED_EDGE('',*,*,#6530,.T.);
#3065=ORIENTED_EDGE('',*,*,#6528,.F.);
#3066=ORIENTED_EDGE('',*,*,#6531,.F.);
#3067=CARTESIAN_POINT('',(26.67,0.0,1.27));
#3068=DIRECTION('',(0.0,0.0,1.0));
#3069=DIRECTION('',(1.0,0.0,0.0));
#3070=ORIENTED_EDGE('',*,*,#6523,.F.);
#3071=ORIENTED_EDGE('',*,*,#6531,.T.);
#3072=ORIENTED_EDGE('',*,*,#6527,.T.);
#3073=ORIENTED_EDGE('',*,*,#6525,.F.);
#3074=CARTESIAN_POINT('',(0.0,-2.54,0.0));
#3075=DIRECTION('',(0.0,-1.0,0.0));
#3076=DIRECTION('',(0.0,0.0,-1.0));
#3077=ORIENTED_EDGE('',*,*,#6506,.F.);
#3078=ORIENTED_EDGE('',*,*,#6504,.T.);
#3079=ORIENTED_EDGE('',*,*,#6532,.T.);
#3080=ORIENTED_EDGE('',*,*,#6533,.F.);
#3081=CARTESIAN_POINT('',(0.0,-2.54,0.0));
#3082=DIRECTION('',(0.0,-1.0,0.0));
#3083=DIRECTION('',(0.0,0.0,-1.0));
#3084=ORIENTED_EDGE('',*,*,#6507,.F.);
#3085=ORIENTED_EDGE('',*,*,#6533,.T.);
#3086=ORIENTED_EDGE('',*,*,#6534,.T.);
#3087=ORIENTED_EDGE('',*,*,#6514,.F.);
#3088=CARTESIAN_POINT('',(24.63,-2.54,-0.77));
#3089=DIRECTION('',(0.0,0.0,-1.0));
#3090=DIRECTION('',(0.0,-1.0,0.0));
#3091=ORIENTED_EDGE('',*,*,#6515,.F.);
#3092=ORIENTED_EDGE('',*,*,#6534,.F.);
#3093=ORIENTED_EDGE('',*,*,#6532,.F.);
#3094=ORIENTED_EDGE('',*,*,#6503,.T.);
#3095=CARTESIAN_POINT('',(26.17,-2.54,-0.77));
#3096=DIRECTION('',(-1.0,0.0,0.0));
#3097=DIRECTION('',(0.0,0.0,1.0));
#3098=ORIENTED_EDGE('',*,*,#6511,.T.);
#3099=ORIENTED_EDGE('',*,*,#6530,.F.);
#3100=ORIENTED_EDGE('',*,*,#6431,.F.);
#3101=ORIENTED_EDGE('',*,*,#6426,.T.);
#3102=ORIENTED_EDGE('',*,*,#6535,.T.);
#3103=ORIENTED_EDGE('',*,*,#6536,.T.);
#3104=CARTESIAN_POINT('',(24.13,0.0,0.77));
#3105=DIRECTION('',(-0.707106781186548,0.0,0.707106781186548));
#3106=DIRECTION('',(0.0,1.0,0.0));
#3107=ORIENTED_EDGE('',*,*,#6537,.T.);
#3108=ORIENTED_EDGE('',*,*,#6538,.T.);
#3109=ORIENTED_EDGE('',*,*,#6512,.F.);
#3110=ORIENTED_EDGE('',*,*,#6536,.F.);
#3111=CARTESIAN_POINT('',(24.13,-1.69,0.77));
#3112=DIRECTION('',(-0.707106781186548,-0.707106781186548,0.0));
#3113=DIRECTION('',(-0.707106781186548,0.707106781186548,0.0));
#3114=ORIENTED_EDGE('',*,*,#6537,.F.);
#3115=ORIENTED_EDGE('',*,*,#6539,.T.);
#3116=ORIENTED_EDGE('',*,*,#6540,.F.);
#3117=ORIENTED_EDGE('',*,*,#6541,.F.);
#3118=CARTESIAN_POINT('',(24.13,-1.69,-0.77));
#3119=DIRECTION('',(0.707106781186548,-0.707106781186548,0.0));
#3120=DIRECTION('',(0.0,0.0,-1.0));
#3121=ORIENTED_EDGE('',*,*,#6542,.T.);
#3122=ORIENTED_EDGE('',*,*,#6541,.T.);
#3123=ORIENTED_EDGE('',*,*,#6543,.T.);
#3124=ORIENTED_EDGE('',*,*,#6544,.F.);
#3125=ORIENTED_EDGE('',*,*,#6411,.F.);
#3126=ORIENTED_EDGE('',*,*,#6422,.T.);
#3127=CARTESIAN_POINT('',(24.13,0.0,-0.77));
#3128=DIRECTION('',(0.707106781186548,0.0,-0.707106781186548));
#3129=DIRECTION('',(0.0,-1.0,0.0));
#3130=ORIENTED_EDGE('',*,*,#6513,.T.);
#3131=ORIENTED_EDGE('',*,*,#6538,.F.);
#3132=ORIENTED_EDGE('',*,*,#6542,.F.);
#3133=ORIENTED_EDGE('',*,*,#6425,.F.);
#3134=ORIENTED_EDGE('',*,*,#6430,.F.);
#3135=ORIENTED_EDGE('',*,*,#6502,.T.);
#3136=CARTESIAN_POINT('',(24.63,0.0,-1.27));
#3137=DIRECTION('',(-0.707106781186548,0.0,-0.707106781186548));
#3138=DIRECTION('',(-0.707106781186548,0.0,0.707106781186548));
#3139=ORIENTED_EDGE('',*,*,#6545,.T.);
#3140=ORIENTED_EDGE('',*,*,#6546,.F.);
#3141=ORIENTED_EDGE('',*,*,#6412,.T.);
#3142=ORIENTED_EDGE('',*,*,#6544,.T.);
#3143=ORIENTED_EDGE('',*,*,#6547,.F.);
#3144=ORIENTED_EDGE('',*,*,#6548,.F.);
#3145=CARTESIAN_POINT('',(21.59,0.0,-1.27));
#3146=DIRECTION('',(0.0,0.0,-1.0));
#3147=DIRECTION('',(0.0,-1.0,0.0));
#3148=ORIENTED_EDGE('',*,*,#6549,.F.);
#3149=ORIENTED_EDGE('',*,*,#6545,.F.);
#3150=ORIENTED_EDGE('',*,*,#6550,.T.);
#3151=ORIENTED_EDGE('',*,*,#6551,.T.);
#3152=CARTESIAN_POINT('',(22.09,-2.54,-1.27));
#3153=DIRECTION('',(1.0,0.0,0.0));
#3154=DIRECTION('',(0.0,1.0,0.0));
#3155=ORIENTED_EDGE('',*,*,#6552,.T.);
#3156=ORIENTED_EDGE('',*,*,#6553,.T.);
#3157=ORIENTED_EDGE('',*,*,#6554,.T.);
#3158=ORIENTED_EDGE('',*,*,#6555,.F.);
#3159=ORIENTED_EDGE('',*,*,#6556,.T.);
#3160=ORIENTED_EDGE('',*,*,#6557,.F.);
#3161=ORIENTED_EDGE('',*,*,#6549,.T.);
#3162=ORIENTED_EDGE('',*,*,#6558,.T.);
#3163=ORIENTED_EDGE('',*,*,#6559,.T.);
#3164=ORIENTED_EDGE('',*,*,#6543,.F.);
#3165=ORIENTED_EDGE('',*,*,#6540,.T.);
#3166=ORIENTED_EDGE('',*,*,#6560,.F.);
#3167=ORIENTED_EDGE('',*,*,#6561,.T.);
#3168=ORIENTED_EDGE('',*,*,#6562,.T.);
#3169=ORIENTED_EDGE('',*,*,#6563,.T.);
#3170=ORIENTED_EDGE('',*,*,#6564,.T.);
#3171=CARTESIAN_POINT('',(0.0,-1.94,0.0));
#3172=DIRECTION('',(0.0,-1.0,0.0));
#3173=DIRECTION('',(0.0,0.0,-1.0));
#3174=ORIENTED_EDGE('',*,*,#6552,.F.);
#3175=ORIENTED_EDGE('',*,*,#6565,.F.);
#3176=ORIENTED_EDGE('',*,*,#6566,.T.);
#3177=ORIENTED_EDGE('',*,*,#6567,.T.);
#3178=CARTESIAN_POINT('',(23.63,-2.54,1.27));
#3179=DIRECTION('',(-1.0,0.0,0.0));
#3180=DIRECTION('',(0.0,0.0,1.0));
#3181=ORIENTED_EDGE('',*,*,#6567,.F.);
#3182=ORIENTED_EDGE('',*,*,#6568,.T.);
#3183=ORIENTED_EDGE('',*,*,#6569,.T.);
#3184=ORIENTED_EDGE('',*,*,#6553,.F.);
#3185=CARTESIAN_POINT('',(23.63,-2.54,0.77));
#3186=DIRECTION('',(0.0,0.0,1.0));
#3187=DIRECTION('',(1.0,0.0,0.0));
#3188=ORIENTED_EDGE('',*,*,#6554,.F.);
#3189=ORIENTED_EDGE('',*,*,#6569,.F.);
#3190=ORIENTED_EDGE('',*,*,#6570,.F.);
#3191=ORIENTED_EDGE('',*,*,#6571,.T.);
#3192=CARTESIAN_POINT('',(22.09,-2.54,0.77));
#3193=DIRECTION('',(1.0,0.0,0.0));
#3194=DIRECTION('',(0.0,1.0,0.0));
#3195=ORIENTED_EDGE('',*,*,#6565,.T.);
#3196=ORIENTED_EDGE('',*,*,#6572,.F.);
#3197=ORIENTED_EDGE('',*,*,#6415,.T.);
#3198=ORIENTED_EDGE('',*,*,#6573,.T.);
#3199=ORIENTED_EDGE('',*,*,#6571,.F.);
#3200=ORIENTED_EDGE('',*,*,#6574,.F.);
#3201=CARTESIAN_POINT('',(24.13,0.0,1.27));
#3202=DIRECTION('',(0.0,0.0,1.0));
#3203=DIRECTION('',(1.0,0.0,0.0));
#3204=ORIENTED_EDGE('',*,*,#6566,.F.);
#3205=ORIENTED_EDGE('',*,*,#6574,.T.);
#3206=ORIENTED_EDGE('',*,*,#6570,.T.);
#3207=ORIENTED_EDGE('',*,*,#6568,.F.);
#3208=CARTESIAN_POINT('',(0.0,-2.54,0.0));
#3209=DIRECTION('',(0.0,-1.0,0.0));
#3210=DIRECTION('',(0.0,0.0,-1.0));
#3211=ORIENTED_EDGE('',*,*,#6550,.F.);
#3212=ORIENTED_EDGE('',*,*,#6548,.T.);
#3213=ORIENTED_EDGE('',*,*,#6575,.T.);
#3214=ORIENTED_EDGE('',*,*,#6576,.F.);
#3215=CARTESIAN_POINT('',(0.0,-2.54,0.0));
#3216=DIRECTION('',(0.0,-1.0,0.0));
#3217=DIRECTION('',(0.0,0.0,-1.0));
#3218=ORIENTED_EDGE('',*,*,#6551,.F.);
#3219=ORIENTED_EDGE('',*,*,#6576,.T.);
#3220=ORIENTED_EDGE('',*,*,#6577,.T.);
#3221=ORIENTED_EDGE('',*,*,#6558,.F.);
#3222=CARTESIAN_POINT('',(22.09,-2.54,-0.77));
#3223=DIRECTION('',(0.0,0.0,-1.0));
#3224=DIRECTION('',(0.0,-1.0,0.0));
#3225=ORIENTED_EDGE('',*,*,#6559,.F.);
#3226=ORIENTED_EDGE('',*,*,#6577,.F.);
#3227=ORIENTED_EDGE('',*,*,#6575,.F.);
#3228=ORIENTED_EDGE('',*,*,#6547,.T.);
#3229=CARTESIAN_POINT('',(23.63,-2.54,-0.77));
#3230=DIRECTION('',(-1.0,0.0,0.0));
#3231=DIRECTION('',(0.0,0.0,1.0));
#3232=ORIENTED_EDGE('',*,*,#6555,.T.);
#3233=ORIENTED_EDGE('',*,*,#6573,.F.);
#3234=ORIENTED_EDGE('',*,*,#6414,.F.);
#3235=ORIENTED_EDGE('',*,*,#6409,.T.);
#3236=ORIENTED_EDGE('',*,*,#6578,.T.);
#3237=ORIENTED_EDGE('',*,*,#6579,.T.);
#3238=CARTESIAN_POINT('',(21.59,0.0,0.77));
#3239=DIRECTION('',(-0.707106781186548,0.0,0.707106781186548));
#3240=DIRECTION('',(0.0,1.0,0.0));
#3241=ORIENTED_EDGE('',*,*,#6580,.T.);
#3242=ORIENTED_EDGE('',*,*,#6581,.T.);
#3243=ORIENTED_EDGE('',*,*,#6556,.F.);
#3244=ORIENTED_EDGE('',*,*,#6579,.F.);
#3245=CARTESIAN_POINT('',(21.59,-1.69,0.77));
#3246=DIRECTION('',(-0.707106781186548,-0.707106781186548,0.0));
#3247=DIRECTION('',(-0.707106781186548,0.707106781186548,0.0));
#3248=ORIENTED_EDGE('',*,*,#6580,.F.);
#3249=ORIENTED_EDGE('',*,*,#6582,.T.);
#3250=ORIENTED_EDGE('',*,*,#6583,.F.);
#3251=ORIENTED_EDGE('',*,*,#6584,.F.);
#3252=CARTESIAN_POINT('',(21.59,-1.69,-0.77));
#3253=DIRECTION('',(0.707106781186548,-0.707106781186548,0.0));
#3254=DIRECTION('',(0.0,0.0,-1.0));
#3255=ORIENTED_EDGE('',*,*,#6585,.T.);
#3256=ORIENTED_EDGE('',*,*,#6584,.T.);
#3257=ORIENTED_EDGE('',*,*,#6586,.T.);
#3258=ORIENTED_EDGE('',*,*,#6587,.F.);
#3259=ORIENTED_EDGE('',*,*,#6394,.F.);
#3260=ORIENTED_EDGE('',*,*,#6405,.T.);
#3261=CARTESIAN_POINT('',(21.59,0.0,-0.77));
#3262=DIRECTION('',(0.707106781186548,0.0,-0.707106781186548));
#3263=DIRECTION('',(0.0,-1.0,0.0));
#3264=ORIENTED_EDGE('',*,*,#6557,.T.);
#3265=ORIENTED_EDGE('',*,*,#6581,.F.);
#3266=ORIENTED_EDGE('',*,*,#6585,.F.);
#3267=ORIENTED_EDGE('',*,*,#6408,.F.);
#3268=ORIENTED_EDGE('',*,*,#6413,.F.);
#3269=ORIENTED_EDGE('',*,*,#6546,.T.);
#3270=CARTESIAN_POINT('',(22.09,0.0,-1.27));
#3271=DIRECTION('',(-0.707106781186548,0.0,-0.707106781186548));
#3272=DIRECTION('',(-0.707106781186548,0.0,0.707106781186548));
#3273=ORIENTED_EDGE('',*,*,#6588,.T.);
#3274=ORIENTED_EDGE('',*,*,#6589,.F.);
#3275=ORIENTED_EDGE('',*,*,#6395,.T.);
#3276=ORIENTED_EDGE('',*,*,#6587,.T.);
#3277=ORIENTED_EDGE('',*,*,#6590,.F.);
#3278=ORIENTED_EDGE('',*,*,#6591,.F.);
#3279=CARTESIAN_POINT('',(19.05,0.0,-1.27));
#3280=DIRECTION('',(0.0,0.0,-1.0));
#3281=DIRECTION('',(0.0,-1.0,0.0));
#3282=ORIENTED_EDGE('',*,*,#6592,.T.);
#3283=ORIENTED_EDGE('',*,*,#6593,.T.);
#3284=ORIENTED_EDGE('',*,*,#6594,.F.);
#3285=ORIENTED_EDGE('',*,*,#6588,.F.);
#3286=CARTESIAN_POINT('',(19.55,-2.54,-1.27));
#3287=DIRECTION('',(1.0,0.0,0.0));
#3288=DIRECTION('',(0.0,1.0,0.0));
#3289=ORIENTED_EDGE('',*,*,#6595,.F.);
#3290=ORIENTED_EDGE('',*,*,#6596,.T.);
#3291=ORIENTED_EDGE('',*,*,#6597,.T.);
#3292=ORIENTED_EDGE('',*,*,#6598,.F.);
#3293=CARTESIAN_POINT('',(0.0,-2.54,0.0));
#3294=DIRECTION('',(0.0,-1.0,0.0));
#3295=DIRECTION('',(0.0,0.0,-1.0));
#3296=ORIENTED_EDGE('',*,*,#6592,.F.);
#3297=ORIENTED_EDGE('',*,*,#6591,.T.);
#3298=ORIENTED_EDGE('',*,*,#6599,.T.);
#3299=ORIENTED_EDGE('',*,*,#6600,.F.);
#3300=CARTESIAN_POINT('',(0.0,-2.54,0.0));
#3301=DIRECTION('',(0.0,-1.0,0.0));
#3302=DIRECTION('',(0.0,0.0,-1.0));
#3303=ORIENTED_EDGE('',*,*,#6595,.T.);
#3304=ORIENTED_EDGE('',*,*,#6601,.T.);
#3305=ORIENTED_EDGE('',*,*,#6602,.F.);
#3306=ORIENTED_EDGE('',*,*,#6603,.F.);
#3307=CARTESIAN_POINT('',(21.09,-2.54,1.27));
#3308=DIRECTION('',(-1.0,0.0,0.0));
#3309=DIRECTION('',(0.0,0.0,1.0));
#3310=ORIENTED_EDGE('',*,*,#6603,.T.);
#3311=ORIENTED_EDGE('',*,*,#6604,.F.);
#3312=ORIENTED_EDGE('',*,*,#6398,.T.);
#3313=ORIENTED_EDGE('',*,*,#6605,.T.);
#3314=ORIENTED_EDGE('',*,*,#6606,.F.);
#3315=ORIENTED_EDGE('',*,*,#6596,.F.);
#3316=CARTESIAN_POINT('',(21.59,0.0,1.27));
#3317=DIRECTION('',(0.0,0.0,1.0));
#3318=DIRECTION('',(1.0,0.0,0.0));
#3319=ORIENTED_EDGE('',*,*,#6597,.F.);
#3320=ORIENTED_EDGE('',*,*,#6606,.T.);
#3321=ORIENTED_EDGE('',*,*,#6607,.F.);
#3322=ORIENTED_EDGE('',*,*,#6608,.F.);
#3323=CARTESIAN_POINT('',(19.55,-2.54,0.77));
#3324=DIRECTION('',(1.0,0.0,0.0));
#3325=DIRECTION('',(0.0,1.0,0.0));
#3326=ORIENTED_EDGE('',*,*,#6598,.T.);
#3327=ORIENTED_EDGE('',*,*,#6608,.T.);
#3328=ORIENTED_EDGE('',*,*,#6609,.F.);
#3329=ORIENTED_EDGE('',*,*,#6601,.F.);
#3330=CARTESIAN_POINT('',(21.09,-2.54,0.77));
#3331=DIRECTION('',(0.0,0.0,1.0));
#3332=DIRECTION('',(1.0,0.0,0.0));
#3333=ORIENTED_EDGE('',*,*,#6583,.T.);
#3334=ORIENTED_EDGE('',*,*,#6610,.F.);
#3335=ORIENTED_EDGE('',*,*,#6602,.T.);
#3336=ORIENTED_EDGE('',*,*,#6609,.T.);
#3337=ORIENTED_EDGE('',*,*,#6607,.T.);
#3338=ORIENTED_EDGE('',*,*,#6611,.F.);
#3339=ORIENTED_EDGE('',*,*,#6612,.T.);
#3340=ORIENTED_EDGE('',*,*,#6613,.F.);
#3341=ORIENTED_EDGE('',*,*,#6594,.T.);
#3342=ORIENTED_EDGE('',*,*,#6614,.T.);
#3343=ORIENTED_EDGE('',*,*,#6615,.T.);
#3344=ORIENTED_EDGE('',*,*,#6586,.F.);
#3345=ORIENTED_EDGE('',*,*,#6616,.T.);
#3346=ORIENTED_EDGE('',*,*,#6617,.T.);
#3347=ORIENTED_EDGE('',*,*,#6618,.T.);
#3348=ORIENTED_EDGE('',*,*,#6619,.T.);
#3349=CARTESIAN_POINT('',(0.0,-1.94,0.0));
#3350=DIRECTION('',(0.0,-1.0,0.0));
#3351=DIRECTION('',(0.0,0.0,-1.0));
#3352=ORIENTED_EDGE('',*,*,#6599,.F.);
#3353=ORIENTED_EDGE('',*,*,#6590,.T.);
#3354=ORIENTED_EDGE('',*,*,#6615,.F.);
#3355=ORIENTED_EDGE('',*,*,#6620,.F.);
#3356=CARTESIAN_POINT('',(21.09,-2.54,-0.77));
#3357=DIRECTION('',(-1.0,0.0,0.0));
#3358=DIRECTION('',(0.0,0.0,1.0));
#3359=ORIENTED_EDGE('',*,*,#6600,.T.);
#3360=ORIENTED_EDGE('',*,*,#6620,.T.);
#3361=ORIENTED_EDGE('',*,*,#6614,.F.);
#3362=ORIENTED_EDGE('',*,*,#6593,.F.);
#3363=CARTESIAN_POINT('',(19.55,-2.54,-0.77));
#3364=DIRECTION('',(0.0,0.0,-1.0));
#3365=DIRECTION('',(0.0,-1.0,0.0));
#3366=ORIENTED_EDGE('',*,*,#6613,.T.);
#3367=ORIENTED_EDGE('',*,*,#6621,.F.);
#3368=ORIENTED_EDGE('',*,*,#6622,.F.);
#3369=ORIENTED_EDGE('',*,*,#6391,.F.);
#3370=ORIENTED_EDGE('',*,*,#6396,.F.);
#3371=ORIENTED_EDGE('',*,*,#6589,.T.);
#3372=CARTESIAN_POINT('',(19.55,0.0,-1.27));
#3373=DIRECTION('',(-0.707106781186548,0.0,-0.707106781186548));
#3374=DIRECTION('',(-0.707106781186548,0.0,0.707106781186548));
#3375=ORIENTED_EDGE('',*,*,#6622,.T.);
#3376=ORIENTED_EDGE('',*,*,#6623,.T.);
#3377=ORIENTED_EDGE('',*,*,#6624,.T.);
#3378=ORIENTED_EDGE('',*,*,#6625,.F.);
#3379=ORIENTED_EDGE('',*,*,#6377,.F.);
#3380=ORIENTED_EDGE('',*,*,#6388,.T.);
#3381=CARTESIAN_POINT('',(19.05,0.0,-0.77));
#3382=DIRECTION('',(0.707106781186548,0.0,-0.707106781186548));
#3383=DIRECTION('',(0.0,-1.0,0.0));
#3384=ORIENTED_EDGE('',*,*,#6626,.T.);
#3385=ORIENTED_EDGE('',*,*,#6627,.F.);
#3386=ORIENTED_EDGE('',*,*,#6378,.T.);
#3387=ORIENTED_EDGE('',*,*,#6625,.T.);
#3388=ORIENTED_EDGE('',*,*,#6628,.F.);
#3389=ORIENTED_EDGE('',*,*,#6629,.F.);
#3390=CARTESIAN_POINT('',(16.51,0.0,-1.27));
#3391=DIRECTION('',(0.0,0.0,-1.0));
#3392=DIRECTION('',(0.0,-1.0,0.0));
#3393=ORIENTED_EDGE('',*,*,#6630,.T.);
#3394=ORIENTED_EDGE('',*,*,#6631,.T.);
#3395=ORIENTED_EDGE('',*,*,#6632,.F.);
#3396=ORIENTED_EDGE('',*,*,#6626,.F.);
#3397=CARTESIAN_POINT('',(17.01,-2.54,-1.27));
#3398=DIRECTION('',(1.0,0.0,0.0));
#3399=DIRECTION('',(0.0,1.0,0.0));
#3400=ORIENTED_EDGE('',*,*,#6633,.F.);
#3401=ORIENTED_EDGE('',*,*,#6634,.T.);
#3402=ORIENTED_EDGE('',*,*,#6635,.T.);
#3403=ORIENTED_EDGE('',*,*,#6636,.F.);
#3404=CARTESIAN_POINT('',(0.0,-2.54,0.0));
#3405=DIRECTION('',(0.0,-1.0,0.0));
#3406=DIRECTION('',(0.0,0.0,-1.0));
#3407=ORIENTED_EDGE('',*,*,#6630,.F.);
#3408=ORIENTED_EDGE('',*,*,#6629,.T.);
#3409=ORIENTED_EDGE('',*,*,#6637,.T.);
#3410=ORIENTED_EDGE('',*,*,#6638,.F.);
#3411=CARTESIAN_POINT('',(0.0,-2.54,0.0));
#3412=DIRECTION('',(0.0,-1.0,0.0));
#3413=DIRECTION('',(0.0,0.0,-1.0));
#3414=ORIENTED_EDGE('',*,*,#6633,.T.);
#3415=ORIENTED_EDGE('',*,*,#6639,.T.);
#3416=ORIENTED_EDGE('',*,*,#6640,.F.);
#3417=ORIENTED_EDGE('',*,*,#6641,.F.);
#3418=CARTESIAN_POINT('',(18.55,-2.54,1.27));
#3419=DIRECTION('',(-1.0,0.0,0.0));
#3420=DIRECTION('',(0.0,0.0,1.0));
#3421=ORIENTED_EDGE('',*,*,#6641,.T.);
#3422=ORIENTED_EDGE('',*,*,#6642,.F.);
#3423=ORIENTED_EDGE('',*,*,#6381,.T.);
#3424=ORIENTED_EDGE('',*,*,#6643,.T.);
#3425=ORIENTED_EDGE('',*,*,#6644,.F.);
#3426=ORIENTED_EDGE('',*,*,#6634,.F.);
#3427=CARTESIAN_POINT('',(19.05,0.0,1.27));
#3428=DIRECTION('',(0.0,0.0,1.0));
#3429=DIRECTION('',(1.0,0.0,0.0));
#3430=ORIENTED_EDGE('',*,*,#6635,.F.);
#3431=ORIENTED_EDGE('',*,*,#6644,.T.);
#3432=ORIENTED_EDGE('',*,*,#6645,.F.);
#3433=ORIENTED_EDGE('',*,*,#6646,.F.);
#3434=CARTESIAN_POINT('',(17.01,-2.54,0.77));
#3435=DIRECTION('',(1.0,0.0,0.0));
#3436=DIRECTION('',(0.0,1.0,0.0));
#3437=ORIENTED_EDGE('',*,*,#6636,.T.);
#3438=ORIENTED_EDGE('',*,*,#6646,.T.);
#3439=ORIENTED_EDGE('',*,*,#6647,.F.);
#3440=ORIENTED_EDGE('',*,*,#6639,.F.);
#3441=CARTESIAN_POINT('',(18.55,-2.54,0.77));
#3442=DIRECTION('',(0.0,0.0,1.0));
#3443=DIRECTION('',(1.0,0.0,0.0));
#3444=ORIENTED_EDGE('',*,*,#6648,.T.);
#3445=ORIENTED_EDGE('',*,*,#6649,.F.);
#3446=ORIENTED_EDGE('',*,*,#6640,.T.);
#3447=ORIENTED_EDGE('',*,*,#6647,.T.);
#3448=ORIENTED_EDGE('',*,*,#6645,.T.);
#3449=ORIENTED_EDGE('',*,*,#6650,.F.);
#3450=ORIENTED_EDGE('',*,*,#6651,.T.);
#3451=ORIENTED_EDGE('',*,*,#6652,.F.);
#3452=ORIENTED_EDGE('',*,*,#6632,.T.);
#3453=ORIENTED_EDGE('',*,*,#6653,.T.);
#3454=ORIENTED_EDGE('',*,*,#6654,.T.);
#3455=ORIENTED_EDGE('',*,*,#6624,.F.);
#3456=ORIENTED_EDGE('',*,*,#6655,.T.);
#3457=ORIENTED_EDGE('',*,*,#6656,.T.);
#3458=ORIENTED_EDGE('',*,*,#6657,.T.);
#3459=ORIENTED_EDGE('',*,*,#6658,.T.);
#3460=CARTESIAN_POINT('',(0.0,-1.94,0.0));
#3461=DIRECTION('',(0.0,-1.0,0.0));
#3462=DIRECTION('',(0.0,0.0,-1.0));
#3463=ORIENTED_EDGE('',*,*,#6659,.F.);
#3464=ORIENTED_EDGE('',*,*,#6660,.T.);
#3465=ORIENTED_EDGE('',*,*,#6648,.F.);
#3466=ORIENTED_EDGE('',*,*,#6623,.F.);
#3467=CARTESIAN_POINT('',(19.05,-1.69,-0.77));
#3468=DIRECTION('',(0.707106781186548,-0.707106781186548,0.0));
#3469=DIRECTION('',(0.0,0.0,-1.0));
#3470=ORIENTED_EDGE('',*,*,#6659,.T.);
#3471=ORIENTED_EDGE('',*,*,#6621,.T.);
#3472=ORIENTED_EDGE('',*,*,#6612,.F.);
#3473=ORIENTED_EDGE('',*,*,#6661,.F.);
#3474=CARTESIAN_POINT('',(19.05,-1.69,0.77));
#3475=DIRECTION('',(-0.707106781186548,-0.707106781186548,0.0));
#3476=DIRECTION('',(-0.707106781186548,0.707106781186548,0.0));
#3477=ORIENTED_EDGE('',*,*,#6611,.T.);
#3478=ORIENTED_EDGE('',*,*,#6605,.F.);
#3479=ORIENTED_EDGE('',*,*,#6397,.F.);
#3480=ORIENTED_EDGE('',*,*,#6392,.T.);
#3481=ORIENTED_EDGE('',*,*,#6662,.T.);
#3482=ORIENTED_EDGE('',*,*,#6661,.T.);
#3483=CARTESIAN_POINT('',(19.05,0.0,0.77));
#3484=DIRECTION('',(-0.707106781186548,0.0,0.707106781186548));
#3485=DIRECTION('',(0.0,1.0,0.0));
#3486=ORIENTED_EDGE('',*,*,#6662,.F.);
#3487=ORIENTED_EDGE('',*,*,#6389,.F.);
#3488=ORIENTED_EDGE('',*,*,#6382,.F.);
#3489=ORIENTED_EDGE('',*,*,#6642,.T.);
#3490=ORIENTED_EDGE('',*,*,#6649,.T.);
#3491=ORIENTED_EDGE('',*,*,#6660,.F.);
#3492=CARTESIAN_POINT('',(18.55,0.0,1.27));
#3493=DIRECTION('',(0.707106781186548,0.0,0.707106781186548));
#3494=DIRECTION('',(0.0,-1.0,0.0));
#3495=ORIENTED_EDGE('',*,*,#6637,.F.);
#3496=ORIENTED_EDGE('',*,*,#6628,.T.);
#3497=ORIENTED_EDGE('',*,*,#6654,.F.);
#3498=ORIENTED_EDGE('',*,*,#6663,.F.);
#3499=CARTESIAN_POINT('',(18.55,-2.54,-0.77));
#3500=DIRECTION('',(-1.0,0.0,0.0));
#3501=DIRECTION('',(0.0,0.0,1.0));
#3502=ORIENTED_EDGE('',*,*,#6638,.T.);
#3503=ORIENTED_EDGE('',*,*,#6663,.T.);
#3504=ORIENTED_EDGE('',*,*,#6653,.F.);
#3505=ORIENTED_EDGE('',*,*,#6631,.F.);
#3506=CARTESIAN_POINT('',(17.01,-2.54,-0.77));
#3507=DIRECTION('',(0.0,0.0,-1.0));
#3508=DIRECTION('',(0.0,-1.0,0.0));
#3509=ORIENTED_EDGE('',*,*,#6652,.T.);
#3510=ORIENTED_EDGE('',*,*,#6664,.F.);
#3511=ORIENTED_EDGE('',*,*,#6665,.F.);
#3512=ORIENTED_EDGE('',*,*,#6374,.F.);
#3513=ORIENTED_EDGE('',*,*,#6379,.F.);
#3514=ORIENTED_EDGE('',*,*,#6627,.T.);
#3515=CARTESIAN_POINT('',(17.01,0.0,-1.27));
#3516=DIRECTION('',(-0.707106781186548,0.0,-0.707106781186548));
#3517=DIRECTION('',(-0.707106781186548,0.0,0.707106781186548));
#3518=ORIENTED_EDGE('',*,*,#6665,.T.);
#3519=ORIENTED_EDGE('',*,*,#6666,.T.);
#3520=ORIENTED_EDGE('',*,*,#6667,.T.);
#3521=ORIENTED_EDGE('',*,*,#6668,.F.);
#3522=ORIENTED_EDGE('',*,*,#6360,.F.);
#3523=ORIENTED_EDGE('',*,*,#6371,.T.);
#3524=CARTESIAN_POINT('',(16.51,0.0,-0.77));
#3525=DIRECTION('',(0.707106781186548,0.0,-0.707106781186548));
#3526=DIRECTION('',(0.0,-1.0,0.0));
#3527=ORIENTED_EDGE('',*,*,#6669,.T.);
#3528=ORIENTED_EDGE('',*,*,#6670,.F.);
#3529=ORIENTED_EDGE('',*,*,#6361,.T.);
#3530=ORIENTED_EDGE('',*,*,#6668,.T.);
#3531=ORIENTED_EDGE('',*,*,#6671,.F.);
#3532=ORIENTED_EDGE('',*,*,#6672,.F.);
#3533=CARTESIAN_POINT('',(13.97,0.0,-1.27));
#3534=DIRECTION('',(0.0,0.0,-1.0));
#3535=DIRECTION('',(0.0,-1.0,0.0));
#3536=ORIENTED_EDGE('',*,*,#6673,.T.);
#3537=ORIENTED_EDGE('',*,*,#6674,.T.);
#3538=ORIENTED_EDGE('',*,*,#6675,.F.);
#3539=ORIENTED_EDGE('',*,*,#6669,.F.);
#3540=CARTESIAN_POINT('',(14.47,-2.54,-1.27));
#3541=DIRECTION('',(1.0,0.0,0.0));
#3542=DIRECTION('',(0.0,1.0,0.0));
#3543=ORIENTED_EDGE('',*,*,#6676,.F.);
#3544=ORIENTED_EDGE('',*,*,#6677,.T.);
#3545=ORIENTED_EDGE('',*,*,#6678,.T.);
#3546=ORIENTED_EDGE('',*,*,#6679,.F.);
#3547=CARTESIAN_POINT('',(0.0,-2.54,0.0));
#3548=DIRECTION('',(0.0,-1.0,0.0));
#3549=DIRECTION('',(0.0,0.0,-1.0));
#3550=ORIENTED_EDGE('',*,*,#6673,.F.);
#3551=ORIENTED_EDGE('',*,*,#6672,.T.);
#3552=ORIENTED_EDGE('',*,*,#6680,.T.);
#3553=ORIENTED_EDGE('',*,*,#6681,.F.);
#3554=CARTESIAN_POINT('',(0.0,-2.54,0.0));
#3555=DIRECTION('',(0.0,-1.0,0.0));
#3556=DIRECTION('',(0.0,0.0,-1.0));
#3557=ORIENTED_EDGE('',*,*,#6676,.T.);
#3558=ORIENTED_EDGE('',*,*,#6682,.T.);
#3559=ORIENTED_EDGE('',*,*,#6683,.F.);
#3560=ORIENTED_EDGE('',*,*,#6684,.F.);
#3561=CARTESIAN_POINT('',(16.01,-2.54,1.27));
#3562=DIRECTION('',(-1.0,0.0,0.0));
#3563=DIRECTION('',(0.0,0.0,1.0));
#3564=ORIENTED_EDGE('',*,*,#6684,.T.);
#3565=ORIENTED_EDGE('',*,*,#6685,.F.);
#3566=ORIENTED_EDGE('',*,*,#6364,.T.);
#3567=ORIENTED_EDGE('',*,*,#6686,.T.);
#3568=ORIENTED_EDGE('',*,*,#6687,.F.);
#3569=ORIENTED_EDGE('',*,*,#6677,.F.);
#3570=CARTESIAN_POINT('',(16.51,0.0,1.27));
#3571=DIRECTION('',(0.0,0.0,1.0));
#3572=DIRECTION('',(1.0,0.0,0.0));
#3573=ORIENTED_EDGE('',*,*,#6678,.F.);
#3574=ORIENTED_EDGE('',*,*,#6687,.T.);
#3575=ORIENTED_EDGE('',*,*,#6688,.F.);
#3576=ORIENTED_EDGE('',*,*,#6689,.F.);
#3577=CARTESIAN_POINT('',(14.47,-2.54,0.77));
#3578=DIRECTION('',(1.0,0.0,0.0));
#3579=DIRECTION('',(0.0,1.0,0.0));
#3580=ORIENTED_EDGE('',*,*,#6679,.T.);
#3581=ORIENTED_EDGE('',*,*,#6689,.T.);
#3582=ORIENTED_EDGE('',*,*,#6690,.F.);
#3583=ORIENTED_EDGE('',*,*,#6682,.F.);
#3584=CARTESIAN_POINT('',(16.01,-2.54,0.77));
#3585=DIRECTION('',(0.0,0.0,1.0));
#3586=DIRECTION('',(1.0,0.0,0.0));
#3587=ORIENTED_EDGE('',*,*,#6691,.T.);
#3588=ORIENTED_EDGE('',*,*,#6692,.F.);
#3589=ORIENTED_EDGE('',*,*,#6683,.T.);
#3590=ORIENTED_EDGE('',*,*,#6690,.T.);
#3591=ORIENTED_EDGE('',*,*,#6688,.T.);
#3592=ORIENTED_EDGE('',*,*,#6693,.F.);
#3593=ORIENTED_EDGE('',*,*,#6694,.T.);
#3594=ORIENTED_EDGE('',*,*,#6695,.F.);
#3595=ORIENTED_EDGE('',*,*,#6675,.T.);
#3596=ORIENTED_EDGE('',*,*,#6696,.T.);
#3597=ORIENTED_EDGE('',*,*,#6697,.T.);
#3598=ORIENTED_EDGE('',*,*,#6667,.F.);
#3599=ORIENTED_EDGE('',*,*,#6698,.T.);
#3600=ORIENTED_EDGE('',*,*,#6699,.T.);
#3601=ORIENTED_EDGE('',*,*,#6700,.T.);
#3602=ORIENTED_EDGE('',*,*,#6701,.T.);
#3603=CARTESIAN_POINT('',(0.0,-1.94,0.0));
#3604=DIRECTION('',(0.0,-1.0,0.0));
#3605=DIRECTION('',(0.0,0.0,-1.0));
#3606=ORIENTED_EDGE('',*,*,#6702,.F.);
#3607=ORIENTED_EDGE('',*,*,#6703,.T.);
#3608=ORIENTED_EDGE('',*,*,#6691,.F.);
#3609=ORIENTED_EDGE('',*,*,#6666,.F.);
#3610=CARTESIAN_POINT('',(16.51,-1.69,-0.77));
#3611=DIRECTION('',(0.707106781186548,-0.707106781186548,0.0));
#3612=DIRECTION('',(0.0,0.0,-1.0));
#3613=ORIENTED_EDGE('',*,*,#6702,.T.);
#3614=ORIENTED_EDGE('',*,*,#6664,.T.);
#3615=ORIENTED_EDGE('',*,*,#6651,.F.);
#3616=ORIENTED_EDGE('',*,*,#6704,.F.);
#3617=CARTESIAN_POINT('',(16.51,-1.69,0.77));
#3618=DIRECTION('',(-0.707106781186548,-0.707106781186548,0.0));
#3619=DIRECTION('',(-0.707106781186548,0.707106781186548,0.0));
#3620=ORIENTED_EDGE('',*,*,#6650,.T.);
#3621=ORIENTED_EDGE('',*,*,#6643,.F.);
#3622=ORIENTED_EDGE('',*,*,#6380,.F.);
#3623=ORIENTED_EDGE('',*,*,#6375,.T.);
#3624=ORIENTED_EDGE('',*,*,#6705,.T.);
#3625=ORIENTED_EDGE('',*,*,#6704,.T.);
#3626=CARTESIAN_POINT('',(16.51,0.0,0.77));
#3627=DIRECTION('',(-0.707106781186548,0.0,0.707106781186548));
#3628=DIRECTION('',(0.0,1.0,0.0));
#3629=ORIENTED_EDGE('',*,*,#6705,.F.);
#3630=ORIENTED_EDGE('',*,*,#6372,.F.);
#3631=ORIENTED_EDGE('',*,*,#6365,.F.);
#3632=ORIENTED_EDGE('',*,*,#6685,.T.);
#3633=ORIENTED_EDGE('',*,*,#6692,.T.);
#3634=ORIENTED_EDGE('',*,*,#6703,.F.);
#3635=CARTESIAN_POINT('',(16.01,0.0,1.27));
#3636=DIRECTION('',(0.707106781186548,0.0,0.707106781186548));
#3637=DIRECTION('',(0.0,-1.0,0.0));
#3638=ORIENTED_EDGE('',*,*,#6680,.F.);
#3639=ORIENTED_EDGE('',*,*,#6671,.T.);
#3640=ORIENTED_EDGE('',*,*,#6697,.F.);
#3641=ORIENTED_EDGE('',*,*,#6706,.F.);
#3642=CARTESIAN_POINT('',(16.01,-2.54,-0.77));
#3643=DIRECTION('',(-1.0,0.0,0.0));
#3644=DIRECTION('',(0.0,0.0,1.0));
#3645=ORIENTED_EDGE('',*,*,#6681,.T.);
#3646=ORIENTED_EDGE('',*,*,#6706,.T.);
#3647=ORIENTED_EDGE('',*,*,#6696,.F.);
#3648=ORIENTED_EDGE('',*,*,#6674,.F.);
#3649=CARTESIAN_POINT('',(14.47,-2.54,-0.77));
#3650=DIRECTION('',(0.0,0.0,-1.0));
#3651=DIRECTION('',(0.0,-1.0,0.0));
#3652=ORIENTED_EDGE('',*,*,#6695,.T.);
#3653=ORIENTED_EDGE('',*,*,#6707,.F.);
#3654=ORIENTED_EDGE('',*,*,#6708,.F.);
#3655=ORIENTED_EDGE('',*,*,#6357,.F.);
#3656=ORIENTED_EDGE('',*,*,#6362,.F.);
#3657=ORIENTED_EDGE('',*,*,#6670,.T.);
#3658=CARTESIAN_POINT('',(14.47,0.0,-1.27));
#3659=DIRECTION('',(-0.707106781186548,0.0,-0.707106781186548));
#3660=DIRECTION('',(-0.707106781186548,0.0,0.707106781186548));
#3661=ORIENTED_EDGE('',*,*,#6708,.T.);
#3662=ORIENTED_EDGE('',*,*,#6709,.T.);
#3663=ORIENTED_EDGE('',*,*,#6710,.T.);
#3664=ORIENTED_EDGE('',*,*,#6711,.F.);
#3665=ORIENTED_EDGE('',*,*,#6343,.F.);
#3666=ORIENTED_EDGE('',*,*,#6354,.T.);
#3667=CARTESIAN_POINT('',(13.97,0.0,-0.77));
#3668=DIRECTION('',(0.707106781186548,0.0,-0.707106781186548));
#3669=DIRECTION('',(0.0,-1.0,0.0));
#3670=ORIENTED_EDGE('',*,*,#6712,.T.);
#3671=ORIENTED_EDGE('',*,*,#6713,.F.);
#3672=ORIENTED_EDGE('',*,*,#6344,.T.);
#3673=ORIENTED_EDGE('',*,*,#6711,.T.);
#3674=ORIENTED_EDGE('',*,*,#6714,.F.);
#3675=ORIENTED_EDGE('',*,*,#6715,.F.);
#3676=CARTESIAN_POINT('',(11.43,0.0,-1.27));
#3677=DIRECTION('',(0.0,0.0,-1.0));
#3678=DIRECTION('',(0.0,-1.0,0.0));
#3679=ORIENTED_EDGE('',*,*,#6716,.T.);
#3680=ORIENTED_EDGE('',*,*,#6717,.T.);
#3681=ORIENTED_EDGE('',*,*,#6718,.F.);
#3682=ORIENTED_EDGE('',*,*,#6712,.F.);
#3683=CARTESIAN_POINT('',(11.93,-2.54,-1.27));
#3684=DIRECTION('',(1.0,0.0,0.0));
#3685=DIRECTION('',(0.0,1.0,0.0));
#3686=ORIENTED_EDGE('',*,*,#6719,.F.);
#3687=ORIENTED_EDGE('',*,*,#6720,.T.);
#3688=ORIENTED_EDGE('',*,*,#6721,.T.);
#3689=ORIENTED_EDGE('',*,*,#6722,.F.);
#3690=CARTESIAN_POINT('',(0.0,-2.54,0.0));
#3691=DIRECTION('',(0.0,-1.0,0.0));
#3692=DIRECTION('',(0.0,0.0,-1.0));
#3693=ORIENTED_EDGE('',*,*,#6716,.F.);
#3694=ORIENTED_EDGE('',*,*,#6715,.T.);
#3695=ORIENTED_EDGE('',*,*,#6723,.T.);
#3696=ORIENTED_EDGE('',*,*,#6724,.F.);
#3697=CARTESIAN_POINT('',(0.0,-2.54,0.0));
#3698=DIRECTION('',(0.0,-1.0,0.0));
#3699=DIRECTION('',(0.0,0.0,-1.0));
#3700=ORIENTED_EDGE('',*,*,#6719,.T.);
#3701=ORIENTED_EDGE('',*,*,#6725,.T.);
#3702=ORIENTED_EDGE('',*,*,#6726,.F.);
#3703=ORIENTED_EDGE('',*,*,#6727,.F.);
#3704=CARTESIAN_POINT('',(13.47,-2.54,1.27));
#3705=DIRECTION('',(-1.0,0.0,0.0));
#3706=DIRECTION('',(0.0,0.0,1.0));
#3707=ORIENTED_EDGE('',*,*,#6727,.T.);
#3708=ORIENTED_EDGE('',*,*,#6728,.F.);
#3709=ORIENTED_EDGE('',*,*,#6347,.T.);
#3710=ORIENTED_EDGE('',*,*,#6729,.T.);
#3711=ORIENTED_EDGE('',*,*,#6730,.F.);
#3712=ORIENTED_EDGE('',*,*,#6720,.F.);
#3713=CARTESIAN_POINT('',(13.97,0.0,1.27));
#3714=DIRECTION('',(0.0,0.0,1.0));
#3715=DIRECTION('',(1.0,0.0,0.0));
#3716=ORIENTED_EDGE('',*,*,#6721,.F.);
#3717=ORIENTED_EDGE('',*,*,#6730,.T.);
#3718=ORIENTED_EDGE('',*,*,#6731,.F.);
#3719=ORIENTED_EDGE('',*,*,#6732,.F.);
#3720=CARTESIAN_POINT('',(11.93,-2.54,0.77));
#3721=DIRECTION('',(1.0,0.0,0.0));
#3722=DIRECTION('',(0.0,1.0,0.0));
#3723=ORIENTED_EDGE('',*,*,#6722,.T.);
#3724=ORIENTED_EDGE('',*,*,#6732,.T.);
#3725=ORIENTED_EDGE('',*,*,#6733,.F.);
#3726=ORIENTED_EDGE('',*,*,#6725,.F.);
#3727=CARTESIAN_POINT('',(13.47,-2.54,0.77));
#3728=DIRECTION('',(0.0,0.0,1.0));
#3729=DIRECTION('',(1.0,0.0,0.0));
#3730=ORIENTED_EDGE('',*,*,#6734,.T.);
#3731=ORIENTED_EDGE('',*,*,#6735,.F.);
#3732=ORIENTED_EDGE('',*,*,#6726,.T.);
#3733=ORIENTED_EDGE('',*,*,#6733,.T.);
#3734=ORIENTED_EDGE('',*,*,#6731,.T.);
#3735=ORIENTED_EDGE('',*,*,#6736,.F.);
#3736=ORIENTED_EDGE('',*,*,#6737,.T.);
#3737=ORIENTED_EDGE('',*,*,#6738,.F.);
#3738=ORIENTED_EDGE('',*,*,#6718,.T.);
#3739=ORIENTED_EDGE('',*,*,#6739,.T.);
#3740=ORIENTED_EDGE('',*,*,#6740,.T.);
#3741=ORIENTED_EDGE('',*,*,#6710,.F.);
#3742=ORIENTED_EDGE('',*,*,#6741,.T.);
#3743=ORIENTED_EDGE('',*,*,#6742,.T.);
#3744=ORIENTED_EDGE('',*,*,#6743,.T.);
#3745=ORIENTED_EDGE('',*,*,#6744,.T.);
#3746=CARTESIAN_POINT('',(0.0,-1.94,0.0));
#3747=DIRECTION('',(0.0,-1.0,0.0));
#3748=DIRECTION('',(0.0,0.0,-1.0));
#3749=ORIENTED_EDGE('',*,*,#6745,.F.);
#3750=ORIENTED_EDGE('',*,*,#6746,.T.);
#3751=ORIENTED_EDGE('',*,*,#6734,.F.);
#3752=ORIENTED_EDGE('',*,*,#6709,.F.);
#3753=CARTESIAN_POINT('',(13.97,-1.69,-0.77));
#3754=DIRECTION('',(0.707106781186548,-0.707106781186548,0.0));
#3755=DIRECTION('',(0.0,0.0,-1.0));
#3756=ORIENTED_EDGE('',*,*,#6745,.T.);
#3757=ORIENTED_EDGE('',*,*,#6707,.T.);
#3758=ORIENTED_EDGE('',*,*,#6694,.F.);
#3759=ORIENTED_EDGE('',*,*,#6747,.F.);
#3760=CARTESIAN_POINT('',(13.97,-1.69,0.77));
#3761=DIRECTION('',(-0.707106781186548,-0.707106781186548,0.0));
#3762=DIRECTION('',(-0.707106781186548,0.707106781186548,0.0));
#3763=ORIENTED_EDGE('',*,*,#6693,.T.);
#3764=ORIENTED_EDGE('',*,*,#6686,.F.);
#3765=ORIENTED_EDGE('',*,*,#6363,.F.);
#3766=ORIENTED_EDGE('',*,*,#6358,.T.);
#3767=ORIENTED_EDGE('',*,*,#6748,.T.);
#3768=ORIENTED_EDGE('',*,*,#6747,.T.);
#3769=CARTESIAN_POINT('',(13.97,0.0,0.77));
#3770=DIRECTION('',(-0.707106781186548,0.0,0.707106781186548));
#3771=DIRECTION('',(0.0,1.0,0.0));
#3772=ORIENTED_EDGE('',*,*,#6748,.F.);
#3773=ORIENTED_EDGE('',*,*,#6355,.F.);
#3774=ORIENTED_EDGE('',*,*,#6348,.F.);
#3775=ORIENTED_EDGE('',*,*,#6728,.T.);
#3776=ORIENTED_EDGE('',*,*,#6735,.T.);
#3777=ORIENTED_EDGE('',*,*,#6746,.F.);
#3778=CARTESIAN_POINT('',(13.47,0.0,1.27));
#3779=DIRECTION('',(0.707106781186548,0.0,0.707106781186548));
#3780=DIRECTION('',(0.0,-1.0,0.0));
#3781=ORIENTED_EDGE('',*,*,#6723,.F.);
#3782=ORIENTED_EDGE('',*,*,#6714,.T.);
#3783=ORIENTED_EDGE('',*,*,#6740,.F.);
#3784=ORIENTED_EDGE('',*,*,#6749,.F.);
#3785=CARTESIAN_POINT('',(13.47,-2.54,-0.77));
#3786=DIRECTION('',(-1.0,0.0,0.0));
#3787=DIRECTION('',(0.0,0.0,1.0));
#3788=ORIENTED_EDGE('',*,*,#6724,.T.);
#3789=ORIENTED_EDGE('',*,*,#6749,.T.);
#3790=ORIENTED_EDGE('',*,*,#6739,.F.);
#3791=ORIENTED_EDGE('',*,*,#6717,.F.);
#3792=CARTESIAN_POINT('',(11.93,-2.54,-0.77));
#3793=DIRECTION('',(0.0,0.0,-1.0));
#3794=DIRECTION('',(0.0,-1.0,0.0));
#3795=ORIENTED_EDGE('',*,*,#6738,.T.);
#3796=ORIENTED_EDGE('',*,*,#6750,.F.);
#3797=ORIENTED_EDGE('',*,*,#6751,.F.);
#3798=ORIENTED_EDGE('',*,*,#6340,.F.);
#3799=ORIENTED_EDGE('',*,*,#6345,.F.);
#3800=ORIENTED_EDGE('',*,*,#6713,.T.);
#3801=CARTESIAN_POINT('',(11.93,0.0,-1.27));
#3802=DIRECTION('',(-0.707106781186548,0.0,-0.707106781186548));
#3803=DIRECTION('',(-0.707106781186548,0.0,0.707106781186548));
#3804=ORIENTED_EDGE('',*,*,#6751,.T.);
#3805=ORIENTED_EDGE('',*,*,#6752,.T.);
#3806=ORIENTED_EDGE('',*,*,#6753,.T.);
#3807=ORIENTED_EDGE('',*,*,#6754,.F.);
#3808=ORIENTED_EDGE('',*,*,#6326,.F.);
#3809=ORIENTED_EDGE('',*,*,#6337,.T.);
#3810=CARTESIAN_POINT('',(11.43,0.0,-0.77));
#3811=DIRECTION('',(0.707106781186548,0.0,-0.707106781186548));
#3812=DIRECTION('',(0.0,-1.0,0.0));
#3813=ORIENTED_EDGE('',*,*,#6755,.T.);
#3814=ORIENTED_EDGE('',*,*,#6756,.F.);
#3815=ORIENTED_EDGE('',*,*,#6327,.T.);
#3816=ORIENTED_EDGE('',*,*,#6754,.T.);
#3817=ORIENTED_EDGE('',*,*,#6757,.F.);
#3818=ORIENTED_EDGE('',*,*,#6758,.F.);
#3819=CARTESIAN_POINT('',(8.89,0.0,-1.27));
#3820=DIRECTION('',(0.0,0.0,-1.0));
#3821=DIRECTION('',(0.0,-1.0,0.0));
#3822=ORIENTED_EDGE('',*,*,#6759,.T.);
#3823=ORIENTED_EDGE('',*,*,#6760,.T.);
#3824=ORIENTED_EDGE('',*,*,#6761,.F.);
#3825=ORIENTED_EDGE('',*,*,#6755,.F.);
#3826=CARTESIAN_POINT('',(9.39,-2.54,-1.27));
#3827=DIRECTION('',(1.0,0.0,0.0));
#3828=DIRECTION('',(0.0,1.0,0.0));
#3829=ORIENTED_EDGE('',*,*,#6762,.F.);
#3830=ORIENTED_EDGE('',*,*,#6763,.T.);
#3831=ORIENTED_EDGE('',*,*,#6764,.T.);
#3832=ORIENTED_EDGE('',*,*,#6765,.F.);
#3833=CARTESIAN_POINT('',(0.0,-2.54,0.0));
#3834=DIRECTION('',(0.0,-1.0,0.0));
#3835=DIRECTION('',(0.0,0.0,-1.0));
#3836=ORIENTED_EDGE('',*,*,#6759,.F.);
#3837=ORIENTED_EDGE('',*,*,#6758,.T.);
#3838=ORIENTED_EDGE('',*,*,#6766,.T.);
#3839=ORIENTED_EDGE('',*,*,#6767,.F.);
#3840=CARTESIAN_POINT('',(0.0,-2.54,0.0));
#3841=DIRECTION('',(0.0,-1.0,0.0));
#3842=DIRECTION('',(0.0,0.0,-1.0));
#3843=ORIENTED_EDGE('',*,*,#6762,.T.);
#3844=ORIENTED_EDGE('',*,*,#6768,.T.);
#3845=ORIENTED_EDGE('',*,*,#6769,.F.);
#3846=ORIENTED_EDGE('',*,*,#6770,.F.);
#3847=CARTESIAN_POINT('',(10.93,-2.54,1.27));
#3848=DIRECTION('',(-1.0,0.0,0.0));
#3849=DIRECTION('',(0.0,0.0,1.0));
#3850=ORIENTED_EDGE('',*,*,#6770,.T.);
#3851=ORIENTED_EDGE('',*,*,#6771,.F.);
#3852=ORIENTED_EDGE('',*,*,#6330,.T.);
#3853=ORIENTED_EDGE('',*,*,#6772,.T.);
#3854=ORIENTED_EDGE('',*,*,#6773,.F.);
#3855=ORIENTED_EDGE('',*,*,#6763,.F.);
#3856=CARTESIAN_POINT('',(11.43,0.0,1.27));
#3857=DIRECTION('',(0.0,0.0,1.0));
#3858=DIRECTION('',(1.0,0.0,0.0));
#3859=ORIENTED_EDGE('',*,*,#6764,.F.);
#3860=ORIENTED_EDGE('',*,*,#6773,.T.);
#3861=ORIENTED_EDGE('',*,*,#6774,.F.);
#3862=ORIENTED_EDGE('',*,*,#6775,.F.);
#3863=CARTESIAN_POINT('',(9.39,-2.54,0.77));
#3864=DIRECTION('',(1.0,0.0,0.0));
#3865=DIRECTION('',(0.0,1.0,0.0));
#3866=ORIENTED_EDGE('',*,*,#6765,.T.);
#3867=ORIENTED_EDGE('',*,*,#6775,.T.);
#3868=ORIENTED_EDGE('',*,*,#6776,.F.);
#3869=ORIENTED_EDGE('',*,*,#6768,.F.);
#3870=CARTESIAN_POINT('',(10.93,-2.54,0.77));
#3871=DIRECTION('',(0.0,0.0,1.0));
#3872=DIRECTION('',(1.0,0.0,0.0));
#3873=ORIENTED_EDGE('',*,*,#6777,.T.);
#3874=ORIENTED_EDGE('',*,*,#6778,.F.);
#3875=ORIENTED_EDGE('',*,*,#6769,.T.);
#3876=ORIENTED_EDGE('',*,*,#6776,.T.);
#3877=ORIENTED_EDGE('',*,*,#6774,.T.);
#3878=ORIENTED_EDGE('',*,*,#6779,.F.);
#3879=ORIENTED_EDGE('',*,*,#6780,.T.);
#3880=ORIENTED_EDGE('',*,*,#6781,.F.);
#3881=ORIENTED_EDGE('',*,*,#6761,.T.);
#3882=ORIENTED_EDGE('',*,*,#6782,.T.);
#3883=ORIENTED_EDGE('',*,*,#6783,.T.);
#3884=ORIENTED_EDGE('',*,*,#6753,.F.);
#3885=ORIENTED_EDGE('',*,*,#6784,.T.);
#3886=ORIENTED_EDGE('',*,*,#6785,.T.);
#3887=ORIENTED_EDGE('',*,*,#6786,.T.);
#3888=ORIENTED_EDGE('',*,*,#6787,.T.);
#3889=CARTESIAN_POINT('',(0.0,-1.94,0.0));
#3890=DIRECTION('',(0.0,-1.0,0.0));
#3891=DIRECTION('',(0.0,0.0,-1.0));
#3892=ORIENTED_EDGE('',*,*,#6788,.F.);
#3893=ORIENTED_EDGE('',*,*,#6789,.T.);
#3894=ORIENTED_EDGE('',*,*,#6777,.F.);
#3895=ORIENTED_EDGE('',*,*,#6752,.F.);
#3896=CARTESIAN_POINT('',(11.43,-1.69,-0.77));
#3897=DIRECTION('',(0.707106781186548,-0.707106781186548,0.0));
#3898=DIRECTION('',(0.0,0.0,-1.0));
#3899=ORIENTED_EDGE('',*,*,#6788,.T.);
#3900=ORIENTED_EDGE('',*,*,#6750,.T.);
#3901=ORIENTED_EDGE('',*,*,#6737,.F.);
#3902=ORIENTED_EDGE('',*,*,#6790,.F.);
#3903=CARTESIAN_POINT('',(11.43,-1.69,0.77));
#3904=DIRECTION('',(-0.707106781186548,-0.707106781186548,0.0));
#3905=DIRECTION('',(-0.707106781186548,0.707106781186548,0.0));
#3906=ORIENTED_EDGE('',*,*,#6736,.T.);
#3907=ORIENTED_EDGE('',*,*,#6729,.F.);
#3908=ORIENTED_EDGE('',*,*,#6346,.F.);
#3909=ORIENTED_EDGE('',*,*,#6341,.T.);
#3910=ORIENTED_EDGE('',*,*,#6791,.T.);
#3911=ORIENTED_EDGE('',*,*,#6790,.T.);
#3912=CARTESIAN_POINT('',(11.43,0.0,0.77));
#3913=DIRECTION('',(-0.707106781186548,0.0,0.707106781186548));
#3914=DIRECTION('',(0.0,1.0,0.0));
#3915=ORIENTED_EDGE('',*,*,#6791,.F.);
#3916=ORIENTED_EDGE('',*,*,#6338,.F.);
#3917=ORIENTED_EDGE('',*,*,#6331,.F.);
#3918=ORIENTED_EDGE('',*,*,#6771,.T.);
#3919=ORIENTED_EDGE('',*,*,#6778,.T.);
#3920=ORIENTED_EDGE('',*,*,#6789,.F.);
#3921=CARTESIAN_POINT('',(10.93,0.0,1.27));
#3922=DIRECTION('',(0.707106781186548,0.0,0.707106781186548));
#3923=DIRECTION('',(0.0,-1.0,0.0));
#3924=ORIENTED_EDGE('',*,*,#6766,.F.);
#3925=ORIENTED_EDGE('',*,*,#6757,.T.);
#3926=ORIENTED_EDGE('',*,*,#6783,.F.);
#3927=ORIENTED_EDGE('',*,*,#6792,.F.);
#3928=CARTESIAN_POINT('',(10.93,-2.54,-0.77));
#3929=DIRECTION('',(-1.0,0.0,0.0));
#3930=DIRECTION('',(0.0,0.0,1.0));
#3931=ORIENTED_EDGE('',*,*,#6767,.T.);
#3932=ORIENTED_EDGE('',*,*,#6792,.T.);
#3933=ORIENTED_EDGE('',*,*,#6782,.F.);
#3934=ORIENTED_EDGE('',*,*,#6760,.F.);
#3935=CARTESIAN_POINT('',(9.39,-2.54,-0.77));
#3936=DIRECTION('',(0.0,0.0,-1.0));
#3937=DIRECTION('',(0.0,-1.0,0.0));
#3938=ORIENTED_EDGE('',*,*,#6781,.T.);
#3939=ORIENTED_EDGE('',*,*,#6793,.F.);
#3940=ORIENTED_EDGE('',*,*,#6794,.F.);
#3941=ORIENTED_EDGE('',*,*,#6323,.F.);
#3942=ORIENTED_EDGE('',*,*,#6328,.F.);
#3943=ORIENTED_EDGE('',*,*,#6756,.T.);
#3944=CARTESIAN_POINT('',(9.39,0.0,-1.27));
#3945=DIRECTION('',(-0.707106781186548,0.0,-0.707106781186548));
#3946=DIRECTION('',(-0.707106781186548,0.0,0.707106781186548));
#3947=ORIENTED_EDGE('',*,*,#6794,.T.);
#3948=ORIENTED_EDGE('',*,*,#6795,.T.);
#3949=ORIENTED_EDGE('',*,*,#6796,.T.);
#3950=ORIENTED_EDGE('',*,*,#6797,.F.);
#3951=ORIENTED_EDGE('',*,*,#6309,.F.);
#3952=ORIENTED_EDGE('',*,*,#6320,.T.);
#3953=CARTESIAN_POINT('',(8.89,0.0,-0.77));
#3954=DIRECTION('',(0.707106781186548,0.0,-0.707106781186548));
#3955=DIRECTION('',(0.0,-1.0,0.0));
#3956=ORIENTED_EDGE('',*,*,#6798,.T.);
#3957=ORIENTED_EDGE('',*,*,#6799,.F.);
#3958=ORIENTED_EDGE('',*,*,#6310,.T.);
#3959=ORIENTED_EDGE('',*,*,#6797,.T.);
#3960=ORIENTED_EDGE('',*,*,#6800,.F.);
#3961=ORIENTED_EDGE('',*,*,#6801,.F.);
#3962=CARTESIAN_POINT('',(6.35,0.0,-1.27));
#3963=DIRECTION('',(0.0,0.0,-1.0));
#3964=DIRECTION('',(0.0,-1.0,0.0));
#3965=ORIENTED_EDGE('',*,*,#6802,.T.);
#3966=ORIENTED_EDGE('',*,*,#6803,.T.);
#3967=ORIENTED_EDGE('',*,*,#6804,.F.);
#3968=ORIENTED_EDGE('',*,*,#6798,.F.);
#3969=CARTESIAN_POINT('',(6.85,-2.54,-1.27));
#3970=DIRECTION('',(1.0,0.0,0.0));
#3971=DIRECTION('',(0.0,1.0,0.0));
#3972=ORIENTED_EDGE('',*,*,#6805,.F.);
#3973=ORIENTED_EDGE('',*,*,#6806,.T.);
#3974=ORIENTED_EDGE('',*,*,#6807,.T.);
#3975=ORIENTED_EDGE('',*,*,#6808,.F.);
#3976=CARTESIAN_POINT('',(0.0,-2.54,0.0));
#3977=DIRECTION('',(0.0,-1.0,0.0));
#3978=DIRECTION('',(0.0,0.0,-1.0));
#3979=ORIENTED_EDGE('',*,*,#6802,.F.);
#3980=ORIENTED_EDGE('',*,*,#6801,.T.);
#3981=ORIENTED_EDGE('',*,*,#6809,.T.);
#3982=ORIENTED_EDGE('',*,*,#6810,.F.);
#3983=CARTESIAN_POINT('',(0.0,-2.54,0.0));
#3984=DIRECTION('',(0.0,-1.0,0.0));
#3985=DIRECTION('',(0.0,0.0,-1.0));
#3986=ORIENTED_EDGE('',*,*,#6805,.T.);
#3987=ORIENTED_EDGE('',*,*,#6811,.T.);
#3988=ORIENTED_EDGE('',*,*,#6812,.F.);
#3989=ORIENTED_EDGE('',*,*,#6813,.F.);
#3990=CARTESIAN_POINT('',(8.39,-2.54,1.27));
#3991=DIRECTION('',(-1.0,0.0,0.0));
#3992=DIRECTION('',(0.0,0.0,1.0));
#3993=ORIENTED_EDGE('',*,*,#6813,.T.);
#3994=ORIENTED_EDGE('',*,*,#6814,.F.);
#3995=ORIENTED_EDGE('',*,*,#6313,.T.);
#3996=ORIENTED_EDGE('',*,*,#6815,.T.);
#3997=ORIENTED_EDGE('',*,*,#6816,.F.);
#3998=ORIENTED_EDGE('',*,*,#6806,.F.);
#3999=CARTESIAN_POINT('',(8.89,0.0,1.27));
#4000=DIRECTION('',(0.0,0.0,1.0));
#4001=DIRECTION('',(1.0,0.0,0.0));
#4002=ORIENTED_EDGE('',*,*,#6807,.F.);
#4003=ORIENTED_EDGE('',*,*,#6816,.T.);
#4004=ORIENTED_EDGE('',*,*,#6817,.F.);
#4005=ORIENTED_EDGE('',*,*,#6818,.F.);
#4006=CARTESIAN_POINT('',(6.85,-2.54,0.77));
#4007=DIRECTION('',(1.0,0.0,0.0));
#4008=DIRECTION('',(0.0,1.0,0.0));
#4009=ORIENTED_EDGE('',*,*,#6808,.T.);
#4010=ORIENTED_EDGE('',*,*,#6818,.T.);
#4011=ORIENTED_EDGE('',*,*,#6819,.F.);
#4012=ORIENTED_EDGE('',*,*,#6811,.F.);
#4013=CARTESIAN_POINT('',(8.39,-2.54,0.77));
#4014=DIRECTION('',(0.0,0.0,1.0));
#4015=DIRECTION('',(1.0,0.0,0.0));
#4016=ORIENTED_EDGE('',*,*,#6820,.T.);
#4017=ORIENTED_EDGE('',*,*,#6821,.F.);
#4018=ORIENTED_EDGE('',*,*,#6812,.T.);
#4019=ORIENTED_EDGE('',*,*,#6819,.T.);
#4020=ORIENTED_EDGE('',*,*,#6817,.T.);
#4021=ORIENTED_EDGE('',*,*,#6822,.F.);
#4022=ORIENTED_EDGE('',*,*,#6823,.T.);
#4023=ORIENTED_EDGE('',*,*,#6824,.F.);
#4024=ORIENTED_EDGE('',*,*,#6804,.T.);
#4025=ORIENTED_EDGE('',*,*,#6825,.T.);
#4026=ORIENTED_EDGE('',*,*,#6826,.T.);
#4027=ORIENTED_EDGE('',*,*,#6796,.F.);
#4028=ORIENTED_EDGE('',*,*,#6827,.T.);
#4029=ORIENTED_EDGE('',*,*,#6828,.T.);
#4030=ORIENTED_EDGE('',*,*,#6829,.T.);
#4031=ORIENTED_EDGE('',*,*,#6830,.T.);
#4032=CARTESIAN_POINT('',(0.0,-1.94,0.0));
#4033=DIRECTION('',(0.0,-1.0,0.0));
#4034=DIRECTION('',(0.0,0.0,-1.0));
#4035=ORIENTED_EDGE('',*,*,#6831,.F.);
#4036=ORIENTED_EDGE('',*,*,#6832,.T.);
#4037=ORIENTED_EDGE('',*,*,#6820,.F.);
#4038=ORIENTED_EDGE('',*,*,#6795,.F.);
#4039=CARTESIAN_POINT('',(8.89,-1.69,-0.77));
#4040=DIRECTION('',(0.707106781186548,-0.707106781186548,0.0));
#4041=DIRECTION('',(0.0,0.0,-1.0));
#4042=ORIENTED_EDGE('',*,*,#6831,.T.);
#4043=ORIENTED_EDGE('',*,*,#6793,.T.);
#4044=ORIENTED_EDGE('',*,*,#6780,.F.);
#4045=ORIENTED_EDGE('',*,*,#6833,.F.);
#4046=CARTESIAN_POINT('',(8.89,-1.69,0.77));
#4047=DIRECTION('',(-0.707106781186548,-0.707106781186548,0.0));
#4048=DIRECTION('',(-0.707106781186548,0.707106781186548,0.0));
#4049=ORIENTED_EDGE('',*,*,#6779,.T.);
#4050=ORIENTED_EDGE('',*,*,#6772,.F.);
#4051=ORIENTED_EDGE('',*,*,#6329,.F.);
#4052=ORIENTED_EDGE('',*,*,#6324,.T.);
#4053=ORIENTED_EDGE('',*,*,#6834,.T.);
#4054=ORIENTED_EDGE('',*,*,#6833,.T.);
#4055=CARTESIAN_POINT('',(8.89,0.0,0.77));
#4056=DIRECTION('',(-0.707106781186548,0.0,0.707106781186548));
#4057=DIRECTION('',(0.0,1.0,0.0));
#4058=ORIENTED_EDGE('',*,*,#6834,.F.);
#4059=ORIENTED_EDGE('',*,*,#6321,.F.);
#4060=ORIENTED_EDGE('',*,*,#6314,.F.);
#4061=ORIENTED_EDGE('',*,*,#6814,.T.);
#4062=ORIENTED_EDGE('',*,*,#6821,.T.);
#4063=ORIENTED_EDGE('',*,*,#6832,.F.);
#4064=CARTESIAN_POINT('',(8.39,0.0,1.27));
#4065=DIRECTION('',(0.707106781186548,0.0,0.707106781186548));
#4066=DIRECTION('',(0.0,-1.0,0.0));
#4067=ORIENTED_EDGE('',*,*,#6809,.F.);
#4068=ORIENTED_EDGE('',*,*,#6800,.T.);
#4069=ORIENTED_EDGE('',*,*,#6826,.F.);
#4070=ORIENTED_EDGE('',*,*,#6835,.F.);
#4071=CARTESIAN_POINT('',(8.39,-2.54,-0.77));
#4072=DIRECTION('',(-1.0,0.0,0.0));
#4073=DIRECTION('',(0.0,0.0,1.0));
#4074=ORIENTED_EDGE('',*,*,#6810,.T.);
#4075=ORIENTED_EDGE('',*,*,#6835,.T.);
#4076=ORIENTED_EDGE('',*,*,#6825,.F.);
#4077=ORIENTED_EDGE('',*,*,#6803,.F.);
#4078=CARTESIAN_POINT('',(6.85,-2.54,-0.77));
#4079=DIRECTION('',(0.0,0.0,-1.0));
#4080=DIRECTION('',(0.0,-1.0,0.0));
#4081=ORIENTED_EDGE('',*,*,#6824,.T.);
#4082=ORIENTED_EDGE('',*,*,#6836,.F.);
#4083=ORIENTED_EDGE('',*,*,#6837,.F.);
#4084=ORIENTED_EDGE('',*,*,#6306,.F.);
#4085=ORIENTED_EDGE('',*,*,#6311,.F.);
#4086=ORIENTED_EDGE('',*,*,#6799,.T.);
#4087=CARTESIAN_POINT('',(6.85,0.0,-1.27));
#4088=DIRECTION('',(-0.707106781186548,0.0,-0.707106781186548));
#4089=DIRECTION('',(-0.707106781186548,0.0,0.707106781186548));
#4090=ORIENTED_EDGE('',*,*,#6837,.T.);
#4091=ORIENTED_EDGE('',*,*,#6838,.T.);
#4092=ORIENTED_EDGE('',*,*,#6839,.T.);
#4093=ORIENTED_EDGE('',*,*,#6840,.F.);
#4094=ORIENTED_EDGE('',*,*,#6292,.F.);
#4095=ORIENTED_EDGE('',*,*,#6303,.T.);
#4096=CARTESIAN_POINT('',(6.35,0.0,-0.77));
#4097=DIRECTION('',(0.707106781186548,0.0,-0.707106781186548));
#4098=DIRECTION('',(0.0,-1.0,0.0));
#4099=ORIENTED_EDGE('',*,*,#6841,.T.);
#4100=ORIENTED_EDGE('',*,*,#6842,.F.);
#4101=ORIENTED_EDGE('',*,*,#6293,.T.);
#4102=ORIENTED_EDGE('',*,*,#6840,.T.);
#4103=ORIENTED_EDGE('',*,*,#6843,.F.);
#4104=ORIENTED_EDGE('',*,*,#6844,.F.);
#4105=CARTESIAN_POINT('',(3.81,0.0,-1.27));
#4106=DIRECTION('',(0.0,0.0,-1.0));
#4107=DIRECTION('',(0.0,-1.0,0.0));
#4108=ORIENTED_EDGE('',*,*,#6845,.T.);
#4109=ORIENTED_EDGE('',*,*,#6846,.T.);
#4110=ORIENTED_EDGE('',*,*,#6847,.F.);
#4111=ORIENTED_EDGE('',*,*,#6841,.F.);
#4112=CARTESIAN_POINT('',(4.31,-2.54,-1.27));
#4113=DIRECTION('',(1.0,0.0,0.0));
#4114=DIRECTION('',(0.0,1.0,0.0));
#4115=ORIENTED_EDGE('',*,*,#6848,.F.);
#4116=ORIENTED_EDGE('',*,*,#6849,.T.);
#4117=ORIENTED_EDGE('',*,*,#6850,.T.);
#4118=ORIENTED_EDGE('',*,*,#6851,.F.);
#4119=CARTESIAN_POINT('',(0.0,-2.54,0.0));
#4120=DIRECTION('',(0.0,-1.0,0.0));
#4121=DIRECTION('',(0.0,0.0,-1.0));
#4122=ORIENTED_EDGE('',*,*,#6845,.F.);
#4123=ORIENTED_EDGE('',*,*,#6844,.T.);
#4124=ORIENTED_EDGE('',*,*,#6852,.T.);
#4125=ORIENTED_EDGE('',*,*,#6853,.F.);
#4126=CARTESIAN_POINT('',(0.0,-2.54,0.0));
#4127=DIRECTION('',(0.0,-1.0,0.0));
#4128=DIRECTION('',(0.0,0.0,-1.0));
#4129=ORIENTED_EDGE('',*,*,#6848,.T.);
#4130=ORIENTED_EDGE('',*,*,#6854,.T.);
#4131=ORIENTED_EDGE('',*,*,#6855,.F.);
#4132=ORIENTED_EDGE('',*,*,#6856,.F.);
#4133=CARTESIAN_POINT('',(5.85,-2.54,1.27));
#4134=DIRECTION('',(-1.0,0.0,0.0));
#4135=DIRECTION('',(0.0,0.0,1.0));
#4136=ORIENTED_EDGE('',*,*,#6856,.T.);
#4137=ORIENTED_EDGE('',*,*,#6857,.F.);
#4138=ORIENTED_EDGE('',*,*,#6296,.T.);
#4139=ORIENTED_EDGE('',*,*,#6858,.T.);
#4140=ORIENTED_EDGE('',*,*,#6859,.F.);
#4141=ORIENTED_EDGE('',*,*,#6849,.F.);
#4142=CARTESIAN_POINT('',(6.35,0.0,1.27));
#4143=DIRECTION('',(0.0,0.0,1.0));
#4144=DIRECTION('',(1.0,0.0,0.0));
#4145=ORIENTED_EDGE('',*,*,#6850,.F.);
#4146=ORIENTED_EDGE('',*,*,#6859,.T.);
#4147=ORIENTED_EDGE('',*,*,#6860,.F.);
#4148=ORIENTED_EDGE('',*,*,#6861,.F.);
#4149=CARTESIAN_POINT('',(4.31,-2.54,0.77));
#4150=DIRECTION('',(1.0,0.0,0.0));
#4151=DIRECTION('',(0.0,1.0,0.0));
#4152=ORIENTED_EDGE('',*,*,#6851,.T.);
#4153=ORIENTED_EDGE('',*,*,#6861,.T.);
#4154=ORIENTED_EDGE('',*,*,#6862,.F.);
#4155=ORIENTED_EDGE('',*,*,#6854,.F.);
#4156=CARTESIAN_POINT('',(5.85,-2.54,0.77));
#4157=DIRECTION('',(0.0,0.0,1.0));
#4158=DIRECTION('',(1.0,0.0,0.0));
#4159=ORIENTED_EDGE('',*,*,#6863,.T.);
#4160=ORIENTED_EDGE('',*,*,#6864,.F.);
#4161=ORIENTED_EDGE('',*,*,#6855,.T.);
#4162=ORIENTED_EDGE('',*,*,#6862,.T.);
#4163=ORIENTED_EDGE('',*,*,#6860,.T.);
#4164=ORIENTED_EDGE('',*,*,#6865,.F.);
#4165=ORIENTED_EDGE('',*,*,#6866,.T.);
#4166=ORIENTED_EDGE('',*,*,#6867,.F.);
#4167=ORIENTED_EDGE('',*,*,#6847,.T.);
#4168=ORIENTED_EDGE('',*,*,#6868,.T.);
#4169=ORIENTED_EDGE('',*,*,#6869,.T.);
#4170=ORIENTED_EDGE('',*,*,#6839,.F.);
#4171=ORIENTED_EDGE('',*,*,#6870,.T.);
#4172=ORIENTED_EDGE('',*,*,#6871,.T.);
#4173=ORIENTED_EDGE('',*,*,#6872,.T.);
#4174=ORIENTED_EDGE('',*,*,#6873,.T.);
#4175=CARTESIAN_POINT('',(0.0,-1.94,0.0));
#4176=DIRECTION('',(0.0,-1.0,0.0));
#4177=DIRECTION('',(0.0,0.0,-1.0));
#4178=ORIENTED_EDGE('',*,*,#6874,.F.);
#4179=ORIENTED_EDGE('',*,*,#6875,.T.);
#4180=ORIENTED_EDGE('',*,*,#6863,.F.);
#4181=ORIENTED_EDGE('',*,*,#6838,.F.);
#4182=CARTESIAN_POINT('',(6.35,-1.69,-0.77));
#4183=DIRECTION('',(0.707106781186548,-0.707106781186548,0.0));
#4184=DIRECTION('',(0.0,0.0,-1.0));
#4185=ORIENTED_EDGE('',*,*,#6874,.T.);
#4186=ORIENTED_EDGE('',*,*,#6836,.T.);
#4187=ORIENTED_EDGE('',*,*,#6823,.F.);
#4188=ORIENTED_EDGE('',*,*,#6876,.F.);
#4189=CARTESIAN_POINT('',(6.35,-1.69,0.77));
#4190=DIRECTION('',(-0.707106781186548,-0.707106781186548,0.0));
#4191=DIRECTION('',(-0.707106781186548,0.707106781186548,0.0));
#4192=ORIENTED_EDGE('',*,*,#6822,.T.);
#4193=ORIENTED_EDGE('',*,*,#6815,.F.);
#4194=ORIENTED_EDGE('',*,*,#6312,.F.);
#4195=ORIENTED_EDGE('',*,*,#6307,.T.);
#4196=ORIENTED_EDGE('',*,*,#6877,.T.);
#4197=ORIENTED_EDGE('',*,*,#6876,.T.);
#4198=CARTESIAN_POINT('',(6.35,0.0,0.77));
#4199=DIRECTION('',(-0.707106781186548,0.0,0.707106781186548));
#4200=DIRECTION('',(0.0,1.0,0.0));
#4201=ORIENTED_EDGE('',*,*,#6877,.F.);
#4202=ORIENTED_EDGE('',*,*,#6304,.F.);
#4203=ORIENTED_EDGE('',*,*,#6297,.F.);
#4204=ORIENTED_EDGE('',*,*,#6857,.T.);
#4205=ORIENTED_EDGE('',*,*,#6864,.T.);
#4206=ORIENTED_EDGE('',*,*,#6875,.F.);
#4207=CARTESIAN_POINT('',(5.85,0.0,1.27));
#4208=DIRECTION('',(0.707106781186548,0.0,0.707106781186548));
#4209=DIRECTION('',(0.0,-1.0,0.0));
#4210=ORIENTED_EDGE('',*,*,#6852,.F.);
#4211=ORIENTED_EDGE('',*,*,#6843,.T.);
#4212=ORIENTED_EDGE('',*,*,#6869,.F.);
#4213=ORIENTED_EDGE('',*,*,#6878,.F.);
#4214=CARTESIAN_POINT('',(5.85,-2.54,-0.77));
#4215=DIRECTION('',(-1.0,0.0,0.0));
#4216=DIRECTION('',(0.0,0.0,1.0));
#4217=ORIENTED_EDGE('',*,*,#6853,.T.);
#4218=ORIENTED_EDGE('',*,*,#6878,.T.);
#4219=ORIENTED_EDGE('',*,*,#6868,.F.);
#4220=ORIENTED_EDGE('',*,*,#6846,.F.);
#4221=CARTESIAN_POINT('',(4.31,-2.54,-0.77));
#4222=DIRECTION('',(0.0,0.0,-1.0));
#4223=DIRECTION('',(0.0,-1.0,0.0));
#4224=ORIENTED_EDGE('',*,*,#6867,.T.);
#4225=ORIENTED_EDGE('',*,*,#6879,.F.);
#4226=ORIENTED_EDGE('',*,*,#6880,.F.);
#4227=ORIENTED_EDGE('',*,*,#6289,.F.);
#4228=ORIENTED_EDGE('',*,*,#6294,.F.);
#4229=ORIENTED_EDGE('',*,*,#6842,.T.);
#4230=CARTESIAN_POINT('',(4.31,0.0,-1.27));
#4231=DIRECTION('',(-0.707106781186548,0.0,-0.707106781186548));
#4232=DIRECTION('',(-0.707106781186548,0.0,0.707106781186548));
#4233=ORIENTED_EDGE('',*,*,#6880,.T.);
#4234=ORIENTED_EDGE('',*,*,#6881,.T.);
#4235=ORIENTED_EDGE('',*,*,#6882,.T.);
#4236=ORIENTED_EDGE('',*,*,#6883,.F.);
#4237=ORIENTED_EDGE('',*,*,#6274,.F.);
#4238=ORIENTED_EDGE('',*,*,#6286,.T.);
#4239=CARTESIAN_POINT('',(3.81,0.0,-0.77));
#4240=DIRECTION('',(0.707106781186548,0.0,-0.707106781186548));
#4241=DIRECTION('',(0.0,-1.0,0.0));
#4242=ORIENTED_EDGE('',*,*,#6884,.T.);
#4243=ORIENTED_EDGE('',*,*,#6885,.F.);
#4244=ORIENTED_EDGE('',*,*,#6275,.T.);
#4245=ORIENTED_EDGE('',*,*,#6883,.T.);
#4246=ORIENTED_EDGE('',*,*,#6886,.F.);
#4247=ORIENTED_EDGE('',*,*,#6887,.F.);
#4248=CARTESIAN_POINT('',(1.27,0.0,-1.27));
#4249=DIRECTION('',(0.0,0.0,-1.0));
#4250=DIRECTION('',(0.0,-1.0,0.0));
#4251=ORIENTED_EDGE('',*,*,#6888,.T.);
#4252=ORIENTED_EDGE('',*,*,#6889,.T.);
#4253=ORIENTED_EDGE('',*,*,#6890,.F.);
#4254=ORIENTED_EDGE('',*,*,#6884,.F.);
#4255=CARTESIAN_POINT('',(1.77,-2.54,-1.27));
#4256=DIRECTION('',(1.0,0.0,0.0));
#4257=DIRECTION('',(0.0,1.0,0.0));
#4258=ORIENTED_EDGE('',*,*,#6891,.F.);
#4259=ORIENTED_EDGE('',*,*,#6892,.T.);
#4260=ORIENTED_EDGE('',*,*,#6893,.T.);
#4261=ORIENTED_EDGE('',*,*,#6894,.F.);
#4262=CARTESIAN_POINT('',(0.0,-2.54,0.0));
#4263=DIRECTION('',(0.0,-1.0,0.0));
#4264=DIRECTION('',(0.0,0.0,-1.0));
#4265=ORIENTED_EDGE('',*,*,#6888,.F.);
#4266=ORIENTED_EDGE('',*,*,#6887,.T.);
#4267=ORIENTED_EDGE('',*,*,#6895,.T.);
#4268=ORIENTED_EDGE('',*,*,#6896,.F.);
#4269=CARTESIAN_POINT('',(0.0,-2.54,0.0));
#4270=DIRECTION('',(0.0,-1.0,0.0));
#4271=DIRECTION('',(0.0,0.0,-1.0));
#4272=ORIENTED_EDGE('',*,*,#6891,.T.);
#4273=ORIENTED_EDGE('',*,*,#6897,.T.);
#4274=ORIENTED_EDGE('',*,*,#6898,.F.);
#4275=ORIENTED_EDGE('',*,*,#6899,.F.);
#4276=CARTESIAN_POINT('',(3.31,-2.54,1.27));
#4277=DIRECTION('',(-1.0,0.0,0.0));
#4278=DIRECTION('',(0.0,0.0,1.0));
#4279=ORIENTED_EDGE('',*,*,#6899,.T.);
#4280=ORIENTED_EDGE('',*,*,#6900,.F.);
#4281=ORIENTED_EDGE('',*,*,#6279,.T.);
#4282=ORIENTED_EDGE('',*,*,#6901,.T.);
#4283=ORIENTED_EDGE('',*,*,#6902,.F.);
#4284=ORIENTED_EDGE('',*,*,#6892,.F.);
#4285=CARTESIAN_POINT('',(3.81,0.0,1.27));
#4286=DIRECTION('',(0.0,0.0,1.0));
#4287=DIRECTION('',(1.0,0.0,0.0));
#4288=ORIENTED_EDGE('',*,*,#6893,.F.);
#4289=ORIENTED_EDGE('',*,*,#6902,.T.);
#4290=ORIENTED_EDGE('',*,*,#6903,.F.);
#4291=ORIENTED_EDGE('',*,*,#6904,.F.);
#4292=CARTESIAN_POINT('',(1.77,-2.54,0.77));
#4293=DIRECTION('',(1.0,0.0,0.0));
#4294=DIRECTION('',(0.0,1.0,0.0));
#4295=ORIENTED_EDGE('',*,*,#6894,.T.);
#4296=ORIENTED_EDGE('',*,*,#6904,.T.);
#4297=ORIENTED_EDGE('',*,*,#6905,.F.);
#4298=ORIENTED_EDGE('',*,*,#6897,.F.);
#4299=CARTESIAN_POINT('',(3.31,-2.54,0.77));
#4300=DIRECTION('',(0.0,0.0,1.0));
#4301=DIRECTION('',(1.0,0.0,0.0));
#4302=ORIENTED_EDGE('',*,*,#6906,.T.);
#4303=ORIENTED_EDGE('',*,*,#6907,.F.);
#4304=ORIENTED_EDGE('',*,*,#6898,.T.);
#4305=ORIENTED_EDGE('',*,*,#6905,.T.);
#4306=ORIENTED_EDGE('',*,*,#6903,.T.);
#4307=ORIENTED_EDGE('',*,*,#6908,.F.);
#4308=ORIENTED_EDGE('',*,*,#6909,.T.);
#4309=ORIENTED_EDGE('',*,*,#6910,.F.);
#4310=ORIENTED_EDGE('',*,*,#6890,.T.);
#4311=ORIENTED_EDGE('',*,*,#6911,.T.);
#4312=ORIENTED_EDGE('',*,*,#6912,.T.);
#4313=ORIENTED_EDGE('',*,*,#6882,.F.);
#4314=ORIENTED_EDGE('',*,*,#6913,.T.);
#4315=ORIENTED_EDGE('',*,*,#6914,.T.);
#4316=ORIENTED_EDGE('',*,*,#6915,.T.);
#4317=ORIENTED_EDGE('',*,*,#6916,.T.);
#4318=CARTESIAN_POINT('',(0.0,-1.94,0.0));
#4319=DIRECTION('',(0.0,-1.0,0.0));
#4320=DIRECTION('',(0.0,0.0,-1.0));
#4321=ORIENTED_EDGE('',*,*,#6917,.F.);
#4322=ORIENTED_EDGE('',*,*,#6918,.T.);
#4323=ORIENTED_EDGE('',*,*,#6906,.F.);
#4324=ORIENTED_EDGE('',*,*,#6881,.F.);
#4325=CARTESIAN_POINT('',(3.81,-1.69,-0.77));
#4326=DIRECTION('',(0.707106781186548,-0.707106781186548,0.0));
#4327=DIRECTION('',(0.0,0.0,-1.0));
#4328=ORIENTED_EDGE('',*,*,#6917,.T.);
#4329=ORIENTED_EDGE('',*,*,#6879,.T.);
#4330=ORIENTED_EDGE('',*,*,#6866,.F.);
#4331=ORIENTED_EDGE('',*,*,#6919,.F.);
#4332=CARTESIAN_POINT('',(3.81,-1.69,0.77));
#4333=DIRECTION('',(-0.707106781186548,-0.707106781186548,0.0));
#4334=DIRECTION('',(-0.707106781186548,0.707106781186548,0.0));
#4335=ORIENTED_EDGE('',*,*,#6865,.T.);
#4336=ORIENTED_EDGE('',*,*,#6858,.F.);
#4337=ORIENTED_EDGE('',*,*,#6295,.F.);
#4338=ORIENTED_EDGE('',*,*,#6290,.T.);
#4339=ORIENTED_EDGE('',*,*,#6920,.T.);
#4340=ORIENTED_EDGE('',*,*,#6919,.T.);
#4341=CARTESIAN_POINT('',(3.81,0.0,0.77));
#4342=DIRECTION('',(-0.707106781186548,0.0,0.707106781186548));
#4343=DIRECTION('',(0.0,1.0,0.0));
#4344=ORIENTED_EDGE('',*,*,#6920,.F.);
#4345=ORIENTED_EDGE('',*,*,#6287,.F.);
#4346=ORIENTED_EDGE('',*,*,#6280,.F.);
#4347=ORIENTED_EDGE('',*,*,#6900,.T.);
#4348=ORIENTED_EDGE('',*,*,#6907,.T.);
#4349=ORIENTED_EDGE('',*,*,#6918,.F.);
#4350=CARTESIAN_POINT('',(3.31,0.0,1.27));
#4351=DIRECTION('',(0.707106781186548,0.0,0.707106781186548));
#4352=DIRECTION('',(0.0,-1.0,0.0));
#4353=ORIENTED_EDGE('',*,*,#6895,.F.);
#4354=ORIENTED_EDGE('',*,*,#6886,.T.);
#4355=ORIENTED_EDGE('',*,*,#6912,.F.);
#4356=ORIENTED_EDGE('',*,*,#6921,.F.);
#4357=CARTESIAN_POINT('',(3.31,-2.54,-0.77));
#4358=DIRECTION('',(-1.0,0.0,0.0));
#4359=DIRECTION('',(0.0,0.0,1.0));
#4360=ORIENTED_EDGE('',*,*,#6896,.T.);
#4361=ORIENTED_EDGE('',*,*,#6921,.T.);
#4362=ORIENTED_EDGE('',*,*,#6911,.F.);
#4363=ORIENTED_EDGE('',*,*,#6889,.F.);
#4364=CARTESIAN_POINT('',(1.77,-2.54,-0.77));
#4365=DIRECTION('',(0.0,0.0,-1.0));
#4366=DIRECTION('',(0.0,-1.0,0.0));
#4367=ORIENTED_EDGE('',*,*,#6910,.T.);
#4368=ORIENTED_EDGE('',*,*,#6922,.F.);
#4369=ORIENTED_EDGE('',*,*,#6923,.F.);
#4370=ORIENTED_EDGE('',*,*,#6924,.F.);
#4371=ORIENTED_EDGE('',*,*,#6276,.F.);
#4372=ORIENTED_EDGE('',*,*,#6885,.T.);
#4373=CARTESIAN_POINT('',(1.77,0.0,-1.27));
#4374=DIRECTION('',(-0.707106781186548,0.0,-0.707106781186548));
#4375=DIRECTION('',(-0.707106781186548,0.0,0.707106781186548));
#4376=ORIENTED_EDGE('',*,*,#6277,.T.);
#4377=ORIENTED_EDGE('',*,*,#6924,.T.);
#4378=ORIENTED_EDGE('',*,*,#6925,.F.);
#4379=ORIENTED_EDGE('',*,*,#6926,.F.);
#4380=CARTESIAN_POINT('',(1.52,0.0,1.02));
#4381=DIRECTION('',(-0.707106781186548,0.707106781186548,0.0));
#4382=DIRECTION('',(0.0,0.0,1.0));
#4383=ORIENTED_EDGE('',*,*,#6908,.T.);
#4384=ORIENTED_EDGE('',*,*,#6901,.F.);
#4385=ORIENTED_EDGE('',*,*,#6278,.F.);
#4386=ORIENTED_EDGE('',*,*,#6926,.T.);
#4387=ORIENTED_EDGE('',*,*,#6927,.T.);
#4388=ORIENTED_EDGE('',*,*,#6928,.T.);
#4389=CARTESIAN_POINT('',(1.27,0.0,0.77));
#4390=DIRECTION('',(-0.707106781186548,0.0,0.707106781186548));
#4391=DIRECTION('',(0.0,1.0,0.0));
#4392=ORIENTED_EDGE('',*,*,#6929,.T.);
#4393=ORIENTED_EDGE('',*,*,#6922,.T.);
#4394=ORIENTED_EDGE('',*,*,#6909,.F.);
#4395=ORIENTED_EDGE('',*,*,#6928,.F.);
#4396=CARTESIAN_POINT('',(1.27,-1.69,0.77));
#4397=DIRECTION('',(-0.707106781186548,-0.707106781186548,0.0));
#4398=DIRECTION('',(-0.707106781186548,0.707106781186548,0.0));
#4399=ORIENTED_EDGE('',*,*,#6929,.F.);
#4400=ORIENTED_EDGE('',*,*,#6927,.F.);
#4401=ORIENTED_EDGE('',*,*,#6925,.T.);
#4402=ORIENTED_EDGE('',*,*,#6923,.T.);
#4403=CARTESIAN_POINT('',(1.27,0.0,1.27));
#4404=DIRECTION('',(-1.0,0.0,0.0));
#4405=DIRECTION('',(0.0,0.0,1.0));
#4406=ORIENTED_EDGE('',*,*,#6281,.T.);
#4407=ORIENTED_EDGE('',*,*,#6930,.T.);
#4408=ORIENTED_EDGE('',*,*,#6913,.F.);
#4409=ORIENTED_EDGE('',*,*,#6931,.F.);
#4410=CARTESIAN_POINT('',(2.22,0.0,0.307));
#4411=DIRECTION('',(0.0,0.0,1.0));
#4412=DIRECTION('',(1.0,0.0,0.0));
#4413=ORIENTED_EDGE('',*,*,#6282,.T.);
#4414=ORIENTED_EDGE('',*,*,#6931,.T.);
#4415=ORIENTED_EDGE('',*,*,#6916,.F.);
#4416=ORIENTED_EDGE('',*,*,#6932,.F.);
#4417=CARTESIAN_POINT('',(2.22,0.0,-0.32));
#4418=DIRECTION('',(-1.0,0.0,0.0));
#4419=DIRECTION('',(0.0,0.0,1.0));
#4420=ORIENTED_EDGE('',*,*,#6283,.T.);
#4421=ORIENTED_EDGE('',*,*,#6932,.T.);
#4422=ORIENTED_EDGE('',*,*,#6915,.F.);
#4423=ORIENTED_EDGE('',*,*,#6933,.F.);
#4424=CARTESIAN_POINT('',(2.828,0.0,-0.32));
#4425=DIRECTION('',(0.0,0.0,-1.0));
#4426=DIRECTION('',(0.0,-1.0,0.0));
#4427=ORIENTED_EDGE('',*,*,#6284,.T.);
#4428=ORIENTED_EDGE('',*,*,#6933,.T.);
#4429=ORIENTED_EDGE('',*,*,#6914,.F.);
#4430=ORIENTED_EDGE('',*,*,#6930,.F.);
#4431=CARTESIAN_POINT('',(2.828,0.0,0.307));
#4432=DIRECTION('',(1.0,0.0,0.0));
#4433=DIRECTION('',(0.0,1.0,0.0));
#4434=ORIENTED_EDGE('',*,*,#6298,.T.);
#4435=ORIENTED_EDGE('',*,*,#6934,.T.);
#4436=ORIENTED_EDGE('',*,*,#6870,.F.);
#4437=ORIENTED_EDGE('',*,*,#6935,.F.);
#4438=CARTESIAN_POINT('',(4.76,0.0,0.307));
#4439=DIRECTION('',(0.0,0.0,1.0));
#4440=DIRECTION('',(1.0,0.0,0.0));
#4441=ORIENTED_EDGE('',*,*,#6299,.T.);
#4442=ORIENTED_EDGE('',*,*,#6935,.T.);
#4443=ORIENTED_EDGE('',*,*,#6873,.F.);
#4444=ORIENTED_EDGE('',*,*,#6936,.F.);
#4445=CARTESIAN_POINT('',(4.76,0.0,-0.32));
#4446=DIRECTION('',(-1.0,0.0,0.0));
#4447=DIRECTION('',(0.0,0.0,1.0));
#4448=ORIENTED_EDGE('',*,*,#6300,.T.);
#4449=ORIENTED_EDGE('',*,*,#6936,.T.);
#4450=ORIENTED_EDGE('',*,*,#6872,.F.);
#4451=ORIENTED_EDGE('',*,*,#6937,.F.);
#4452=CARTESIAN_POINT('',(5.368,0.0,-0.32));
#4453=DIRECTION('',(0.0,0.0,-1.0));
#4454=DIRECTION('',(0.0,-1.0,0.0));
#4455=ORIENTED_EDGE('',*,*,#6301,.T.);
#4456=ORIENTED_EDGE('',*,*,#6937,.T.);
#4457=ORIENTED_EDGE('',*,*,#6871,.F.);
#4458=ORIENTED_EDGE('',*,*,#6934,.F.);
#4459=CARTESIAN_POINT('',(5.368,0.0,0.307));
#4460=DIRECTION('',(1.0,0.0,0.0));
#4461=DIRECTION('',(0.0,1.0,0.0));
#4462=ORIENTED_EDGE('',*,*,#6315,.T.);
#4463=ORIENTED_EDGE('',*,*,#6938,.T.);
#4464=ORIENTED_EDGE('',*,*,#6827,.F.);
#4465=ORIENTED_EDGE('',*,*,#6939,.F.);
#4466=CARTESIAN_POINT('',(7.3,0.0,0.307));
#4467=DIRECTION('',(0.0,0.0,1.0));
#4468=DIRECTION('',(1.0,0.0,0.0));
#4469=ORIENTED_EDGE('',*,*,#6316,.T.);
#4470=ORIENTED_EDGE('',*,*,#6939,.T.);
#4471=ORIENTED_EDGE('',*,*,#6830,.F.);
#4472=ORIENTED_EDGE('',*,*,#6940,.F.);
#4473=CARTESIAN_POINT('',(7.3,0.0,-0.32));
#4474=DIRECTION('',(-1.0,0.0,0.0));
#4475=DIRECTION('',(0.0,0.0,1.0));
#4476=ORIENTED_EDGE('',*,*,#6317,.T.);
#4477=ORIENTED_EDGE('',*,*,#6940,.T.);
#4478=ORIENTED_EDGE('',*,*,#6829,.F.);
#4479=ORIENTED_EDGE('',*,*,#6941,.F.);
#4480=CARTESIAN_POINT('',(7.908,0.0,-0.32));
#4481=DIRECTION('',(0.0,0.0,-1.0));
#4482=DIRECTION('',(0.0,-1.0,0.0));
#4483=ORIENTED_EDGE('',*,*,#6318,.T.);
#4484=ORIENTED_EDGE('',*,*,#6941,.T.);
#4485=ORIENTED_EDGE('',*,*,#6828,.F.);
#4486=ORIENTED_EDGE('',*,*,#6938,.F.);
#4487=CARTESIAN_POINT('',(7.908,0.0,0.307));
#4488=DIRECTION('',(1.0,0.0,0.0));
#4489=DIRECTION('',(0.0,1.0,0.0));
#4490=ORIENTED_EDGE('',*,*,#6332,.T.);
#4491=ORIENTED_EDGE('',*,*,#6942,.T.);
#4492=ORIENTED_EDGE('',*,*,#6784,.F.);
#4493=ORIENTED_EDGE('',*,*,#6943,.F.);
#4494=CARTESIAN_POINT('',(9.84,0.0,0.307));
#4495=DIRECTION('',(0.0,0.0,1.0));
#4496=DIRECTION('',(1.0,0.0,0.0));
#4497=ORIENTED_EDGE('',*,*,#6333,.T.);
#4498=ORIENTED_EDGE('',*,*,#6943,.T.);
#4499=ORIENTED_EDGE('',*,*,#6787,.F.);
#4500=ORIENTED_EDGE('',*,*,#6944,.F.);
#4501=CARTESIAN_POINT('',(9.84,0.0,-0.32));
#4502=DIRECTION('',(-1.0,0.0,0.0));
#4503=DIRECTION('',(0.0,0.0,1.0));
#4504=ORIENTED_EDGE('',*,*,#6334,.T.);
#4505=ORIENTED_EDGE('',*,*,#6944,.T.);
#4506=ORIENTED_EDGE('',*,*,#6786,.F.);
#4507=ORIENTED_EDGE('',*,*,#6945,.F.);
#4508=CARTESIAN_POINT('',(10.448,0.0,-0.32));
#4509=DIRECTION('',(0.0,0.0,-1.0));
#4510=DIRECTION('',(0.0,-1.0,0.0));
#4511=ORIENTED_EDGE('',*,*,#6335,.T.);
#4512=ORIENTED_EDGE('',*,*,#6945,.T.);
#4513=ORIENTED_EDGE('',*,*,#6785,.F.);
#4514=ORIENTED_EDGE('',*,*,#6942,.F.);
#4515=CARTESIAN_POINT('',(10.448,0.0,0.307));
#4516=DIRECTION('',(1.0,0.0,0.0));
#4517=DIRECTION('',(0.0,1.0,0.0));
#4518=ORIENTED_EDGE('',*,*,#6349,.T.);
#4519=ORIENTED_EDGE('',*,*,#6946,.T.);
#4520=ORIENTED_EDGE('',*,*,#6741,.F.);
#4521=ORIENTED_EDGE('',*,*,#6947,.F.);
#4522=CARTESIAN_POINT('',(12.38,0.0,0.307));
#4523=DIRECTION('',(0.0,0.0,1.0));
#4524=DIRECTION('',(1.0,0.0,0.0));
#4525=ORIENTED_EDGE('',*,*,#6350,.T.);
#4526=ORIENTED_EDGE('',*,*,#6947,.T.);
#4527=ORIENTED_EDGE('',*,*,#6744,.F.);
#4528=ORIENTED_EDGE('',*,*,#6948,.F.);
#4529=CARTESIAN_POINT('',(12.38,0.0,-0.32));
#4530=DIRECTION('',(-1.0,0.0,0.0));
#4531=DIRECTION('',(0.0,0.0,1.0));
#4532=ORIENTED_EDGE('',*,*,#6351,.T.);
#4533=ORIENTED_EDGE('',*,*,#6948,.T.);
#4534=ORIENTED_EDGE('',*,*,#6743,.F.);
#4535=ORIENTED_EDGE('',*,*,#6949,.F.);
#4536=CARTESIAN_POINT('',(12.988,0.0,-0.32));
#4537=DIRECTION('',(0.0,0.0,-1.0));
#4538=DIRECTION('',(0.0,-1.0,0.0));
#4539=ORIENTED_EDGE('',*,*,#6352,.T.);
#4540=ORIENTED_EDGE('',*,*,#6949,.T.);
#4541=ORIENTED_EDGE('',*,*,#6742,.F.);
#4542=ORIENTED_EDGE('',*,*,#6946,.F.);
#4543=CARTESIAN_POINT('',(12.988,0.0,0.307));
#4544=DIRECTION('',(1.0,0.0,0.0));
#4545=DIRECTION('',(0.0,1.0,0.0));
#4546=ORIENTED_EDGE('',*,*,#6366,.T.);
#4547=ORIENTED_EDGE('',*,*,#6950,.T.);
#4548=ORIENTED_EDGE('',*,*,#6698,.F.);
#4549=ORIENTED_EDGE('',*,*,#6951,.F.);
#4550=CARTESIAN_POINT('',(14.92,0.0,0.307));
#4551=DIRECTION('',(0.0,0.0,1.0));
#4552=DIRECTION('',(1.0,0.0,0.0));
#4553=ORIENTED_EDGE('',*,*,#6367,.T.);
#4554=ORIENTED_EDGE('',*,*,#6951,.T.);
#4555=ORIENTED_EDGE('',*,*,#6701,.F.);
#4556=ORIENTED_EDGE('',*,*,#6952,.F.);
#4557=CARTESIAN_POINT('',(14.92,0.0,-0.32));
#4558=DIRECTION('',(-1.0,0.0,0.0));
#4559=DIRECTION('',(0.0,0.0,1.0));
#4560=ORIENTED_EDGE('',*,*,#6368,.T.);
#4561=ORIENTED_EDGE('',*,*,#6952,.T.);
#4562=ORIENTED_EDGE('',*,*,#6700,.F.);
#4563=ORIENTED_EDGE('',*,*,#6953,.F.);
#4564=CARTESIAN_POINT('',(15.528,0.0,-0.32));
#4565=DIRECTION('',(0.0,0.0,-1.0));
#4566=DIRECTION('',(0.0,-1.0,0.0));
#4567=ORIENTED_EDGE('',*,*,#6369,.T.);
#4568=ORIENTED_EDGE('',*,*,#6953,.T.);
#4569=ORIENTED_EDGE('',*,*,#6699,.F.);
#4570=ORIENTED_EDGE('',*,*,#6950,.F.);
#4571=CARTESIAN_POINT('',(15.528,0.0,0.307));
#4572=DIRECTION('',(1.0,0.0,0.0));
#4573=DIRECTION('',(0.0,1.0,0.0));
#4574=ORIENTED_EDGE('',*,*,#6383,.T.);
#4575=ORIENTED_EDGE('',*,*,#6954,.T.);
#4576=ORIENTED_EDGE('',*,*,#6655,.F.);
#4577=ORIENTED_EDGE('',*,*,#6955,.F.);
#4578=CARTESIAN_POINT('',(17.46,0.0,0.307));
#4579=DIRECTION('',(0.0,0.0,1.0));
#4580=DIRECTION('',(1.0,0.0,0.0));
#4581=ORIENTED_EDGE('',*,*,#6384,.T.);
#4582=ORIENTED_EDGE('',*,*,#6955,.T.);
#4583=ORIENTED_EDGE('',*,*,#6658,.F.);
#4584=ORIENTED_EDGE('',*,*,#6956,.F.);
#4585=CARTESIAN_POINT('',(17.46,0.0,-0.32));
#4586=DIRECTION('',(-1.0,0.0,0.0));
#4587=DIRECTION('',(0.0,0.0,1.0));
#4588=ORIENTED_EDGE('',*,*,#6385,.T.);
#4589=ORIENTED_EDGE('',*,*,#6956,.T.);
#4590=ORIENTED_EDGE('',*,*,#6657,.F.);
#4591=ORIENTED_EDGE('',*,*,#6957,.F.);
#4592=CARTESIAN_POINT('',(18.068,0.0,-0.32));
#4593=DIRECTION('',(0.0,0.0,-1.0));
#4594=DIRECTION('',(0.0,-1.0,0.0));
#4595=ORIENTED_EDGE('',*,*,#6386,.T.);
#4596=ORIENTED_EDGE('',*,*,#6957,.T.);
#4597=ORIENTED_EDGE('',*,*,#6656,.F.);
#4598=ORIENTED_EDGE('',*,*,#6954,.F.);
#4599=CARTESIAN_POINT('',(18.068,0.0,0.307));
#4600=DIRECTION('',(1.0,0.0,0.0));
#4601=DIRECTION('',(0.0,1.0,0.0));
#4602=ORIENTED_EDGE('',*,*,#6578,.F.);
#4603=ORIENTED_EDGE('',*,*,#6406,.F.);
#4604=ORIENTED_EDGE('',*,*,#6399,.F.);
#4605=ORIENTED_EDGE('',*,*,#6604,.T.);
#4606=ORIENTED_EDGE('',*,*,#6610,.T.);
#4607=ORIENTED_EDGE('',*,*,#6582,.F.);
#4608=CARTESIAN_POINT('',(21.09,0.0,1.27));
#4609=DIRECTION('',(0.707106781186548,0.0,0.707106781186548));
#4610=DIRECTION('',(0.0,-1.0,0.0));
#4611=ORIENTED_EDGE('',*,*,#6400,.T.);
#4612=ORIENTED_EDGE('',*,*,#6958,.T.);
#4613=ORIENTED_EDGE('',*,*,#6616,.F.);
#4614=ORIENTED_EDGE('',*,*,#6959,.F.);
#4615=CARTESIAN_POINT('',(20.0,0.0,0.307));
#4616=DIRECTION('',(0.0,0.0,1.0));
#4617=DIRECTION('',(1.0,0.0,0.0));
#4618=ORIENTED_EDGE('',*,*,#6401,.T.);
#4619=ORIENTED_EDGE('',*,*,#6959,.T.);
#4620=ORIENTED_EDGE('',*,*,#6619,.F.);
#4621=ORIENTED_EDGE('',*,*,#6960,.F.);
#4622=CARTESIAN_POINT('',(20.0,0.0,-0.32));
#4623=DIRECTION('',(-1.0,0.0,0.0));
#4624=DIRECTION('',(0.0,0.0,1.0));
#4625=ORIENTED_EDGE('',*,*,#6402,.T.);
#4626=ORIENTED_EDGE('',*,*,#6960,.T.);
#4627=ORIENTED_EDGE('',*,*,#6618,.F.);
#4628=ORIENTED_EDGE('',*,*,#6961,.F.);
#4629=CARTESIAN_POINT('',(20.608,0.0,-0.32));
#4630=DIRECTION('',(0.0,0.0,-1.0));
#4631=DIRECTION('',(0.0,-1.0,0.0));
#4632=ORIENTED_EDGE('',*,*,#6403,.T.);
#4633=ORIENTED_EDGE('',*,*,#6961,.T.);
#4634=ORIENTED_EDGE('',*,*,#6617,.F.);
#4635=ORIENTED_EDGE('',*,*,#6958,.F.);
#4636=CARTESIAN_POINT('',(20.608,0.0,0.307));
#4637=DIRECTION('',(1.0,0.0,0.0));
#4638=DIRECTION('',(0.0,1.0,0.0));
#4639=ORIENTED_EDGE('',*,*,#6535,.F.);
#4640=ORIENTED_EDGE('',*,*,#6423,.F.);
#4641=ORIENTED_EDGE('',*,*,#6416,.F.);
#4642=ORIENTED_EDGE('',*,*,#6572,.T.);
#4643=ORIENTED_EDGE('',*,*,#6560,.T.);
#4644=ORIENTED_EDGE('',*,*,#6539,.F.);
#4645=CARTESIAN_POINT('',(23.63,0.0,1.27));
#4646=DIRECTION('',(0.707106781186548,0.0,0.707106781186548));
#4647=DIRECTION('',(0.0,-1.0,0.0));
#4648=ORIENTED_EDGE('',*,*,#6962,.F.);
#4649=ORIENTED_EDGE('',*,*,#6417,.T.);
#4650=ORIENTED_EDGE('',*,*,#6963,.T.);
#4651=ORIENTED_EDGE('',*,*,#6561,.F.);
#4652=CARTESIAN_POINT('',(22.54,0.0,0.307));
#4653=DIRECTION('',(0.0,0.0,1.0));
#4654=DIRECTION('',(1.0,0.0,0.0));
#4655=ORIENTED_EDGE('',*,*,#6962,.T.);
#4656=ORIENTED_EDGE('',*,*,#6564,.F.);
#4657=ORIENTED_EDGE('',*,*,#6964,.F.);
#4658=ORIENTED_EDGE('',*,*,#6418,.T.);
#4659=CARTESIAN_POINT('',(22.54,0.0,-0.32));
#4660=DIRECTION('',(-1.0,0.0,0.0));
#4661=DIRECTION('',(0.0,0.0,1.0));
#4662=ORIENTED_EDGE('',*,*,#6965,.F.);
#4663=ORIENTED_EDGE('',*,*,#6419,.T.);
#4664=ORIENTED_EDGE('',*,*,#6964,.T.);
#4665=ORIENTED_EDGE('',*,*,#6563,.F.);
#4666=CARTESIAN_POINT('',(23.148,0.0,-0.32));
#4667=DIRECTION('',(0.0,0.0,-1.0));
#4668=DIRECTION('',(0.0,-1.0,0.0));
#4669=ORIENTED_EDGE('',*,*,#6963,.F.);
#4670=ORIENTED_EDGE('',*,*,#6420,.T.);
#4671=ORIENTED_EDGE('',*,*,#6965,.T.);
#4672=ORIENTED_EDGE('',*,*,#6562,.F.);
#4673=CARTESIAN_POINT('',(23.148,0.0,0.307));
#4674=DIRECTION('',(1.0,0.0,0.0));
#4675=DIRECTION('',(0.0,1.0,0.0));
#4676=ORIENTED_EDGE('',*,*,#6966,.F.);
#4677=ORIENTED_EDGE('',*,*,#6440,.F.);
#4678=ORIENTED_EDGE('',*,*,#6433,.F.);
#4679=ORIENTED_EDGE('',*,*,#6529,.T.);
#4680=ORIENTED_EDGE('',*,*,#6517,.T.);
#4681=ORIENTED_EDGE('',*,*,#6967,.F.);
#4682=CARTESIAN_POINT('',(26.17,0.0,1.27));
#4683=DIRECTION('',(0.707106781186548,0.0,0.707106781186548));
#4684=DIRECTION('',(0.0,-1.0,0.0));
#4685=ORIENTED_EDGE('',*,*,#6465,.T.);
#4686=ORIENTED_EDGE('',*,*,#6485,.F.);
#4687=ORIENTED_EDGE('',*,*,#6448,.F.);
#4688=ORIENTED_EDGE('',*,*,#6443,.T.);
#4689=ORIENTED_EDGE('',*,*,#6966,.T.);
#4690=ORIENTED_EDGE('',*,*,#6968,.T.);
#4691=CARTESIAN_POINT('',(26.67,0.0,0.77));
#4692=DIRECTION('',(-0.707106781186548,0.0,0.707106781186548));
#4693=DIRECTION('',(0.0,1.0,0.0));
#4694=ORIENTED_EDGE('',*,*,#6969,.T.);
#4695=ORIENTED_EDGE('',*,*,#6496,.T.);
#4696=ORIENTED_EDGE('',*,*,#6466,.F.);
#4697=ORIENTED_EDGE('',*,*,#6968,.F.);
#4698=CARTESIAN_POINT('',(26.67,-1.69,0.77));
#4699=DIRECTION('',(-0.707106781186548,-0.707106781186548,0.0));
#4700=DIRECTION('',(-0.707106781186548,0.707106781186548,0.0));
#4701=ORIENTED_EDGE('',*,*,#6969,.F.);
#4702=ORIENTED_EDGE('',*,*,#6967,.T.);
#4703=ORIENTED_EDGE('',*,*,#6516,.F.);
#4704=ORIENTED_EDGE('',*,*,#6498,.F.);
#4705=CARTESIAN_POINT('',(26.67,-1.69,-0.77));
#4706=DIRECTION('',(0.707106781186548,-0.707106781186548,0.0));
#4707=DIRECTION('',(0.0,0.0,-1.0));
#4708=ORIENTED_EDGE('',*,*,#6970,.F.);
#4709=ORIENTED_EDGE('',*,*,#6434,.T.);
#4710=ORIENTED_EDGE('',*,*,#6971,.T.);
#4711=ORIENTED_EDGE('',*,*,#6518,.F.);
#4712=CARTESIAN_POINT('',(25.08,0.0,0.307));
#4713=DIRECTION('',(0.0,0.0,1.0));
#4714=DIRECTION('',(1.0,0.0,0.0));
#4715=ORIENTED_EDGE('',*,*,#6970,.T.);
#4716=ORIENTED_EDGE('',*,*,#6521,.F.);
#4717=ORIENTED_EDGE('',*,*,#6972,.F.);
#4718=ORIENTED_EDGE('',*,*,#6435,.T.);
#4719=CARTESIAN_POINT('',(25.08,0.0,-0.32));
#4720=DIRECTION('',(-1.0,0.0,0.0));
#4721=DIRECTION('',(0.0,0.0,1.0));
#4722=ORIENTED_EDGE('',*,*,#6973,.F.);
#4723=ORIENTED_EDGE('',*,*,#6436,.T.);
#4724=ORIENTED_EDGE('',*,*,#6972,.T.);
#4725=ORIENTED_EDGE('',*,*,#6520,.F.);
#4726=CARTESIAN_POINT('',(25.688,0.0,-0.32));
#4727=DIRECTION('',(0.0,0.0,-1.0));
#4728=DIRECTION('',(0.0,-1.0,0.0));
#4729=ORIENTED_EDGE('',*,*,#6971,.F.);
#4730=ORIENTED_EDGE('',*,*,#6437,.T.);
#4731=ORIENTED_EDGE('',*,*,#6973,.T.);
#4732=ORIENTED_EDGE('',*,*,#6519,.F.);
#4733=CARTESIAN_POINT('',(25.688,0.0,0.307));
#4734=DIRECTION('',(1.0,0.0,0.0));
#4735=DIRECTION('',(0.0,1.0,0.0));
#4736=ORIENTED_EDGE('',*,*,#6472,.T.);
#4737=ORIENTED_EDGE('',*,*,#6974,.F.);
#4738=ORIENTED_EDGE('',*,*,#6975,.F.);
#4739=ORIENTED_EDGE('',*,*,#6455,.F.);
#4740=ORIENTED_EDGE('',*,*,#6450,.F.);
#4741=ORIENTED_EDGE('',*,*,#6484,.T.);
#4742=CARTESIAN_POINT('',(28.71,0.0,1.27));
#4743=DIRECTION('',(0.707106781186548,0.0,0.707106781186548));
#4744=DIRECTION('',(0.0,-1.0,0.0));
#4745=ORIENTED_EDGE('',*,*,#6976,.F.);
#4746=ORIENTED_EDGE('',*,*,#6460,.F.);
#4747=ORIENTED_EDGE('',*,*,#6456,.T.);
#4748=ORIENTED_EDGE('',*,*,#6975,.T.);
#4749=CARTESIAN_POINT('',(29.21,0.0,-1.27));
#4750=DIRECTION('',(1.0,0.0,0.0));
#4751=DIRECTION('',(0.0,1.0,0.0));
#4752=ORIENTED_EDGE('',*,*,#6976,.T.);
#4753=ORIENTED_EDGE('',*,*,#6974,.T.);
#4754=ORIENTED_EDGE('',*,*,#6471,.F.);
#4755=ORIENTED_EDGE('',*,*,#6461,.F.);
#4756=CARTESIAN_POINT('',(29.21,-1.69,-0.77));
#4757=DIRECTION('',(0.707106781186548,-0.707106781186548,0.0));
#4758=DIRECTION('',(0.0,0.0,-1.0));
#4759=ORIENTED_EDGE('',*,*,#6977,.F.);
#4760=ORIENTED_EDGE('',*,*,#6451,.T.);
#4761=ORIENTED_EDGE('',*,*,#6978,.T.);
#4762=ORIENTED_EDGE('',*,*,#6473,.F.);
#4763=CARTESIAN_POINT('',(27.62,0.0,0.307));
#4764=DIRECTION('',(0.0,0.0,1.0));
#4765=DIRECTION('',(1.0,0.0,0.0));
#4766=ORIENTED_EDGE('',*,*,#6977,.T.);
#4767=ORIENTED_EDGE('',*,*,#6476,.F.);
#4768=ORIENTED_EDGE('',*,*,#6979,.F.);
#4769=ORIENTED_EDGE('',*,*,#6452,.T.);
#4770=CARTESIAN_POINT('',(27.62,0.0,-0.32));
#4771=DIRECTION('',(-1.0,0.0,0.0));
#4772=DIRECTION('',(0.0,0.0,1.0));
#4773=ORIENTED_EDGE('',*,*,#6980,.F.);
#4774=ORIENTED_EDGE('',*,*,#6453,.T.);
#4775=ORIENTED_EDGE('',*,*,#6979,.T.);
#4776=ORIENTED_EDGE('',*,*,#6475,.F.);
#4777=CARTESIAN_POINT('',(28.228,0.0,-0.32));
#4778=DIRECTION('',(0.0,0.0,-1.0));
#4779=DIRECTION('',(0.0,-1.0,0.0));
#4780=ORIENTED_EDGE('',*,*,#6978,.F.);
#4781=ORIENTED_EDGE('',*,*,#6454,.T.);
#4782=ORIENTED_EDGE('',*,*,#6980,.T.);
#4783=ORIENTED_EDGE('',*,*,#6474,.F.);
#4784=CARTESIAN_POINT('',(28.228,0.0,0.307));
#4785=DIRECTION('',(1.0,0.0,0.0));
#4786=DIRECTION('',(0.0,1.0,0.0));
#4787=FILL_AREA_STYLE_COLOUR('',#6981);
#4788=ORIENTED_EDGE('',*,*,#6982,.F.);
#4789=ORIENTED_EDGE('',*,*,#6983,.F.);
#4790=ORIENTED_EDGE('',*,*,#6984,.F.);
#4791=ORIENTED_EDGE('',*,*,#6985,.F.);
#4792=CARTESIAN_POINT('',(2.54,5.8,0.0));
#4793=DIRECTION('',(0.0,-1.0,0.0));
#4794=DIRECTION('',(0.0,0.0,-1.0));
#4795=ORIENTED_EDGE('',*,*,#6982,.T.);
#4796=ORIENTED_EDGE('',*,*,#6986,.T.);
#4797=ORIENTED_EDGE('',*,*,#6987,.F.);
#4798=ORIENTED_EDGE('',*,*,#6988,.F.);
#4799=CARTESIAN_POINT('',(2.22,5.8,-0.125));
#4800=DIRECTION('',(0.0,0.500000000000017,-0.866025403784429));
#4801=DIRECTION('',(1.0,0.0,0.0));
#4802=ORIENTED_EDGE('',*,*,#6983,.T.);
#4803=ORIENTED_EDGE('',*,*,#6988,.T.);
#4804=ORIENTED_EDGE('',*,*,#6989,.F.);
#4805=ORIENTED_EDGE('',*,*,#6990,.F.);
#4806=CARTESIAN_POINT('',(2.415,5.8,0.32));
#4807=DIRECTION('',(-0.866025403784429,0.500000000000017,0.0));
#4808=DIRECTION('',(0.0,0.0,-1.0));
#4809=ORIENTED_EDGE('',*,*,#6984,.T.);
#4810=ORIENTED_EDGE('',*,*,#6990,.T.);
#4811=ORIENTED_EDGE('',*,*,#6991,.F.);
#4812=ORIENTED_EDGE('',*,*,#6992,.F.);
#4813=CARTESIAN_POINT('',(2.86,5.8,0.125));
#4814=DIRECTION('',(0.0,0.500000000000017,0.866025403784429));
#4815=DIRECTION('',(-1.0,0.0,0.0));
#4816=ORIENTED_EDGE('',*,*,#6985,.T.);
#4817=ORIENTED_EDGE('',*,*,#6992,.T.);
#4818=ORIENTED_EDGE('',*,*,#6993,.F.);
#4819=ORIENTED_EDGE('',*,*,#6986,.F.);
#4820=CARTESIAN_POINT('',(2.665,5.8,-0.32));
#4821=DIRECTION('',(0.866025403784429,0.500000000000017,-0.0));
#4822=DIRECTION('',(0.0,0.0,1.0));
#4823=ORIENTED_EDGE('',*,*,#6993,.T.);
#4824=ORIENTED_EDGE('',*,*,#6994,.T.);
#4825=ORIENTED_EDGE('',*,*,#6995,.T.);
#4826=ORIENTED_EDGE('',*,*,#6996,.T.);
#4827=ORIENTED_EDGE('',*,*,#6997,.F.);
#4828=ORIENTED_EDGE('',*,*,#6998,.F.);
#4829=ORIENTED_EDGE('',*,*,#6999,.F.);
#4830=ORIENTED_EDGE('',*,*,#7000,.F.);
#4831=CARTESIAN_POINT('',(2.86,5.8,-0.32));
#4832=DIRECTION('',(1.0,0.0,0.0));
#4833=DIRECTION('',(0.0,1.0,0.0));
#4834=ORIENTED_EDGE('',*,*,#6987,.T.);
#4835=ORIENTED_EDGE('',*,*,#7000,.T.);
#4836=ORIENTED_EDGE('',*,*,#7001,.F.);
#4837=ORIENTED_EDGE('',*,*,#7002,.F.);
#4838=CARTESIAN_POINT('',(2.22,5.8,-0.32));
#4839=DIRECTION('',(0.0,0.0,-1.0));
#4840=DIRECTION('',(0.0,-1.0,0.0));
#4841=ORIENTED_EDGE('',*,*,#6989,.T.);
#4842=ORIENTED_EDGE('',*,*,#7002,.T.);
#4843=ORIENTED_EDGE('',*,*,#7003,.T.);
#4844=ORIENTED_EDGE('',*,*,#7004,.T.);
#4845=ORIENTED_EDGE('',*,*,#7005,.F.);
#4846=ORIENTED_EDGE('',*,*,#7006,.F.);
#4847=ORIENTED_EDGE('',*,*,#7007,.F.);
#4848=ORIENTED_EDGE('',*,*,#7008,.F.);
#4849=CARTESIAN_POINT('',(2.22,5.8,0.32));
#4850=DIRECTION('',(-1.0,0.0,0.0));
#4851=DIRECTION('',(0.0,0.0,1.0));
#4852=ORIENTED_EDGE('',*,*,#6991,.T.);
#4853=ORIENTED_EDGE('',*,*,#7008,.T.);
#4854=ORIENTED_EDGE('',*,*,#7009,.F.);
#4855=ORIENTED_EDGE('',*,*,#6994,.F.);
#4856=CARTESIAN_POINT('',(2.86,5.8,0.32));
#4857=DIRECTION('',(0.0,0.0,1.0));
#4858=DIRECTION('',(-1.0,0.0,0.0));
#4859=ORIENTED_EDGE('',*,*,#7009,.T.);
#4860=ORIENTED_EDGE('',*,*,#7007,.T.);
#4861=ORIENTED_EDGE('',*,*,#7010,.F.);
#4862=ORIENTED_EDGE('',*,*,#6995,.F.);
#4863=CARTESIAN_POINT('',(1.54,-2.49,-1.32));
#4864=DIRECTION('',(-1.0,0.0,0.0));
#4865=DIRECTION('',(0.0,0.0,-1.0));
#4866=ORIENTED_EDGE('',*,*,#7010,.T.);
#4867=ORIENTED_EDGE('',*,*,#7006,.T.);
#4868=ORIENTED_EDGE('',*,*,#7011,.F.);
#4869=ORIENTED_EDGE('',*,*,#6996,.F.);
#4870=CARTESIAN_POINT('',(2.86,-4.13,-1.32));
#4871=DIRECTION('',(0.0,-1.0,0.0));
#4872=DIRECTION('',(0.0,0.0,-1.0));
#4873=ORIENTED_EDGE('',*,*,#7012,.F.);
#4874=ORIENTED_EDGE('',*,*,#7013,.T.);
#4875=ORIENTED_EDGE('',*,*,#7011,.T.);
#4876=ORIENTED_EDGE('',*,*,#7014,.F.);
#4877=CARTESIAN_POINT('',(2.86,-3.935,-2.54));
#4878=DIRECTION('',(0.0,0.866025403784429,0.500000000000017));
#4879=DIRECTION('',(-1.0,0.0,0.0));
#4880=ORIENTED_EDGE('',*,*,#7015,.T.);
#4881=ORIENTED_EDGE('',*,*,#7016,.T.);
#4882=ORIENTED_EDGE('',*,*,#7012,.T.);
#4883=ORIENTED_EDGE('',*,*,#7017,.T.);
#4884=CARTESIAN_POINT('',(2.54,-3.81,-2.54));
#4885=DIRECTION('',(0.0,0.0,-1.0));
#4886=DIRECTION('',(0.0,-1.0,0.0));
#4887=ORIENTED_EDGE('',*,*,#7015,.F.);
#4888=ORIENTED_EDGE('',*,*,#7018,.T.);
#4889=ORIENTED_EDGE('',*,*,#7019,.T.);
#4890=ORIENTED_EDGE('',*,*,#7020,.F.);
#4891=CARTESIAN_POINT('',(2.22,-3.685,-2.54));
#4892=DIRECTION('',(0.0,-0.866025403784429,0.500000000000017));
#4893=DIRECTION('',(1.0,0.0,0.0));
#4894=ORIENTED_EDGE('',*,*,#7016,.F.);
#4895=ORIENTED_EDGE('',*,*,#7020,.T.);
#4896=ORIENTED_EDGE('',*,*,#6997,.T.);
#4897=ORIENTED_EDGE('',*,*,#7013,.F.);
#4898=CARTESIAN_POINT('',(2.665,-3.49,-2.54));
#4899=DIRECTION('',(-0.866025403784429,0.0,0.500000000000017));
#4900=DIRECTION('',(0.0,-1.0,0.0));
#4901=ORIENTED_EDGE('',*,*,#7021,.T.);
#4902=ORIENTED_EDGE('',*,*,#6998,.T.);
#4903=ORIENTED_EDGE('',*,*,#7019,.F.);
#4904=ORIENTED_EDGE('',*,*,#7004,.F.);
#4905=CARTESIAN_POINT('',(2.22,-3.49,-1.32));
#4906=DIRECTION('',(0.0,1.0,0.0));
#4907=DIRECTION('',(-1.0,0.0,0.0));
#4908=ORIENTED_EDGE('',*,*,#7001,.T.);
#4909=ORIENTED_EDGE('',*,*,#6999,.T.);
#4910=ORIENTED_EDGE('',*,*,#7021,.F.);
#4911=ORIENTED_EDGE('',*,*,#7003,.F.);
#4912=CARTESIAN_POINT('',(1.54,-2.49,-1.32));
#4913=DIRECTION('',(-1.0,0.0,0.0));
#4914=DIRECTION('',(0.0,0.0,-1.0));
#4915=ORIENTED_EDGE('',*,*,#7017,.F.);
#4916=ORIENTED_EDGE('',*,*,#7014,.T.);
#4917=ORIENTED_EDGE('',*,*,#7005,.T.);
#4918=ORIENTED_EDGE('',*,*,#7018,.F.);
#4919=CARTESIAN_POINT('',(2.415,-4.13,-2.54));
#4920=DIRECTION('',(0.866025403784429,-0.0,0.500000000000017));
#4921=DIRECTION('',(0.0,1.0,0.0));
#4922=FILL_AREA_STYLE_COLOUR('',#7022);
#4923=ORIENTED_EDGE('',*,*,#7023,.F.);
#4924=ORIENTED_EDGE('',*,*,#7024,.F.);
#4925=ORIENTED_EDGE('',*,*,#7025,.F.);
#4926=ORIENTED_EDGE('',*,*,#7026,.F.);
#4927=CARTESIAN_POINT('',(7.62,5.8,0.0));
#4928=DIRECTION('',(0.0,-1.0,0.0));
#4929=DIRECTION('',(0.0,0.0,-1.0));
#4930=ORIENTED_EDGE('',*,*,#7023,.T.);
#4931=ORIENTED_EDGE('',*,*,#7027,.T.);
#4932=ORIENTED_EDGE('',*,*,#7028,.F.);
#4933=ORIENTED_EDGE('',*,*,#7029,.F.);
#4934=CARTESIAN_POINT('',(7.3,5.8,-0.125));
#4935=DIRECTION('',(0.0,0.500000000000017,-0.866025403784429));
#4936=DIRECTION('',(1.0,0.0,0.0));
#4937=ORIENTED_EDGE('',*,*,#7024,.T.);
#4938=ORIENTED_EDGE('',*,*,#7029,.T.);
#4939=ORIENTED_EDGE('',*,*,#7030,.F.);
#4940=ORIENTED_EDGE('',*,*,#7031,.F.);
#4941=CARTESIAN_POINT('',(7.495,5.8,0.32));
#4942=DIRECTION('',(-0.866025403784429,0.500000000000017,0.0));
#4943=DIRECTION('',(0.0,0.0,-1.0));
#4944=ORIENTED_EDGE('',*,*,#7025,.T.);
#4945=ORIENTED_EDGE('',*,*,#7031,.T.);
#4946=ORIENTED_EDGE('',*,*,#7032,.F.);
#4947=ORIENTED_EDGE('',*,*,#7033,.F.);
#4948=CARTESIAN_POINT('',(7.94,5.8,0.125));
#4949=DIRECTION('',(0.0,0.500000000000017,0.866025403784429));
#4950=DIRECTION('',(-1.0,0.0,0.0));
#4951=ORIENTED_EDGE('',*,*,#7026,.T.);
#4952=ORIENTED_EDGE('',*,*,#7033,.T.);
#4953=ORIENTED_EDGE('',*,*,#7034,.F.);
#4954=ORIENTED_EDGE('',*,*,#7027,.F.);
#4955=CARTESIAN_POINT('',(7.745,5.8,-0.32));
#4956=DIRECTION('',(0.866025403784429,0.500000000000017,-0.0));
#4957=DIRECTION('',(0.0,0.0,1.0));
#4958=ORIENTED_EDGE('',*,*,#7034,.T.);
#4959=ORIENTED_EDGE('',*,*,#7035,.T.);
#4960=ORIENTED_EDGE('',*,*,#7036,.T.);
#4961=ORIENTED_EDGE('',*,*,#7037,.T.);
#4962=ORIENTED_EDGE('',*,*,#7038,.F.);
#4963=ORIENTED_EDGE('',*,*,#7039,.F.);
#4964=ORIENTED_EDGE('',*,*,#7040,.F.);
#4965=ORIENTED_EDGE('',*,*,#7041,.F.);
#4966=CARTESIAN_POINT('',(7.94,5.8,-0.32));
#4967=DIRECTION('',(1.0,0.0,0.0));
#4968=DIRECTION('',(0.0,1.0,0.0));
#4969=ORIENTED_EDGE('',*,*,#7028,.T.);
#4970=ORIENTED_EDGE('',*,*,#7041,.T.);
#4971=ORIENTED_EDGE('',*,*,#7042,.F.);
#4972=ORIENTED_EDGE('',*,*,#7043,.F.);
#4973=CARTESIAN_POINT('',(7.3,5.8,-0.32));
#4974=DIRECTION('',(0.0,0.0,-1.0));
#4975=DIRECTION('',(0.0,-1.0,0.0));
#4976=ORIENTED_EDGE('',*,*,#7030,.T.);
#4977=ORIENTED_EDGE('',*,*,#7043,.T.);
#4978=ORIENTED_EDGE('',*,*,#7044,.T.);
#4979=ORIENTED_EDGE('',*,*,#7045,.T.);
#4980=ORIENTED_EDGE('',*,*,#7046,.F.);
#4981=ORIENTED_EDGE('',*,*,#7047,.F.);
#4982=ORIENTED_EDGE('',*,*,#7048,.F.);
#4983=ORIENTED_EDGE('',*,*,#7049,.F.);
#4984=CARTESIAN_POINT('',(7.3,5.8,0.32));
#4985=DIRECTION('',(-1.0,0.0,0.0));
#4986=DIRECTION('',(0.0,0.0,1.0));
#4987=ORIENTED_EDGE('',*,*,#7032,.T.);
#4988=ORIENTED_EDGE('',*,*,#7049,.T.);
#4989=ORIENTED_EDGE('',*,*,#7050,.F.);
#4990=ORIENTED_EDGE('',*,*,#7035,.F.);
#4991=CARTESIAN_POINT('',(7.94,5.8,0.32));
#4992=DIRECTION('',(0.0,0.0,1.0));
#4993=DIRECTION('',(-1.0,0.0,0.0));
#4994=ORIENTED_EDGE('',*,*,#7050,.T.);
#4995=ORIENTED_EDGE('',*,*,#7048,.T.);
#4996=ORIENTED_EDGE('',*,*,#7051,.F.);
#4997=ORIENTED_EDGE('',*,*,#7036,.F.);
#4998=CARTESIAN_POINT('',(6.62,-2.49,-1.32));
#4999=DIRECTION('',(-1.0,0.0,0.0));
#5000=DIRECTION('',(0.0,0.0,-1.0));
#5001=ORIENTED_EDGE('',*,*,#7051,.T.);
#5002=ORIENTED_EDGE('',*,*,#7047,.T.);
#5003=ORIENTED_EDGE('',*,*,#7052,.F.);
#5004=ORIENTED_EDGE('',*,*,#7037,.F.);
#5005=CARTESIAN_POINT('',(7.94,-4.13,-1.32));
#5006=DIRECTION('',(0.0,-1.0,0.0));
#5007=DIRECTION('',(0.0,0.0,-1.0));
#5008=ORIENTED_EDGE('',*,*,#7053,.F.);
#5009=ORIENTED_EDGE('',*,*,#7054,.T.);
#5010=ORIENTED_EDGE('',*,*,#7052,.T.);
#5011=ORIENTED_EDGE('',*,*,#7055,.F.);
#5012=CARTESIAN_POINT('',(7.94,-3.935,-2.54));
#5013=DIRECTION('',(0.0,0.866025403784429,0.500000000000017));
#5014=DIRECTION('',(-1.0,0.0,0.0));
#5015=ORIENTED_EDGE('',*,*,#7056,.T.);
#5016=ORIENTED_EDGE('',*,*,#7057,.T.);
#5017=ORIENTED_EDGE('',*,*,#7053,.T.);
#5018=ORIENTED_EDGE('',*,*,#7058,.T.);
#5019=CARTESIAN_POINT('',(7.62,-3.81,-2.54));
#5020=DIRECTION('',(0.0,0.0,-1.0));
#5021=DIRECTION('',(0.0,-1.0,0.0));
#5022=ORIENTED_EDGE('',*,*,#7056,.F.);
#5023=ORIENTED_EDGE('',*,*,#7059,.T.);
#5024=ORIENTED_EDGE('',*,*,#7060,.T.);
#5025=ORIENTED_EDGE('',*,*,#7061,.F.);
#5026=CARTESIAN_POINT('',(7.3,-3.685,-2.54));
#5027=DIRECTION('',(0.0,-0.866025403784429,0.500000000000017));
#5028=DIRECTION('',(1.0,0.0,0.0));
#5029=ORIENTED_EDGE('',*,*,#7057,.F.);
#5030=ORIENTED_EDGE('',*,*,#7061,.T.);
#5031=ORIENTED_EDGE('',*,*,#7038,.T.);
#5032=ORIENTED_EDGE('',*,*,#7054,.F.);
#5033=CARTESIAN_POINT('',(7.745,-3.49,-2.54));
#5034=DIRECTION('',(-0.866025403784429,0.0,0.500000000000017));
#5035=DIRECTION('',(0.0,-1.0,0.0));
#5036=ORIENTED_EDGE('',*,*,#7062,.T.);
#5037=ORIENTED_EDGE('',*,*,#7039,.T.);
#5038=ORIENTED_EDGE('',*,*,#7060,.F.);
#5039=ORIENTED_EDGE('',*,*,#7045,.F.);
#5040=CARTESIAN_POINT('',(7.3,-3.49,-1.32));
#5041=DIRECTION('',(0.0,1.0,0.0));
#5042=DIRECTION('',(-1.0,0.0,0.0));
#5043=ORIENTED_EDGE('',*,*,#7042,.T.);
#5044=ORIENTED_EDGE('',*,*,#7040,.T.);
#5045=ORIENTED_EDGE('',*,*,#7062,.F.);
#5046=ORIENTED_EDGE('',*,*,#7044,.F.);
#5047=CARTESIAN_POINT('',(6.62,-2.49,-1.32));
#5048=DIRECTION('',(-1.0,0.0,0.0));
#5049=DIRECTION('',(0.0,0.0,-1.0));
#5050=ORIENTED_EDGE('',*,*,#7058,.F.);
#5051=ORIENTED_EDGE('',*,*,#7055,.T.);
#5052=ORIENTED_EDGE('',*,*,#7046,.T.);
#5053=ORIENTED_EDGE('',*,*,#7059,.F.);
#5054=CARTESIAN_POINT('',(7.495,-4.13,-2.54));
#5055=DIRECTION('',(0.866025403784429,-0.0,0.500000000000017));
#5056=DIRECTION('',(0.0,1.0,0.0));
#5057=FILL_AREA_STYLE_COLOUR('',#7063);
#5058=ORIENTED_EDGE('',*,*,#7064,.F.);
#5059=ORIENTED_EDGE('',*,*,#7065,.F.);
#5060=ORIENTED_EDGE('',*,*,#7066,.F.);
#5061=ORIENTED_EDGE('',*,*,#7067,.F.);
#5062=CARTESIAN_POINT('',(12.7,5.8,0.0));
#5063=DIRECTION('',(0.0,-1.0,0.0));
#5064=DIRECTION('',(0.0,0.0,-1.0));
#5065=ORIENTED_EDGE('',*,*,#7064,.T.);
#5066=ORIENTED_EDGE('',*,*,#7068,.T.);
#5067=ORIENTED_EDGE('',*,*,#7069,.F.);
#5068=ORIENTED_EDGE('',*,*,#7070,.F.);
#5069=CARTESIAN_POINT('',(12.38,5.8,-0.125));
#5070=DIRECTION('',(0.0,0.500000000000017,-0.866025403784429));
#5071=DIRECTION('',(1.0,0.0,0.0));
#5072=ORIENTED_EDGE('',*,*,#7065,.T.);
#5073=ORIENTED_EDGE('',*,*,#7070,.T.);
#5074=ORIENTED_EDGE('',*,*,#7071,.F.);
#5075=ORIENTED_EDGE('',*,*,#7072,.F.);
#5076=CARTESIAN_POINT('',(12.575,5.8,0.32));
#5077=DIRECTION('',(-0.866025403784429,0.500000000000017,0.0));
#5078=DIRECTION('',(0.0,0.0,-1.0));
#5079=ORIENTED_EDGE('',*,*,#7066,.T.);
#5080=ORIENTED_EDGE('',*,*,#7072,.T.);
#5081=ORIENTED_EDGE('',*,*,#7073,.F.);
#5082=ORIENTED_EDGE('',*,*,#7074,.F.);
#5083=CARTESIAN_POINT('',(13.02,5.8,0.125));
#5084=DIRECTION('',(0.0,0.500000000000017,0.866025403784429));
#5085=DIRECTION('',(-1.0,0.0,0.0));
#5086=ORIENTED_EDGE('',*,*,#7067,.T.);
#5087=ORIENTED_EDGE('',*,*,#7074,.T.);
#5088=ORIENTED_EDGE('',*,*,#7075,.F.);
#5089=ORIENTED_EDGE('',*,*,#7068,.F.);
#5090=CARTESIAN_POINT('',(12.825,5.8,-0.32));
#5091=DIRECTION('',(0.866025403784429,0.500000000000017,-0.0));
#5092=DIRECTION('',(0.0,0.0,1.0));
#5093=ORIENTED_EDGE('',*,*,#7075,.T.);
#5094=ORIENTED_EDGE('',*,*,#7076,.T.);
#5095=ORIENTED_EDGE('',*,*,#7077,.T.);
#5096=ORIENTED_EDGE('',*,*,#7078,.T.);
#5097=ORIENTED_EDGE('',*,*,#7079,.F.);
#5098=ORIENTED_EDGE('',*,*,#7080,.F.);
#5099=ORIENTED_EDGE('',*,*,#7081,.F.);
#5100=ORIENTED_EDGE('',*,*,#7082,.F.);
#5101=CARTESIAN_POINT('',(13.02,5.8,-0.32));
#5102=DIRECTION('',(1.0,0.0,0.0));
#5103=DIRECTION('',(0.0,1.0,0.0));
#5104=ORIENTED_EDGE('',*,*,#7069,.T.);
#5105=ORIENTED_EDGE('',*,*,#7082,.T.);
#5106=ORIENTED_EDGE('',*,*,#7083,.F.);
#5107=ORIENTED_EDGE('',*,*,#7084,.F.);
#5108=CARTESIAN_POINT('',(12.38,5.8,-0.32));
#5109=DIRECTION('',(0.0,0.0,-1.0));
#5110=DIRECTION('',(0.0,-1.0,0.0));
#5111=ORIENTED_EDGE('',*,*,#7071,.T.);
#5112=ORIENTED_EDGE('',*,*,#7084,.T.);
#5113=ORIENTED_EDGE('',*,*,#7085,.T.);
#5114=ORIENTED_EDGE('',*,*,#7086,.T.);
#5115=ORIENTED_EDGE('',*,*,#7087,.F.);
#5116=ORIENTED_EDGE('',*,*,#7088,.F.);
#5117=ORIENTED_EDGE('',*,*,#7089,.F.);
#5118=ORIENTED_EDGE('',*,*,#7090,.F.);
#5119=CARTESIAN_POINT('',(12.38,5.8,0.32));
#5120=DIRECTION('',(-1.0,0.0,0.0));
#5121=DIRECTION('',(0.0,0.0,1.0));
#5122=ORIENTED_EDGE('',*,*,#7073,.T.);
#5123=ORIENTED_EDGE('',*,*,#7090,.T.);
#5124=ORIENTED_EDGE('',*,*,#7091,.F.);
#5125=ORIENTED_EDGE('',*,*,#7076,.F.);
#5126=CARTESIAN_POINT('',(13.02,5.8,0.32));
#5127=DIRECTION('',(0.0,0.0,1.0));
#5128=DIRECTION('',(-1.0,0.0,0.0));
#5129=ORIENTED_EDGE('',*,*,#7091,.T.);
#5130=ORIENTED_EDGE('',*,*,#7089,.T.);
#5131=ORIENTED_EDGE('',*,*,#7092,.F.);
#5132=ORIENTED_EDGE('',*,*,#7077,.F.);
#5133=CARTESIAN_POINT('',(11.7,-2.49,-1.32));
#5134=DIRECTION('',(-1.0,0.0,0.0));
#5135=DIRECTION('',(0.0,0.0,-1.0));
#5136=ORIENTED_EDGE('',*,*,#7092,.T.);
#5137=ORIENTED_EDGE('',*,*,#7088,.T.);
#5138=ORIENTED_EDGE('',*,*,#7093,.F.);
#5139=ORIENTED_EDGE('',*,*,#7078,.F.);
#5140=CARTESIAN_POINT('',(13.02,-4.13,-1.32));
#5141=DIRECTION('',(0.0,-1.0,0.0));
#5142=DIRECTION('',(0.0,0.0,-1.0));
#5143=ORIENTED_EDGE('',*,*,#7094,.F.);
#5144=ORIENTED_EDGE('',*,*,#7095,.T.);
#5145=ORIENTED_EDGE('',*,*,#7093,.T.);
#5146=ORIENTED_EDGE('',*,*,#7096,.F.);
#5147=CARTESIAN_POINT('',(13.02,-3.935,-2.54));
#5148=DIRECTION('',(0.0,0.866025403784429,0.500000000000017));
#5149=DIRECTION('',(-1.0,0.0,0.0));
#5150=ORIENTED_EDGE('',*,*,#7097,.T.);
#5151=ORIENTED_EDGE('',*,*,#7098,.T.);
#5152=ORIENTED_EDGE('',*,*,#7094,.T.);
#5153=ORIENTED_EDGE('',*,*,#7099,.T.);
#5154=CARTESIAN_POINT('',(12.7,-3.81,-2.54));
#5155=DIRECTION('',(0.0,0.0,-1.0));
#5156=DIRECTION('',(0.0,-1.0,0.0));
#5157=ORIENTED_EDGE('',*,*,#7097,.F.);
#5158=ORIENTED_EDGE('',*,*,#7100,.T.);
#5159=ORIENTED_EDGE('',*,*,#7101,.T.);
#5160=ORIENTED_EDGE('',*,*,#7102,.F.);
#5161=CARTESIAN_POINT('',(12.38,-3.685,-2.54));
#5162=DIRECTION('',(0.0,-0.866025403784429,0.500000000000017));
#5163=DIRECTION('',(1.0,0.0,0.0));
#5164=ORIENTED_EDGE('',*,*,#7098,.F.);
#5165=ORIENTED_EDGE('',*,*,#7102,.T.);
#5166=ORIENTED_EDGE('',*,*,#7079,.T.);
#5167=ORIENTED_EDGE('',*,*,#7095,.F.);
#5168=CARTESIAN_POINT('',(12.825,-3.49,-2.54));
#5169=DIRECTION('',(-0.866025403784429,0.0,0.500000000000017));
#5170=DIRECTION('',(0.0,-1.0,0.0));
#5171=ORIENTED_EDGE('',*,*,#7103,.T.);
#5172=ORIENTED_EDGE('',*,*,#7080,.T.);
#5173=ORIENTED_EDGE('',*,*,#7101,.F.);
#5174=ORIENTED_EDGE('',*,*,#7086,.F.);
#5175=CARTESIAN_POINT('',(12.38,-3.49,-1.32));
#5176=DIRECTION('',(0.0,1.0,0.0));
#5177=DIRECTION('',(-1.0,0.0,0.0));
#5178=ORIENTED_EDGE('',*,*,#7083,.T.);
#5179=ORIENTED_EDGE('',*,*,#7081,.T.);
#5180=ORIENTED_EDGE('',*,*,#7103,.F.);
#5181=ORIENTED_EDGE('',*,*,#7085,.F.);
#5182=CARTESIAN_POINT('',(11.7,-2.49,-1.32));
#5183=DIRECTION('',(-1.0,0.0,0.0));
#5184=DIRECTION('',(0.0,0.0,-1.0));
#5185=ORIENTED_EDGE('',*,*,#7099,.F.);
#5186=ORIENTED_EDGE('',*,*,#7096,.T.);
#5187=ORIENTED_EDGE('',*,*,#7087,.T.);
#5188=ORIENTED_EDGE('',*,*,#7100,.F.);
#5189=CARTESIAN_POINT('',(12.575,-4.13,-2.54));
#5190=DIRECTION('',(0.866025403784429,-0.0,0.500000000000017));
#5191=DIRECTION('',(0.0,1.0,0.0));
#5192=FILL_AREA_STYLE_COLOUR('',#7104);
#5193=ORIENTED_EDGE('',*,*,#7105,.F.);
#5194=ORIENTED_EDGE('',*,*,#7106,.F.);
#5195=ORIENTED_EDGE('',*,*,#7107,.F.);
#5196=ORIENTED_EDGE('',*,*,#7108,.F.);
#5197=CARTESIAN_POINT('',(17.78,5.8,0.0));
#5198=DIRECTION('',(0.0,-1.0,0.0));
#5199=DIRECTION('',(0.0,0.0,-1.0));
#5200=ORIENTED_EDGE('',*,*,#7105,.T.);
#5201=ORIENTED_EDGE('',*,*,#7109,.T.);
#5202=ORIENTED_EDGE('',*,*,#7110,.F.);
#5203=ORIENTED_EDGE('',*,*,#7111,.F.);
#5204=CARTESIAN_POINT('',(17.46,5.8,-0.125));
#5205=DIRECTION('',(0.0,0.500000000000017,-0.866025403784429));
#5206=DIRECTION('',(1.0,0.0,0.0));
#5207=ORIENTED_EDGE('',*,*,#7106,.T.);
#5208=ORIENTED_EDGE('',*,*,#7111,.T.);
#5209=ORIENTED_EDGE('',*,*,#7112,.F.);
#5210=ORIENTED_EDGE('',*,*,#7113,.F.);
#5211=CARTESIAN_POINT('',(17.655,5.8,0.32));
#5212=DIRECTION('',(-0.866025403784429,0.500000000000017,0.0));
#5213=DIRECTION('',(0.0,0.0,-1.0));
#5214=ORIENTED_EDGE('',*,*,#7107,.T.);
#5215=ORIENTED_EDGE('',*,*,#7113,.T.);
#5216=ORIENTED_EDGE('',*,*,#7114,.F.);
#5217=ORIENTED_EDGE('',*,*,#7115,.F.);
#5218=CARTESIAN_POINT('',(18.1,5.8,0.125));
#5219=DIRECTION('',(0.0,0.500000000000017,0.866025403784429));
#5220=DIRECTION('',(-1.0,0.0,0.0));
#5221=ORIENTED_EDGE('',*,*,#7108,.T.);
#5222=ORIENTED_EDGE('',*,*,#7115,.T.);
#5223=ORIENTED_EDGE('',*,*,#7116,.F.);
#5224=ORIENTED_EDGE('',*,*,#7109,.F.);
#5225=CARTESIAN_POINT('',(17.905,5.8,-0.32));
#5226=DIRECTION('',(0.866025403784429,0.500000000000017,-0.0));
#5227=DIRECTION('',(0.0,0.0,1.0));
#5228=ORIENTED_EDGE('',*,*,#7116,.T.);
#5229=ORIENTED_EDGE('',*,*,#7117,.T.);
#5230=ORIENTED_EDGE('',*,*,#7118,.T.);
#5231=ORIENTED_EDGE('',*,*,#7119,.T.);
#5232=ORIENTED_EDGE('',*,*,#7120,.F.);
#5233=ORIENTED_EDGE('',*,*,#7121,.F.);
#5234=ORIENTED_EDGE('',*,*,#7122,.F.);
#5235=ORIENTED_EDGE('',*,*,#7123,.F.);
#5236=CARTESIAN_POINT('',(18.1,5.8,-0.32));
#5237=DIRECTION('',(1.0,0.0,0.0));
#5238=DIRECTION('',(0.0,1.0,0.0));
#5239=ORIENTED_EDGE('',*,*,#7110,.T.);
#5240=ORIENTED_EDGE('',*,*,#7123,.T.);
#5241=ORIENTED_EDGE('',*,*,#7124,.F.);
#5242=ORIENTED_EDGE('',*,*,#7125,.F.);
#5243=CARTESIAN_POINT('',(17.46,5.8,-0.32));
#5244=DIRECTION('',(0.0,0.0,-1.0));
#5245=DIRECTION('',(0.0,-1.0,0.0));
#5246=ORIENTED_EDGE('',*,*,#7112,.T.);
#5247=ORIENTED_EDGE('',*,*,#7125,.T.);
#5248=ORIENTED_EDGE('',*,*,#7126,.T.);
#5249=ORIENTED_EDGE('',*,*,#7127,.T.);
#5250=ORIENTED_EDGE('',*,*,#7128,.F.);
#5251=ORIENTED_EDGE('',*,*,#7129,.F.);
#5252=ORIENTED_EDGE('',*,*,#7130,.F.);
#5253=ORIENTED_EDGE('',*,*,#7131,.F.);
#5254=CARTESIAN_POINT('',(17.46,5.8,0.32));
#5255=DIRECTION('',(-1.0,0.0,0.0));
#5256=DIRECTION('',(0.0,0.0,1.0));
#5257=ORIENTED_EDGE('',*,*,#7114,.T.);
#5258=ORIENTED_EDGE('',*,*,#7131,.T.);
#5259=ORIENTED_EDGE('',*,*,#7132,.F.);
#5260=ORIENTED_EDGE('',*,*,#7117,.F.);
#5261=CARTESIAN_POINT('',(18.1,5.8,0.32));
#5262=DIRECTION('',(0.0,0.0,1.0));
#5263=DIRECTION('',(-1.0,0.0,0.0));
#5264=ORIENTED_EDGE('',*,*,#7132,.T.);
#5265=ORIENTED_EDGE('',*,*,#7130,.T.);
#5266=ORIENTED_EDGE('',*,*,#7133,.F.);
#5267=ORIENTED_EDGE('',*,*,#7118,.F.);
#5268=CARTESIAN_POINT('',(16.78,-2.49,-1.32));
#5269=DIRECTION('',(-1.0,0.0,0.0));
#5270=DIRECTION('',(0.0,0.0,-1.0));
#5271=ORIENTED_EDGE('',*,*,#7133,.T.);
#5272=ORIENTED_EDGE('',*,*,#7129,.T.);
#5273=ORIENTED_EDGE('',*,*,#7134,.F.);
#5274=ORIENTED_EDGE('',*,*,#7119,.F.);
#5275=CARTESIAN_POINT('',(18.1,-4.13,-1.32));
#5276=DIRECTION('',(0.0,-1.0,0.0));
#5277=DIRECTION('',(0.0,0.0,-1.0));
#5278=ORIENTED_EDGE('',*,*,#7135,.F.);
#5279=ORIENTED_EDGE('',*,*,#7136,.T.);
#5280=ORIENTED_EDGE('',*,*,#7134,.T.);
#5281=ORIENTED_EDGE('',*,*,#7137,.F.);
#5282=CARTESIAN_POINT('',(18.1,-3.935,-2.54));
#5283=DIRECTION('',(0.0,0.866025403784429,0.500000000000017));
#5284=DIRECTION('',(-1.0,0.0,0.0));
#5285=ORIENTED_EDGE('',*,*,#7138,.T.);
#5286=ORIENTED_EDGE('',*,*,#7139,.T.);
#5287=ORIENTED_EDGE('',*,*,#7135,.T.);
#5288=ORIENTED_EDGE('',*,*,#7140,.T.);
#5289=CARTESIAN_POINT('',(17.78,-3.81,-2.54));
#5290=DIRECTION('',(0.0,0.0,-1.0));
#5291=DIRECTION('',(0.0,-1.0,0.0));
#5292=ORIENTED_EDGE('',*,*,#7138,.F.);
#5293=ORIENTED_EDGE('',*,*,#7141,.T.);
#5294=ORIENTED_EDGE('',*,*,#7142,.T.);
#5295=ORIENTED_EDGE('',*,*,#7143,.F.);
#5296=CARTESIAN_POINT('',(17.46,-3.685,-2.54));
#5297=DIRECTION('',(0.0,-0.866025403784429,0.500000000000017));
#5298=DIRECTION('',(1.0,0.0,0.0));
#5299=ORIENTED_EDGE('',*,*,#7139,.F.);
#5300=ORIENTED_EDGE('',*,*,#7143,.T.);
#5301=ORIENTED_EDGE('',*,*,#7120,.T.);
#5302=ORIENTED_EDGE('',*,*,#7136,.F.);
#5303=CARTESIAN_POINT('',(17.905,-3.49,-2.54));
#5304=DIRECTION('',(-0.866025403784429,0.0,0.500000000000017));
#5305=DIRECTION('',(0.0,-1.0,0.0));
#5306=ORIENTED_EDGE('',*,*,#7144,.T.);
#5307=ORIENTED_EDGE('',*,*,#7121,.T.);
#5308=ORIENTED_EDGE('',*,*,#7142,.F.);
#5309=ORIENTED_EDGE('',*,*,#7127,.F.);
#5310=CARTESIAN_POINT('',(17.46,-3.49,-1.32));
#5311=DIRECTION('',(0.0,1.0,0.0));
#5312=DIRECTION('',(-1.0,0.0,0.0));
#5313=ORIENTED_EDGE('',*,*,#7124,.T.);
#5314=ORIENTED_EDGE('',*,*,#7122,.T.);
#5315=ORIENTED_EDGE('',*,*,#7144,.F.);
#5316=ORIENTED_EDGE('',*,*,#7126,.F.);
#5317=CARTESIAN_POINT('',(16.78,-2.49,-1.32));
#5318=DIRECTION('',(-1.0,0.0,0.0));
#5319=DIRECTION('',(0.0,0.0,-1.0));
#5320=ORIENTED_EDGE('',*,*,#7140,.F.);
#5321=ORIENTED_EDGE('',*,*,#7137,.T.);
#5322=ORIENTED_EDGE('',*,*,#7128,.T.);
#5323=ORIENTED_EDGE('',*,*,#7141,.F.);
#5324=CARTESIAN_POINT('',(17.655,-4.13,-2.54));
#5325=DIRECTION('',(0.866025403784429,-0.0,0.500000000000017));
#5326=DIRECTION('',(0.0,1.0,0.0));
#5327=FILL_AREA_STYLE_COLOUR('',#7145);
#5328=ORIENTED_EDGE('',*,*,#7146,.F.);
#5329=ORIENTED_EDGE('',*,*,#7147,.F.);
#5330=ORIENTED_EDGE('',*,*,#7148,.F.);
#5331=ORIENTED_EDGE('',*,*,#7149,.F.);
#5332=CARTESIAN_POINT('',(22.86,5.8,0.0));
#5333=DIRECTION('',(0.0,-1.0,0.0));
#5334=DIRECTION('',(0.0,0.0,-1.0));
#5335=ORIENTED_EDGE('',*,*,#7146,.T.);
#5336=ORIENTED_EDGE('',*,*,#7150,.T.);
#5337=ORIENTED_EDGE('',*,*,#7151,.F.);
#5338=ORIENTED_EDGE('',*,*,#7152,.F.);
#5339=CARTESIAN_POINT('',(22.54,5.8,-0.125));
#5340=DIRECTION('',(0.0,0.500000000000017,-0.866025403784429));
#5341=DIRECTION('',(1.0,0.0,0.0));
#5342=ORIENTED_EDGE('',*,*,#7147,.T.);
#5343=ORIENTED_EDGE('',*,*,#7152,.T.);
#5344=ORIENTED_EDGE('',*,*,#7153,.F.);
#5345=ORIENTED_EDGE('',*,*,#7154,.F.);
#5346=CARTESIAN_POINT('',(22.735,5.8,0.32));
#5347=DIRECTION('',(-0.866025403784429,0.500000000000017,0.0));
#5348=DIRECTION('',(0.0,0.0,-1.0));
#5349=ORIENTED_EDGE('',*,*,#7148,.T.);
#5350=ORIENTED_EDGE('',*,*,#7154,.T.);
#5351=ORIENTED_EDGE('',*,*,#7155,.F.);
#5352=ORIENTED_EDGE('',*,*,#7156,.F.);
#5353=CARTESIAN_POINT('',(23.18,5.8,0.125));
#5354=DIRECTION('',(0.0,0.500000000000017,0.866025403784429));
#5355=DIRECTION('',(-1.0,0.0,0.0));
#5356=ORIENTED_EDGE('',*,*,#7149,.T.);
#5357=ORIENTED_EDGE('',*,*,#7156,.T.);
#5358=ORIENTED_EDGE('',*,*,#7157,.F.);
#5359=ORIENTED_EDGE('',*,*,#7150,.F.);
#5360=CARTESIAN_POINT('',(22.985,5.8,-0.32));
#5361=DIRECTION('',(0.866025403784429,0.500000000000017,-0.0));
#5362=DIRECTION('',(0.0,0.0,1.0));
#5363=ORIENTED_EDGE('',*,*,#7157,.T.);
#5364=ORIENTED_EDGE('',*,*,#7158,.T.);
#5365=ORIENTED_EDGE('',*,*,#7159,.T.);
#5366=ORIENTED_EDGE('',*,*,#7160,.T.);
#5367=ORIENTED_EDGE('',*,*,#7161,.F.);
#5368=ORIENTED_EDGE('',*,*,#7162,.F.);
#5369=ORIENTED_EDGE('',*,*,#7163,.F.);
#5370=ORIENTED_EDGE('',*,*,#7164,.F.);
#5371=CARTESIAN_POINT('',(23.18,5.8,-0.32));
#5372=DIRECTION('',(1.0,0.0,0.0));
#5373=DIRECTION('',(0.0,1.0,0.0));
#5374=ORIENTED_EDGE('',*,*,#7151,.T.);
#5375=ORIENTED_EDGE('',*,*,#7164,.T.);
#5376=ORIENTED_EDGE('',*,*,#7165,.F.);
#5377=ORIENTED_EDGE('',*,*,#7166,.F.);
#5378=CARTESIAN_POINT('',(22.54,5.8,-0.32));
#5379=DIRECTION('',(0.0,0.0,-1.0));
#5380=DIRECTION('',(0.0,-1.0,0.0));
#5381=ORIENTED_EDGE('',*,*,#7153,.T.);
#5382=ORIENTED_EDGE('',*,*,#7166,.T.);
#5383=ORIENTED_EDGE('',*,*,#7167,.T.);
#5384=ORIENTED_EDGE('',*,*,#7168,.T.);
#5385=ORIENTED_EDGE('',*,*,#7169,.F.);
#5386=ORIENTED_EDGE('',*,*,#7170,.F.);
#5387=ORIENTED_EDGE('',*,*,#7171,.F.);
#5388=ORIENTED_EDGE('',*,*,#7172,.F.);
#5389=CARTESIAN_POINT('',(22.54,5.8,0.32));
#5390=DIRECTION('',(-1.0,0.0,0.0));
#5391=DIRECTION('',(0.0,0.0,1.0));
#5392=ORIENTED_EDGE('',*,*,#7155,.T.);
#5393=ORIENTED_EDGE('',*,*,#7172,.T.);
#5394=ORIENTED_EDGE('',*,*,#7173,.F.);
#5395=ORIENTED_EDGE('',*,*,#7158,.F.);
#5396=CARTESIAN_POINT('',(23.18,5.8,0.32));
#5397=DIRECTION('',(0.0,0.0,1.0));
#5398=DIRECTION('',(-1.0,0.0,0.0));
#5399=ORIENTED_EDGE('',*,*,#7173,.T.);
#5400=ORIENTED_EDGE('',*,*,#7171,.T.);
#5401=ORIENTED_EDGE('',*,*,#7174,.F.);
#5402=ORIENTED_EDGE('',*,*,#7159,.F.);
#5403=CARTESIAN_POINT('',(21.86,-2.49,-1.32));
#5404=DIRECTION('',(-1.0,0.0,0.0));
#5405=DIRECTION('',(0.0,0.0,-1.0));
#5406=ORIENTED_EDGE('',*,*,#7174,.T.);
#5407=ORIENTED_EDGE('',*,*,#7170,.T.);
#5408=ORIENTED_EDGE('',*,*,#7175,.F.);
#5409=ORIENTED_EDGE('',*,*,#7160,.F.);
#5410=CARTESIAN_POINT('',(23.18,-4.13,-1.32));
#5411=DIRECTION('',(0.0,-1.0,0.0));
#5412=DIRECTION('',(0.0,0.0,-1.0));
#5413=ORIENTED_EDGE('',*,*,#7176,.F.);
#5414=ORIENTED_EDGE('',*,*,#7177,.T.);
#5415=ORIENTED_EDGE('',*,*,#7175,.T.);
#5416=ORIENTED_EDGE('',*,*,#7178,.F.);
#5417=CARTESIAN_POINT('',(23.18,-3.935,-2.54));
#5418=DIRECTION('',(0.0,0.866025403784429,0.500000000000017));
#5419=DIRECTION('',(-1.0,0.0,0.0));
#5420=ORIENTED_EDGE('',*,*,#7179,.T.);
#5421=ORIENTED_EDGE('',*,*,#7180,.T.);
#5422=ORIENTED_EDGE('',*,*,#7176,.T.);
#5423=ORIENTED_EDGE('',*,*,#7181,.T.);
#5424=CARTESIAN_POINT('',(22.86,-3.81,-2.54));
#5425=DIRECTION('',(0.0,0.0,-1.0));
#5426=DIRECTION('',(0.0,-1.0,0.0));
#5427=ORIENTED_EDGE('',*,*,#7179,.F.);
#5428=ORIENTED_EDGE('',*,*,#7182,.T.);
#5429=ORIENTED_EDGE('',*,*,#7183,.T.);
#5430=ORIENTED_EDGE('',*,*,#7184,.F.);
#5431=CARTESIAN_POINT('',(22.54,-3.685,-2.54));
#5432=DIRECTION('',(0.0,-0.866025403784429,0.500000000000017));
#5433=DIRECTION('',(1.0,0.0,0.0));
#5434=ORIENTED_EDGE('',*,*,#7180,.F.);
#5435=ORIENTED_EDGE('',*,*,#7184,.T.);
#5436=ORIENTED_EDGE('',*,*,#7161,.T.);
#5437=ORIENTED_EDGE('',*,*,#7177,.F.);
#5438=CARTESIAN_POINT('',(22.985,-3.49,-2.54));
#5439=DIRECTION('',(-0.866025403784429,0.0,0.500000000000017));
#5440=DIRECTION('',(0.0,-1.0,0.0));
#5441=ORIENTED_EDGE('',*,*,#7185,.T.);
#5442=ORIENTED_EDGE('',*,*,#7162,.T.);
#5443=ORIENTED_EDGE('',*,*,#7183,.F.);
#5444=ORIENTED_EDGE('',*,*,#7168,.F.);
#5445=CARTESIAN_POINT('',(22.54,-3.49,-1.32));
#5446=DIRECTION('',(0.0,1.0,0.0));
#5447=DIRECTION('',(-1.0,0.0,0.0));
#5448=ORIENTED_EDGE('',*,*,#7165,.T.);
#5449=ORIENTED_EDGE('',*,*,#7163,.T.);
#5450=ORIENTED_EDGE('',*,*,#7185,.F.);
#5451=ORIENTED_EDGE('',*,*,#7167,.F.);
#5452=CARTESIAN_POINT('',(21.86,-2.49,-1.32));
#5453=DIRECTION('',(-1.0,0.0,0.0));
#5454=DIRECTION('',(0.0,0.0,-1.0));
#5455=ORIENTED_EDGE('',*,*,#7181,.F.);
#5456=ORIENTED_EDGE('',*,*,#7178,.T.);
#5457=ORIENTED_EDGE('',*,*,#7169,.T.);
#5458=ORIENTED_EDGE('',*,*,#7182,.F.);
#5459=CARTESIAN_POINT('',(22.735,-4.13,-2.54));
#5460=DIRECTION('',(0.866025403784429,-0.0,0.500000000000017));
#5461=DIRECTION('',(0.0,1.0,0.0));
#5462=FILL_AREA_STYLE_COLOUR('',#7186);
#5463=ORIENTED_EDGE('',*,*,#7187,.F.);
#5464=ORIENTED_EDGE('',*,*,#7188,.F.);
#5465=ORIENTED_EDGE('',*,*,#7189,.F.);
#5466=ORIENTED_EDGE('',*,*,#7190,.F.);
#5467=CARTESIAN_POINT('',(27.94,5.8,0.0));
#5468=DIRECTION('',(0.0,-1.0,0.0));
#5469=DIRECTION('',(0.0,0.0,-1.0));
#5470=ORIENTED_EDGE('',*,*,#7187,.T.);
#5471=ORIENTED_EDGE('',*,*,#7191,.T.);
#5472=ORIENTED_EDGE('',*,*,#7192,.F.);
#5473=ORIENTED_EDGE('',*,*,#7193,.F.);
#5474=CARTESIAN_POINT('',(27.62,5.8,-0.125));
#5475=DIRECTION('',(0.0,0.500000000000017,-0.866025403784429));
#5476=DIRECTION('',(1.0,0.0,0.0));
#5477=ORIENTED_EDGE('',*,*,#7188,.T.);
#5478=ORIENTED_EDGE('',*,*,#7193,.T.);
#5479=ORIENTED_EDGE('',*,*,#7194,.F.);
#5480=ORIENTED_EDGE('',*,*,#7195,.F.);
#5481=CARTESIAN_POINT('',(27.815,5.8,0.32));
#5482=DIRECTION('',(-0.866025403784429,0.500000000000017,0.0));
#5483=DIRECTION('',(0.0,0.0,-1.0));
#5484=ORIENTED_EDGE('',*,*,#7189,.T.);
#5485=ORIENTED_EDGE('',*,*,#7195,.T.);
#5486=ORIENTED_EDGE('',*,*,#7196,.F.);
#5487=ORIENTED_EDGE('',*,*,#7197,.F.);
#5488=CARTESIAN_POINT('',(28.26,5.8,0.125));
#5489=DIRECTION('',(0.0,0.500000000000017,0.866025403784429));
#5490=DIRECTION('',(-1.0,0.0,0.0));
#5491=ORIENTED_EDGE('',*,*,#7190,.T.);
#5492=ORIENTED_EDGE('',*,*,#7197,.T.);
#5493=ORIENTED_EDGE('',*,*,#7198,.F.);
#5494=ORIENTED_EDGE('',*,*,#7191,.F.);
#5495=CARTESIAN_POINT('',(28.065,5.8,-0.32));
#5496=DIRECTION('',(0.866025403784429,0.500000000000017,-0.0));
#5497=DIRECTION('',(0.0,0.0,1.0));
#5498=ORIENTED_EDGE('',*,*,#7198,.T.);
#5499=ORIENTED_EDGE('',*,*,#7199,.T.);
#5500=ORIENTED_EDGE('',*,*,#7200,.T.);
#5501=ORIENTED_EDGE('',*,*,#7201,.T.);
#5502=ORIENTED_EDGE('',*,*,#7202,.F.);
#5503=ORIENTED_EDGE('',*,*,#7203,.F.);
#5504=ORIENTED_EDGE('',*,*,#7204,.F.);
#5505=ORIENTED_EDGE('',*,*,#7205,.F.);
#5506=CARTESIAN_POINT('',(28.26,5.8,-0.32));
#5507=DIRECTION('',(1.0,0.0,0.0));
#5508=DIRECTION('',(0.0,1.0,0.0));
#5509=ORIENTED_EDGE('',*,*,#7192,.T.);
#5510=ORIENTED_EDGE('',*,*,#7205,.T.);
#5511=ORIENTED_EDGE('',*,*,#7206,.F.);
#5512=ORIENTED_EDGE('',*,*,#7207,.F.);
#5513=CARTESIAN_POINT('',(27.62,5.8,-0.32));
#5514=DIRECTION('',(0.0,0.0,-1.0));
#5515=DIRECTION('',(0.0,-1.0,0.0));
#5516=ORIENTED_EDGE('',*,*,#7194,.T.);
#5517=ORIENTED_EDGE('',*,*,#7207,.T.);
#5518=ORIENTED_EDGE('',*,*,#7208,.T.);
#5519=ORIENTED_EDGE('',*,*,#7209,.T.);
#5520=ORIENTED_EDGE('',*,*,#7210,.F.);
#5521=ORIENTED_EDGE('',*,*,#7211,.F.);
#5522=ORIENTED_EDGE('',*,*,#7212,.F.);
#5523=ORIENTED_EDGE('',*,*,#7213,.F.);
#5524=CARTESIAN_POINT('',(27.62,5.8,0.32));
#5525=DIRECTION('',(-1.0,0.0,0.0));
#5526=DIRECTION('',(0.0,0.0,1.0));
#5527=ORIENTED_EDGE('',*,*,#7196,.T.);
#5528=ORIENTED_EDGE('',*,*,#7213,.T.);
#5529=ORIENTED_EDGE('',*,*,#7214,.F.);
#5530=ORIENTED_EDGE('',*,*,#7199,.F.);
#5531=CARTESIAN_POINT('',(28.26,5.8,0.32));
#5532=DIRECTION('',(0.0,0.0,1.0));
#5533=DIRECTION('',(-1.0,0.0,0.0));
#5534=ORIENTED_EDGE('',*,*,#7214,.T.);
#5535=ORIENTED_EDGE('',*,*,#7212,.T.);
#5536=ORIENTED_EDGE('',*,*,#7215,.F.);
#5537=ORIENTED_EDGE('',*,*,#7200,.F.);
#5538=CARTESIAN_POINT('',(26.94,-2.49,-1.32));
#5539=DIRECTION('',(-1.0,0.0,0.0));
#5540=DIRECTION('',(0.0,0.0,-1.0));
#5541=ORIENTED_EDGE('',*,*,#7215,.T.);
#5542=ORIENTED_EDGE('',*,*,#7211,.T.);
#5543=ORIENTED_EDGE('',*,*,#7216,.F.);
#5544=ORIENTED_EDGE('',*,*,#7201,.F.);
#5545=CARTESIAN_POINT('',(28.26,-4.13,-1.32));
#5546=DIRECTION('',(0.0,-1.0,0.0));
#5547=DIRECTION('',(0.0,0.0,-1.0));
#5548=ORIENTED_EDGE('',*,*,#7217,.F.);
#5549=ORIENTED_EDGE('',*,*,#7218,.T.);
#5550=ORIENTED_EDGE('',*,*,#7216,.T.);
#5551=ORIENTED_EDGE('',*,*,#7219,.F.);
#5552=CARTESIAN_POINT('',(28.26,-3.935,-2.54));
#5553=DIRECTION('',(0.0,0.866025403784429,0.500000000000017));
#5554=DIRECTION('',(-1.0,0.0,0.0));
#5555=ORIENTED_EDGE('',*,*,#7220,.T.);
#5556=ORIENTED_EDGE('',*,*,#7221,.T.);
#5557=ORIENTED_EDGE('',*,*,#7217,.T.);
#5558=ORIENTED_EDGE('',*,*,#7222,.T.);
#5559=CARTESIAN_POINT('',(27.94,-3.81,-2.54));
#5560=DIRECTION('',(0.0,0.0,-1.0));
#5561=DIRECTION('',(0.0,-1.0,0.0));
#5562=ORIENTED_EDGE('',*,*,#7220,.F.);
#5563=ORIENTED_EDGE('',*,*,#7223,.T.);
#5564=ORIENTED_EDGE('',*,*,#7224,.T.);
#5565=ORIENTED_EDGE('',*,*,#7225,.F.);
#5566=CARTESIAN_POINT('',(27.62,-3.685,-2.54));
#5567=DIRECTION('',(0.0,-0.866025403784429,0.500000000000017));
#5568=DIRECTION('',(1.0,0.0,0.0));
#5569=ORIENTED_EDGE('',*,*,#7221,.F.);
#5570=ORIENTED_EDGE('',*,*,#7225,.T.);
#5571=ORIENTED_EDGE('',*,*,#7202,.T.);
#5572=ORIENTED_EDGE('',*,*,#7218,.F.);
#5573=CARTESIAN_POINT('',(28.065,-3.49,-2.54));
#5574=DIRECTION('',(-0.866025403784429,0.0,0.500000000000017));
#5575=DIRECTION('',(0.0,-1.0,0.0));
#5576=ORIENTED_EDGE('',*,*,#7226,.T.);
#5577=ORIENTED_EDGE('',*,*,#7203,.T.);
#5578=ORIENTED_EDGE('',*,*,#7224,.F.);
#5579=ORIENTED_EDGE('',*,*,#7209,.F.);
#5580=CARTESIAN_POINT('',(27.62,-3.49,-1.32));
#5581=DIRECTION('',(0.0,1.0,0.0));
#5582=DIRECTION('',(-1.0,0.0,0.0));
#5583=ORIENTED_EDGE('',*,*,#7206,.T.);
#5584=ORIENTED_EDGE('',*,*,#7204,.T.);
#5585=ORIENTED_EDGE('',*,*,#7226,.F.);
#5586=ORIENTED_EDGE('',*,*,#7208,.F.);
#5587=CARTESIAN_POINT('',(26.94,-2.49,-1.32));
#5588=DIRECTION('',(-1.0,0.0,0.0));
#5589=DIRECTION('',(0.0,0.0,-1.0));
#5590=ORIENTED_EDGE('',*,*,#7222,.F.);
#5591=ORIENTED_EDGE('',*,*,#7219,.T.);
#5592=ORIENTED_EDGE('',*,*,#7210,.T.);
#5593=ORIENTED_EDGE('',*,*,#7223,.F.);
#5594=CARTESIAN_POINT('',(27.815,-4.13,-2.54));
#5595=DIRECTION('',(0.866025403784429,-0.0,0.500000000000017));
#5596=DIRECTION('',(0.0,1.0,0.0));
#5597=FILL_AREA_STYLE_COLOUR('',#7227);
#5598=ORIENTED_EDGE('',*,*,#7228,.F.);
#5599=ORIENTED_EDGE('',*,*,#7229,.F.);
#5600=ORIENTED_EDGE('',*,*,#7230,.F.);
#5601=ORIENTED_EDGE('',*,*,#7231,.F.);
#5602=CARTESIAN_POINT('',(5.08,5.8,0.0));
#5603=DIRECTION('',(0.0,-1.0,0.0));
#5604=DIRECTION('',(0.0,0.0,1.0));
#5605=ORIENTED_EDGE('',*,*,#7228,.T.);
#5606=ORIENTED_EDGE('',*,*,#7232,.T.);
#5607=ORIENTED_EDGE('',*,*,#7233,.F.);
#5608=ORIENTED_EDGE('',*,*,#7234,.F.);
#5609=CARTESIAN_POINT('',(5.4,5.8,0.125));
#5610=DIRECTION('',(0.0,0.500000000000017,0.866025403784429));
#5611=DIRECTION('',(-1.0,0.0,0.0));
#5612=ORIENTED_EDGE('',*,*,#7229,.T.);
#5613=ORIENTED_EDGE('',*,*,#7234,.T.);
#5614=ORIENTED_EDGE('',*,*,#7235,.F.);
#5615=ORIENTED_EDGE('',*,*,#7236,.F.);
#5616=CARTESIAN_POINT('',(5.205,5.8,-0.32));
#5617=DIRECTION('',(0.866025403784429,0.500000000000017,-0.0));
#5618=DIRECTION('',(0.0,0.0,1.0));
#5619=ORIENTED_EDGE('',*,*,#7230,.T.);
#5620=ORIENTED_EDGE('',*,*,#7236,.T.);
#5621=ORIENTED_EDGE('',*,*,#7237,.F.);
#5622=ORIENTED_EDGE('',*,*,#7238,.F.);
#5623=CARTESIAN_POINT('',(4.76,5.8,-0.125));
#5624=DIRECTION('',(0.0,0.500000000000017,-0.866025403784429));
#5625=DIRECTION('',(1.0,0.0,0.0));
#5626=ORIENTED_EDGE('',*,*,#7231,.T.);
#5627=ORIENTED_EDGE('',*,*,#7238,.T.);
#5628=ORIENTED_EDGE('',*,*,#7239,.F.);
#5629=ORIENTED_EDGE('',*,*,#7232,.F.);
#5630=CARTESIAN_POINT('',(4.955,5.8,0.32));
#5631=DIRECTION('',(-0.866025403784429,0.500000000000017,0.0));
#5632=DIRECTION('',(0.0,0.0,-1.0));
#5633=ORIENTED_EDGE('',*,*,#7239,.T.);
#5634=ORIENTED_EDGE('',*,*,#7240,.T.);
#5635=ORIENTED_EDGE('',*,*,#7241,.T.);
#5636=ORIENTED_EDGE('',*,*,#7242,.T.);
#5637=ORIENTED_EDGE('',*,*,#7243,.F.);
#5638=ORIENTED_EDGE('',*,*,#7244,.F.);
#5639=ORIENTED_EDGE('',*,*,#7245,.F.);
#5640=ORIENTED_EDGE('',*,*,#7246,.F.);
#5641=CARTESIAN_POINT('',(4.76,5.8,0.32));
#5642=DIRECTION('',(-1.0,0.0,0.0));
#5643=DIRECTION('',(0.0,1.0,0.0));
#5644=ORIENTED_EDGE('',*,*,#7233,.T.);
#5645=ORIENTED_EDGE('',*,*,#7246,.T.);
#5646=ORIENTED_EDGE('',*,*,#7247,.F.);
#5647=ORIENTED_EDGE('',*,*,#7248,.F.);
#5648=CARTESIAN_POINT('',(5.4,5.8,0.32));
#5649=DIRECTION('',(0.0,0.0,1.0));
#5650=DIRECTION('',(0.0,-1.0,0.0));
#5651=ORIENTED_EDGE('',*,*,#7235,.T.);
#5652=ORIENTED_EDGE('',*,*,#7248,.T.);
#5653=ORIENTED_EDGE('',*,*,#7249,.T.);
#5654=ORIENTED_EDGE('',*,*,#7250,.T.);
#5655=ORIENTED_EDGE('',*,*,#7251,.F.);
#5656=ORIENTED_EDGE('',*,*,#7252,.F.);
#5657=ORIENTED_EDGE('',*,*,#7253,.F.);
#5658=ORIENTED_EDGE('',*,*,#7254,.F.);
#5659=CARTESIAN_POINT('',(5.4,5.8,-0.32));
#5660=DIRECTION('',(1.0,0.0,0.0));
#5661=DIRECTION('',(0.0,0.0,-1.0));
#5662=ORIENTED_EDGE('',*,*,#7237,.T.);
#5663=ORIENTED_EDGE('',*,*,#7254,.T.);
#5664=ORIENTED_EDGE('',*,*,#7255,.F.);
#5665=ORIENTED_EDGE('',*,*,#7240,.F.);
#5666=CARTESIAN_POINT('',(4.76,5.8,-0.32));
#5667=DIRECTION('',(0.0,0.0,-1.0));
#5668=DIRECTION('',(1.0,0.0,0.0));
#5669=ORIENTED_EDGE('',*,*,#7255,.T.);
#5670=ORIENTED_EDGE('',*,*,#7253,.T.);
#5671=ORIENTED_EDGE('',*,*,#7256,.F.);
#5672=ORIENTED_EDGE('',*,*,#7241,.F.);
#5673=CARTESIAN_POINT('',(6.08,-2.49,1.32));
#5674=DIRECTION('',(1.0,0.0,-0.0));
#5675=DIRECTION('',(0.0,0.0,1.0));
#5676=ORIENTED_EDGE('',*,*,#7256,.T.);
#5677=ORIENTED_EDGE('',*,*,#7252,.T.);
#5678=ORIENTED_EDGE('',*,*,#7257,.F.);
#5679=ORIENTED_EDGE('',*,*,#7242,.F.);
#5680=CARTESIAN_POINT('',(4.76,-4.13,1.32));
#5681=DIRECTION('',(0.0,-1.0,0.0));
#5682=DIRECTION('',(0.0,0.0,1.0));
#5683=ORIENTED_EDGE('',*,*,#7258,.F.);
#5684=ORIENTED_EDGE('',*,*,#7259,.T.);
#5685=ORIENTED_EDGE('',*,*,#7257,.T.);
#5686=ORIENTED_EDGE('',*,*,#7260,.F.);
#5687=CARTESIAN_POINT('',(4.76,-3.935,2.54));
#5688=DIRECTION('',(0.0,0.866025403784429,-0.500000000000017));
#5689=DIRECTION('',(1.0,0.0,0.0));
#5690=ORIENTED_EDGE('',*,*,#7261,.T.);
#5691=ORIENTED_EDGE('',*,*,#7262,.T.);
#5692=ORIENTED_EDGE('',*,*,#7258,.T.);
#5693=ORIENTED_EDGE('',*,*,#7263,.T.);
#5694=CARTESIAN_POINT('',(5.08,-3.81,2.54));
#5695=DIRECTION('',(0.0,0.0,1.0));
#5696=DIRECTION('',(0.0,-1.0,0.0));
#5697=ORIENTED_EDGE('',*,*,#7261,.F.);
#5698=ORIENTED_EDGE('',*,*,#7264,.T.);
#5699=ORIENTED_EDGE('',*,*,#7265,.T.);
#5700=ORIENTED_EDGE('',*,*,#7266,.F.);
#5701=CARTESIAN_POINT('',(5.4,-3.685,2.54));
#5702=DIRECTION('',(-0.0,-0.866025403784429,-0.500000000000017));
#5703=DIRECTION('',(-1.0,0.0,0.0));
#5704=ORIENTED_EDGE('',*,*,#7262,.F.);
#5705=ORIENTED_EDGE('',*,*,#7266,.T.);
#5706=ORIENTED_EDGE('',*,*,#7243,.T.);
#5707=ORIENTED_EDGE('',*,*,#7259,.F.);
#5708=CARTESIAN_POINT('',(4.955,-3.49,2.54));
#5709=DIRECTION('',(0.866025403784429,0.0,-0.500000000000017));
#5710=DIRECTION('',(0.0,-1.0,0.0));
#5711=ORIENTED_EDGE('',*,*,#7267,.T.);
#5712=ORIENTED_EDGE('',*,*,#7244,.T.);
#5713=ORIENTED_EDGE('',*,*,#7265,.F.);
#5714=ORIENTED_EDGE('',*,*,#7250,.F.);
#5715=CARTESIAN_POINT('',(5.4,-3.49,1.32));
#5716=DIRECTION('',(-0.0,1.0,0.0));
#5717=DIRECTION('',(1.0,0.0,0.0));
#5718=ORIENTED_EDGE('',*,*,#7247,.T.);
#5719=ORIENTED_EDGE('',*,*,#7245,.T.);
#5720=ORIENTED_EDGE('',*,*,#7267,.F.);
#5721=ORIENTED_EDGE('',*,*,#7249,.F.);
#5722=CARTESIAN_POINT('',(6.08,-2.49,1.32));
#5723=DIRECTION('',(1.0,0.0,-0.0));
#5724=DIRECTION('',(0.0,0.0,1.0));
#5725=ORIENTED_EDGE('',*,*,#7263,.F.);
#5726=ORIENTED_EDGE('',*,*,#7260,.T.);
#5727=ORIENTED_EDGE('',*,*,#7251,.T.);
#5728=ORIENTED_EDGE('',*,*,#7264,.F.);
#5729=CARTESIAN_POINT('',(5.205,-4.13,2.54));
#5730=DIRECTION('',(-0.866025403784429,0.0,-0.500000000000017));
#5731=DIRECTION('',(0.0,1.0,0.0));
#5732=FILL_AREA_STYLE_COLOUR('',#7268);
#5733=ORIENTED_EDGE('',*,*,#7269,.F.);
#5734=ORIENTED_EDGE('',*,*,#7270,.F.);
#5735=ORIENTED_EDGE('',*,*,#7271,.F.);
#5736=ORIENTED_EDGE('',*,*,#7272,.F.);
#5737=CARTESIAN_POINT('',(10.16,5.8,0.0));
#5738=DIRECTION('',(0.0,-1.0,0.0));
#5739=DIRECTION('',(0.0,0.0,1.0));
#5740=ORIENTED_EDGE('',*,*,#7269,.T.);
#5741=ORIENTED_EDGE('',*,*,#7273,.T.);
#5742=ORIENTED_EDGE('',*,*,#7274,.F.);
#5743=ORIENTED_EDGE('',*,*,#7275,.F.);
#5744=CARTESIAN_POINT('',(10.48,5.8,0.125));
#5745=DIRECTION('',(0.0,0.500000000000017,0.866025403784429));
#5746=DIRECTION('',(-1.0,0.0,0.0));
#5747=ORIENTED_EDGE('',*,*,#7270,.T.);
#5748=ORIENTED_EDGE('',*,*,#7275,.T.);
#5749=ORIENTED_EDGE('',*,*,#7276,.F.);
#5750=ORIENTED_EDGE('',*,*,#7277,.F.);
#5751=CARTESIAN_POINT('',(10.285,5.8,-0.32));
#5752=DIRECTION('',(0.866025403784429,0.500000000000017,-0.0));
#5753=DIRECTION('',(0.0,0.0,1.0));
#5754=ORIENTED_EDGE('',*,*,#7271,.T.);
#5755=ORIENTED_EDGE('',*,*,#7277,.T.);
#5756=ORIENTED_EDGE('',*,*,#7278,.F.);
#5757=ORIENTED_EDGE('',*,*,#7279,.F.);
#5758=CARTESIAN_POINT('',(9.84,5.8,-0.125));
#5759=DIRECTION('',(0.0,0.500000000000017,-0.866025403784429));
#5760=DIRECTION('',(1.0,0.0,0.0));
#5761=ORIENTED_EDGE('',*,*,#7272,.T.);
#5762=ORIENTED_EDGE('',*,*,#7279,.T.);
#5763=ORIENTED_EDGE('',*,*,#7280,.F.);
#5764=ORIENTED_EDGE('',*,*,#7273,.F.);
#5765=CARTESIAN_POINT('',(10.035,5.8,0.32));
#5766=DIRECTION('',(-0.866025403784429,0.500000000000017,0.0));
#5767=DIRECTION('',(0.0,0.0,-1.0));
#5768=ORIENTED_EDGE('',*,*,#7280,.T.);
#5769=ORIENTED_EDGE('',*,*,#7281,.T.);
#5770=ORIENTED_EDGE('',*,*,#7282,.T.);
#5771=ORIENTED_EDGE('',*,*,#7283,.T.);
#5772=ORIENTED_EDGE('',*,*,#7284,.F.);
#5773=ORIENTED_EDGE('',*,*,#7285,.F.);
#5774=ORIENTED_EDGE('',*,*,#7286,.F.);
#5775=ORIENTED_EDGE('',*,*,#7287,.F.);
#5776=CARTESIAN_POINT('',(9.84,5.8,0.32));
#5777=DIRECTION('',(-1.0,0.0,0.0));
#5778=DIRECTION('',(0.0,1.0,0.0));
#5779=ORIENTED_EDGE('',*,*,#7274,.T.);
#5780=ORIENTED_EDGE('',*,*,#7287,.T.);
#5781=ORIENTED_EDGE('',*,*,#7288,.F.);
#5782=ORIENTED_EDGE('',*,*,#7289,.F.);
#5783=CARTESIAN_POINT('',(10.48,5.8,0.32));
#5784=DIRECTION('',(0.0,0.0,1.0));
#5785=DIRECTION('',(0.0,-1.0,0.0));
#5786=ORIENTED_EDGE('',*,*,#7276,.T.);
#5787=ORIENTED_EDGE('',*,*,#7289,.T.);
#5788=ORIENTED_EDGE('',*,*,#7290,.T.);
#5789=ORIENTED_EDGE('',*,*,#7291,.T.);
#5790=ORIENTED_EDGE('',*,*,#7292,.F.);
#5791=ORIENTED_EDGE('',*,*,#7293,.F.);
#5792=ORIENTED_EDGE('',*,*,#7294,.F.);
#5793=ORIENTED_EDGE('',*,*,#7295,.F.);
#5794=CARTESIAN_POINT('',(10.48,5.8,-0.32));
#5795=DIRECTION('',(1.0,0.0,0.0));
#5796=DIRECTION('',(0.0,0.0,-1.0));
#5797=ORIENTED_EDGE('',*,*,#7278,.T.);
#5798=ORIENTED_EDGE('',*,*,#7295,.T.);
#5799=ORIENTED_EDGE('',*,*,#7296,.F.);
#5800=ORIENTED_EDGE('',*,*,#7281,.F.);
#5801=CARTESIAN_POINT('',(9.84,5.8,-0.32));
#5802=DIRECTION('',(0.0,0.0,-1.0));
#5803=DIRECTION('',(1.0,0.0,0.0));
#5804=ORIENTED_EDGE('',*,*,#7296,.T.);
#5805=ORIENTED_EDGE('',*,*,#7294,.T.);
#5806=ORIENTED_EDGE('',*,*,#7297,.F.);
#5807=ORIENTED_EDGE('',*,*,#7282,.F.);
#5808=CARTESIAN_POINT('',(11.16,-2.49,1.32));
#5809=DIRECTION('',(1.0,0.0,-0.0));
#5810=DIRECTION('',(0.0,0.0,1.0));
#5811=ORIENTED_EDGE('',*,*,#7297,.T.);
#5812=ORIENTED_EDGE('',*,*,#7293,.T.);
#5813=ORIENTED_EDGE('',*,*,#7298,.F.);
#5814=ORIENTED_EDGE('',*,*,#7283,.F.);
#5815=CARTESIAN_POINT('',(9.84,-4.13,1.32));
#5816=DIRECTION('',(0.0,-1.0,0.0));
#5817=DIRECTION('',(0.0,0.0,1.0));
#5818=ORIENTED_EDGE('',*,*,#7299,.F.);
#5819=ORIENTED_EDGE('',*,*,#7300,.T.);
#5820=ORIENTED_EDGE('',*,*,#7298,.T.);
#5821=ORIENTED_EDGE('',*,*,#7301,.F.);
#5822=CARTESIAN_POINT('',(9.84,-3.935,2.54));
#5823=DIRECTION('',(0.0,0.866025403784429,-0.500000000000017));
#5824=DIRECTION('',(1.0,0.0,0.0));
#5825=ORIENTED_EDGE('',*,*,#7302,.T.);
#5826=ORIENTED_EDGE('',*,*,#7303,.T.);
#5827=ORIENTED_EDGE('',*,*,#7299,.T.);
#5828=ORIENTED_EDGE('',*,*,#7304,.T.);
#5829=CARTESIAN_POINT('',(10.16,-3.81,2.54));
#5830=DIRECTION('',(0.0,0.0,1.0));
#5831=DIRECTION('',(0.0,-1.0,0.0));
#5832=ORIENTED_EDGE('',*,*,#7302,.F.);
#5833=ORIENTED_EDGE('',*,*,#7305,.T.);
#5834=ORIENTED_EDGE('',*,*,#7306,.T.);
#5835=ORIENTED_EDGE('',*,*,#7307,.F.);
#5836=CARTESIAN_POINT('',(10.48,-3.685,2.54));
#5837=DIRECTION('',(-0.0,-0.866025403784429,-0.500000000000017));
#5838=DIRECTION('',(-1.0,0.0,0.0));
#5839=ORIENTED_EDGE('',*,*,#7303,.F.);
#5840=ORIENTED_EDGE('',*,*,#7307,.T.);
#5841=ORIENTED_EDGE('',*,*,#7284,.T.);
#5842=ORIENTED_EDGE('',*,*,#7300,.F.);
#5843=CARTESIAN_POINT('',(10.035,-3.49,2.54));
#5844=DIRECTION('',(0.866025403784429,0.0,-0.500000000000017));
#5845=DIRECTION('',(0.0,-1.0,0.0));
#5846=ORIENTED_EDGE('',*,*,#7308,.T.);
#5847=ORIENTED_EDGE('',*,*,#7285,.T.);
#5848=ORIENTED_EDGE('',*,*,#7306,.F.);
#5849=ORIENTED_EDGE('',*,*,#7291,.F.);
#5850=CARTESIAN_POINT('',(10.48,-3.49,1.32));
#5851=DIRECTION('',(-0.0,1.0,0.0));
#5852=DIRECTION('',(1.0,0.0,0.0));
#5853=ORIENTED_EDGE('',*,*,#7288,.T.);
#5854=ORIENTED_EDGE('',*,*,#7286,.T.);
#5855=ORIENTED_EDGE('',*,*,#7308,.F.);
#5856=ORIENTED_EDGE('',*,*,#7290,.F.);
#5857=CARTESIAN_POINT('',(11.16,-2.49,1.32));
#5858=DIRECTION('',(1.0,0.0,-0.0));
#5859=DIRECTION('',(0.0,0.0,1.0));
#5860=ORIENTED_EDGE('',*,*,#7304,.F.);
#5861=ORIENTED_EDGE('',*,*,#7301,.T.);
#5862=ORIENTED_EDGE('',*,*,#7292,.T.);
#5863=ORIENTED_EDGE('',*,*,#7305,.F.);
#5864=CARTESIAN_POINT('',(10.285,-4.13,2.54));
#5865=DIRECTION('',(-0.866025403784429,0.0,-0.500000000000017));
#5866=DIRECTION('',(0.0,1.0,0.0));
#5867=FILL_AREA_STYLE_COLOUR('',#7309);
#5868=ORIENTED_EDGE('',*,*,#7310,.F.);
#5869=ORIENTED_EDGE('',*,*,#7311,.F.);
#5870=ORIENTED_EDGE('',*,*,#7312,.F.);
#5871=ORIENTED_EDGE('',*,*,#7313,.F.);
#5872=CARTESIAN_POINT('',(15.24,5.8,0.0));
#5873=DIRECTION('',(0.0,-1.0,0.0));
#5874=DIRECTION('',(0.0,0.0,1.0));
#5875=ORIENTED_EDGE('',*,*,#7310,.T.);
#5876=ORIENTED_EDGE('',*,*,#7314,.T.);
#5877=ORIENTED_EDGE('',*,*,#7315,.F.);
#5878=ORIENTED_EDGE('',*,*,#7316,.F.);
#5879=CARTESIAN_POINT('',(15.56,5.8,0.125));
#5880=DIRECTION('',(0.0,0.500000000000017,0.866025403784429));
#5881=DIRECTION('',(-1.0,0.0,0.0));
#5882=ORIENTED_EDGE('',*,*,#7311,.T.);
#5883=ORIENTED_EDGE('',*,*,#7316,.T.);
#5884=ORIENTED_EDGE('',*,*,#7317,.F.);
#5885=ORIENTED_EDGE('',*,*,#7318,.F.);
#5886=CARTESIAN_POINT('',(15.365,5.8,-0.32));
#5887=DIRECTION('',(0.866025403784429,0.500000000000017,-0.0));
#5888=DIRECTION('',(0.0,0.0,1.0));
#5889=ORIENTED_EDGE('',*,*,#7312,.T.);
#5890=ORIENTED_EDGE('',*,*,#7318,.T.);
#5891=ORIENTED_EDGE('',*,*,#7319,.F.);
#5892=ORIENTED_EDGE('',*,*,#7320,.F.);
#5893=CARTESIAN_POINT('',(14.92,5.8,-0.125));
#5894=DIRECTION('',(0.0,0.500000000000017,-0.866025403784429));
#5895=DIRECTION('',(1.0,0.0,0.0));
#5896=ORIENTED_EDGE('',*,*,#7313,.T.);
#5897=ORIENTED_EDGE('',*,*,#7320,.T.);
#5898=ORIENTED_EDGE('',*,*,#7321,.F.);
#5899=ORIENTED_EDGE('',*,*,#7314,.F.);
#5900=CARTESIAN_POINT('',(15.115,5.8,0.32));
#5901=DIRECTION('',(-0.866025403784429,0.500000000000017,0.0));
#5902=DIRECTION('',(0.0,0.0,-1.0));
#5903=ORIENTED_EDGE('',*,*,#7321,.T.);
#5904=ORIENTED_EDGE('',*,*,#7322,.T.);
#5905=ORIENTED_EDGE('',*,*,#7323,.T.);
#5906=ORIENTED_EDGE('',*,*,#7324,.T.);
#5907=ORIENTED_EDGE('',*,*,#7325,.F.);
#5908=ORIENTED_EDGE('',*,*,#7326,.F.);
#5909=ORIENTED_EDGE('',*,*,#7327,.F.);
#5910=ORIENTED_EDGE('',*,*,#7328,.F.);
#5911=CARTESIAN_POINT('',(14.92,5.8,0.32));
#5912=DIRECTION('',(-1.0,0.0,0.0));
#5913=DIRECTION('',(0.0,1.0,0.0));
#5914=ORIENTED_EDGE('',*,*,#7315,.T.);
#5915=ORIENTED_EDGE('',*,*,#7328,.T.);
#5916=ORIENTED_EDGE('',*,*,#7329,.F.);
#5917=ORIENTED_EDGE('',*,*,#7330,.F.);
#5918=CARTESIAN_POINT('',(15.56,5.8,0.32));
#5919=DIRECTION('',(0.0,0.0,1.0));
#5920=DIRECTION('',(0.0,-1.0,0.0));
#5921=ORIENTED_EDGE('',*,*,#7317,.T.);
#5922=ORIENTED_EDGE('',*,*,#7330,.T.);
#5923=ORIENTED_EDGE('',*,*,#7331,.T.);
#5924=ORIENTED_EDGE('',*,*,#7332,.T.);
#5925=ORIENTED_EDGE('',*,*,#7333,.F.);
#5926=ORIENTED_EDGE('',*,*,#7334,.F.);
#5927=ORIENTED_EDGE('',*,*,#7335,.F.);
#5928=ORIENTED_EDGE('',*,*,#7336,.F.);
#5929=CARTESIAN_POINT('',(15.56,5.8,-0.32));
#5930=DIRECTION('',(1.0,0.0,0.0));
#5931=DIRECTION('',(0.0,0.0,-1.0));
#5932=ORIENTED_EDGE('',*,*,#7319,.T.);
#5933=ORIENTED_EDGE('',*,*,#7336,.T.);
#5934=ORIENTED_EDGE('',*,*,#7337,.F.);
#5935=ORIENTED_EDGE('',*,*,#7322,.F.);
#5936=CARTESIAN_POINT('',(14.92,5.8,-0.32));
#5937=DIRECTION('',(0.0,0.0,-1.0));
#5938=DIRECTION('',(1.0,0.0,0.0));
#5939=ORIENTED_EDGE('',*,*,#7337,.T.);
#5940=ORIENTED_EDGE('',*,*,#7335,.T.);
#5941=ORIENTED_EDGE('',*,*,#7338,.F.);
#5942=ORIENTED_EDGE('',*,*,#7323,.F.);
#5943=CARTESIAN_POINT('',(16.24,-2.49,1.32));
#5944=DIRECTION('',(1.0,0.0,-0.0));
#5945=DIRECTION('',(0.0,0.0,1.0));
#5946=ORIENTED_EDGE('',*,*,#7338,.T.);
#5947=ORIENTED_EDGE('',*,*,#7334,.T.);
#5948=ORIENTED_EDGE('',*,*,#7339,.F.);
#5949=ORIENTED_EDGE('',*,*,#7324,.F.);
#5950=CARTESIAN_POINT('',(14.92,-4.13,1.32));
#5951=DIRECTION('',(0.0,-1.0,0.0));
#5952=DIRECTION('',(0.0,0.0,1.0));
#5953=ORIENTED_EDGE('',*,*,#7340,.F.);
#5954=ORIENTED_EDGE('',*,*,#7341,.T.);
#5955=ORIENTED_EDGE('',*,*,#7339,.T.);
#5956=ORIENTED_EDGE('',*,*,#7342,.F.);
#5957=CARTESIAN_POINT('',(14.92,-3.935,2.54));
#5958=DIRECTION('',(0.0,0.866025403784429,-0.500000000000017));
#5959=DIRECTION('',(1.0,0.0,0.0));
#5960=ORIENTED_EDGE('',*,*,#7343,.T.);
#5961=ORIENTED_EDGE('',*,*,#7344,.T.);
#5962=ORIENTED_EDGE('',*,*,#7340,.T.);
#5963=ORIENTED_EDGE('',*,*,#7345,.T.);
#5964=CARTESIAN_POINT('',(15.24,-3.81,2.54));
#5965=DIRECTION('',(0.0,0.0,1.0));
#5966=DIRECTION('',(0.0,-1.0,0.0));
#5967=ORIENTED_EDGE('',*,*,#7343,.F.);
#5968=ORIENTED_EDGE('',*,*,#7346,.T.);
#5969=ORIENTED_EDGE('',*,*,#7347,.T.);
#5970=ORIENTED_EDGE('',*,*,#7348,.F.);
#5971=CARTESIAN_POINT('',(15.56,-3.685,2.54));
#5972=DIRECTION('',(-0.0,-0.866025403784429,-0.500000000000017));
#5973=DIRECTION('',(-1.0,0.0,0.0));
#5974=ORIENTED_EDGE('',*,*,#7344,.F.);
#5975=ORIENTED_EDGE('',*,*,#7348,.T.);
#5976=ORIENTED_EDGE('',*,*,#7325,.T.);
#5977=ORIENTED_EDGE('',*,*,#7341,.F.);
#5978=CARTESIAN_POINT('',(15.115,-3.49,2.54));
#5979=DIRECTION('',(0.866025403784429,0.0,-0.500000000000017));
#5980=DIRECTION('',(0.0,-1.0,0.0));
#5981=ORIENTED_EDGE('',*,*,#7349,.T.);
#5982=ORIENTED_EDGE('',*,*,#7326,.T.);
#5983=ORIENTED_EDGE('',*,*,#7347,.F.);
#5984=ORIENTED_EDGE('',*,*,#7332,.F.);
#5985=CARTESIAN_POINT('',(15.56,-3.49,1.32));
#5986=DIRECTION('',(-0.0,1.0,0.0));
#5987=DIRECTION('',(1.0,0.0,0.0));
#5988=ORIENTED_EDGE('',*,*,#7329,.T.);
#5989=ORIENTED_EDGE('',*,*,#7327,.T.);
#5990=ORIENTED_EDGE('',*,*,#7349,.F.);
#5991=ORIENTED_EDGE('',*,*,#7331,.F.);
#5992=CARTESIAN_POINT('',(16.24,-2.49,1.32));
#5993=DIRECTION('',(1.0,0.0,-0.0));
#5994=DIRECTION('',(0.0,0.0,1.0));
#5995=ORIENTED_EDGE('',*,*,#7345,.F.);
#5996=ORIENTED_EDGE('',*,*,#7342,.T.);
#5997=ORIENTED_EDGE('',*,*,#7333,.T.);
#5998=ORIENTED_EDGE('',*,*,#7346,.F.);
#5999=CARTESIAN_POINT('',(15.365,-4.13,2.54));
#6000=DIRECTION('',(-0.866025403784429,0.0,-0.500000000000017));
#6001=DIRECTION('',(0.0,1.0,0.0));
#6002=FILL_AREA_STYLE_COLOUR('',#7350);
#6003=ORIENTED_EDGE('',*,*,#7351,.F.);
#6004=ORIENTED_EDGE('',*,*,#7352,.F.);
#6005=ORIENTED_EDGE('',*,*,#7353,.F.);
#6006=ORIENTED_EDGE('',*,*,#7354,.F.);
#6007=CARTESIAN_POINT('',(20.32,5.8,0.0));
#6008=DIRECTION('',(0.0,-1.0,0.0));
#6009=DIRECTION('',(0.0,0.0,1.0));
#6010=ORIENTED_EDGE('',*,*,#7351,.T.);
#6011=ORIENTED_EDGE('',*,*,#7355,.T.);
#6012=ORIENTED_EDGE('',*,*,#7356,.F.);
#6013=ORIENTED_EDGE('',*,*,#7357,.F.);
#6014=CARTESIAN_POINT('',(20.64,5.8,0.125));
#6015=DIRECTION('',(0.0,0.500000000000017,0.866025403784429));
#6016=DIRECTION('',(-1.0,0.0,0.0));
#6017=ORIENTED_EDGE('',*,*,#7352,.T.);
#6018=ORIENTED_EDGE('',*,*,#7357,.T.);
#6019=ORIENTED_EDGE('',*,*,#7358,.F.);
#6020=ORIENTED_EDGE('',*,*,#7359,.F.);
#6021=CARTESIAN_POINT('',(20.445,5.8,-0.32));
#6022=DIRECTION('',(0.866025403784429,0.500000000000017,-0.0));
#6023=DIRECTION('',(0.0,0.0,1.0));
#6024=ORIENTED_EDGE('',*,*,#7353,.T.);
#6025=ORIENTED_EDGE('',*,*,#7359,.T.);
#6026=ORIENTED_EDGE('',*,*,#7360,.F.);
#6027=ORIENTED_EDGE('',*,*,#7361,.F.);
#6028=CARTESIAN_POINT('',(20.0,5.8,-0.125));
#6029=DIRECTION('',(0.0,0.500000000000017,-0.866025403784429));
#6030=DIRECTION('',(1.0,0.0,0.0));
#6031=ORIENTED_EDGE('',*,*,#7354,.T.);
#6032=ORIENTED_EDGE('',*,*,#7361,.T.);
#6033=ORIENTED_EDGE('',*,*,#7362,.F.);
#6034=ORIENTED_EDGE('',*,*,#7355,.F.);
#6035=CARTESIAN_POINT('',(20.195,5.8,0.32));
#6036=DIRECTION('',(-0.866025403784429,0.500000000000017,0.0));
#6037=DIRECTION('',(0.0,0.0,-1.0));
#6038=ORIENTED_EDGE('',*,*,#7362,.T.);
#6039=ORIENTED_EDGE('',*,*,#7363,.T.);
#6040=ORIENTED_EDGE('',*,*,#7364,.T.);
#6041=ORIENTED_EDGE('',*,*,#7365,.T.);
#6042=ORIENTED_EDGE('',*,*,#7366,.F.);
#6043=ORIENTED_EDGE('',*,*,#7367,.F.);
#6044=ORIENTED_EDGE('',*,*,#7368,.F.);
#6045=ORIENTED_EDGE('',*,*,#7369,.F.);
#6046=CARTESIAN_POINT('',(20.0,5.8,0.32));
#6047=DIRECTION('',(-1.0,0.0,0.0));
#6048=DIRECTION('',(0.0,1.0,0.0));
#6049=ORIENTED_EDGE('',*,*,#7356,.T.);
#6050=ORIENTED_EDGE('',*,*,#7369,.T.);
#6051=ORIENTED_EDGE('',*,*,#7370,.F.);
#6052=ORIENTED_EDGE('',*,*,#7371,.F.);
#6053=CARTESIAN_POINT('',(20.64,5.8,0.32));
#6054=DIRECTION('',(0.0,0.0,1.0));
#6055=DIRECTION('',(0.0,-1.0,0.0));
#6056=ORIENTED_EDGE('',*,*,#7358,.T.);
#6057=ORIENTED_EDGE('',*,*,#7371,.T.);
#6058=ORIENTED_EDGE('',*,*,#7372,.T.);
#6059=ORIENTED_EDGE('',*,*,#7373,.T.);
#6060=ORIENTED_EDGE('',*,*,#7374,.F.);
#6061=ORIENTED_EDGE('',*,*,#7375,.F.);
#6062=ORIENTED_EDGE('',*,*,#7376,.F.);
#6063=ORIENTED_EDGE('',*,*,#7377,.F.);
#6064=CARTESIAN_POINT('',(20.64,5.8,-0.32));
#6065=DIRECTION('',(1.0,0.0,0.0));
#6066=DIRECTION('',(0.0,0.0,-1.0));
#6067=ORIENTED_EDGE('',*,*,#7360,.T.);
#6068=ORIENTED_EDGE('',*,*,#7377,.T.);
#6069=ORIENTED_EDGE('',*,*,#7378,.F.);
#6070=ORIENTED_EDGE('',*,*,#7363,.F.);
#6071=CARTESIAN_POINT('',(20.0,5.8,-0.32));
#6072=DIRECTION('',(0.0,0.0,-1.0));
#6073=DIRECTION('',(1.0,0.0,0.0));
#6074=ORIENTED_EDGE('',*,*,#7378,.T.);
#6075=ORIENTED_EDGE('',*,*,#7376,.T.);
#6076=ORIENTED_EDGE('',*,*,#7379,.F.);
#6077=ORIENTED_EDGE('',*,*,#7364,.F.);
#6078=CARTESIAN_POINT('',(21.32,-2.49,1.32));
#6079=DIRECTION('',(1.0,0.0,-0.0));
#6080=DIRECTION('',(0.0,0.0,1.0));
#6081=ORIENTED_EDGE('',*,*,#7379,.T.);
#6082=ORIENTED_EDGE('',*,*,#7375,.T.);
#6083=ORIENTED_EDGE('',*,*,#7380,.F.);
#6084=ORIENTED_EDGE('',*,*,#7365,.F.);
#6085=CARTESIAN_POINT('',(20.0,-4.13,1.32));
#6086=DIRECTION('',(0.0,-1.0,0.0));
#6087=DIRECTION('',(0.0,0.0,1.0));
#6088=ORIENTED_EDGE('',*,*,#7381,.F.);
#6089=ORIENTED_EDGE('',*,*,#7382,.T.);
#6090=ORIENTED_EDGE('',*,*,#7380,.T.);
#6091=ORIENTED_EDGE('',*,*,#7383,.F.);
#6092=CARTESIAN_POINT('',(20.0,-3.935,2.54));
#6093=DIRECTION('',(0.0,0.866025403784429,-0.500000000000017));
#6094=DIRECTION('',(1.0,0.0,0.0));
#6095=ORIENTED_EDGE('',*,*,#7384,.T.);
#6096=ORIENTED_EDGE('',*,*,#7385,.T.);
#6097=ORIENTED_EDGE('',*,*,#7381,.T.);
#6098=ORIENTED_EDGE('',*,*,#7386,.T.);
#6099=CARTESIAN_POINT('',(20.32,-3.81,2.54));
#6100=DIRECTION('',(0.0,0.0,1.0));
#6101=DIRECTION('',(0.0,-1.0,0.0));
#6102=ORIENTED_EDGE('',*,*,#7384,.F.);
#6103=ORIENTED_EDGE('',*,*,#7387,.T.);
#6104=ORIENTED_EDGE('',*,*,#7388,.T.);
#6105=ORIENTED_EDGE('',*,*,#7389,.F.);
#6106=CARTESIAN_POINT('',(20.64,-3.685,2.54));
#6107=DIRECTION('',(-0.0,-0.866025403784429,-0.500000000000017));
#6108=DIRECTION('',(-1.0,0.0,0.0));
#6109=ORIENTED_EDGE('',*,*,#7385,.F.);
#6110=ORIENTED_EDGE('',*,*,#7389,.T.);
#6111=ORIENTED_EDGE('',*,*,#7366,.T.);
#6112=ORIENTED_EDGE('',*,*,#7382,.F.);
#6113=CARTESIAN_POINT('',(20.195,-3.49,2.54));
#6114=DIRECTION('',(0.866025403784429,0.0,-0.500000000000017));
#6115=DIRECTION('',(0.0,-1.0,0.0));
#6116=ORIENTED_EDGE('',*,*,#7390,.T.);
#6117=ORIENTED_EDGE('',*,*,#7367,.T.);
#6118=ORIENTED_EDGE('',*,*,#7388,.F.);
#6119=ORIENTED_EDGE('',*,*,#7373,.F.);
#6120=CARTESIAN_POINT('',(20.64,-3.49,1.32));
#6121=DIRECTION('',(-0.0,1.0,0.0));
#6122=DIRECTION('',(1.0,0.0,0.0));
#6123=ORIENTED_EDGE('',*,*,#7370,.T.);
#6124=ORIENTED_EDGE('',*,*,#7368,.T.);
#6125=ORIENTED_EDGE('',*,*,#7390,.F.);
#6126=ORIENTED_EDGE('',*,*,#7372,.F.);
#6127=CARTESIAN_POINT('',(21.32,-2.49,1.32));
#6128=DIRECTION('',(1.0,0.0,-0.0));
#6129=DIRECTION('',(0.0,0.0,1.0));
#6130=ORIENTED_EDGE('',*,*,#7386,.F.);
#6131=ORIENTED_EDGE('',*,*,#7383,.T.);
#6132=ORIENTED_EDGE('',*,*,#7374,.T.);
#6133=ORIENTED_EDGE('',*,*,#7387,.F.);
#6134=CARTESIAN_POINT('',(20.445,-4.13,2.54));
#6135=DIRECTION('',(-0.866025403784429,0.0,-0.500000000000017));
#6136=DIRECTION('',(0.0,1.0,0.0));
#6137=FILL_AREA_STYLE_COLOUR('',#7391);
#6138=ORIENTED_EDGE('',*,*,#7392,.F.);
#6139=ORIENTED_EDGE('',*,*,#7393,.F.);
#6140=ORIENTED_EDGE('',*,*,#7394,.F.);
#6141=ORIENTED_EDGE('',*,*,#7395,.F.);
#6142=CARTESIAN_POINT('',(25.4,5.8,0.0));
#6143=DIRECTION('',(0.0,-1.0,0.0));
#6144=DIRECTION('',(0.0,0.0,1.0));
#6145=ORIENTED_EDGE('',*,*,#7392,.T.);
#6146=ORIENTED_EDGE('',*,*,#7396,.T.);
#6147=ORIENTED_EDGE('',*,*,#7397,.F.);
#6148=ORIENTED_EDGE('',*,*,#7398,.F.);
#6149=CARTESIAN_POINT('',(25.72,5.8,0.125));
#6150=DIRECTION('',(0.0,0.500000000000017,0.866025403784429));
#6151=DIRECTION('',(-1.0,0.0,0.0));
#6152=ORIENTED_EDGE('',*,*,#7393,.T.);
#6153=ORIENTED_EDGE('',*,*,#7398,.T.);
#6154=ORIENTED_EDGE('',*,*,#7399,.F.);
#6155=ORIENTED_EDGE('',*,*,#7400,.F.);
#6156=CARTESIAN_POINT('',(25.525,5.8,-0.32));
#6157=DIRECTION('',(0.866025403784429,0.500000000000017,-0.0));
#6158=DIRECTION('',(0.0,0.0,1.0));
#6159=ORIENTED_EDGE('',*,*,#7394,.T.);
#6160=ORIENTED_EDGE('',*,*,#7400,.T.);
#6161=ORIENTED_EDGE('',*,*,#7401,.F.);
#6162=ORIENTED_EDGE('',*,*,#7402,.F.);
#6163=CARTESIAN_POINT('',(25.08,5.8,-0.125));
#6164=DIRECTION('',(0.0,0.500000000000017,-0.866025403784429));
#6165=DIRECTION('',(1.0,0.0,0.0));
#6166=ORIENTED_EDGE('',*,*,#7395,.T.);
#6167=ORIENTED_EDGE('',*,*,#7402,.T.);
#6168=ORIENTED_EDGE('',*,*,#7403,.F.);
#6169=ORIENTED_EDGE('',*,*,#7396,.F.);
#6170=CARTESIAN_POINT('',(25.275,5.8,0.32));
#6171=DIRECTION('',(-0.866025403784429,0.500000000000017,0.0));
#6172=DIRECTION('',(0.0,0.0,-1.0));
#6173=ORIENTED_EDGE('',*,*,#7403,.T.);
#6174=ORIENTED_EDGE('',*,*,#7404,.T.);
#6175=ORIENTED_EDGE('',*,*,#7405,.T.);
#6176=ORIENTED_EDGE('',*,*,#7406,.T.);
#6177=ORIENTED_EDGE('',*,*,#7407,.F.);
#6178=ORIENTED_EDGE('',*,*,#7408,.F.);
#6179=ORIENTED_EDGE('',*,*,#7409,.F.);
#6180=ORIENTED_EDGE('',*,*,#7410,.F.);
#6181=CARTESIAN_POINT('',(25.08,5.8,0.32));
#6182=DIRECTION('',(-1.0,0.0,0.0));
#6183=DIRECTION('',(0.0,1.0,0.0));
#6184=ORIENTED_EDGE('',*,*,#7397,.T.);
#6185=ORIENTED_EDGE('',*,*,#7410,.T.);
#6186=ORIENTED_EDGE('',*,*,#7411,.F.);
#6187=ORIENTED_EDGE('',*,*,#7412,.F.);
#6188=CARTESIAN_POINT('',(25.72,5.8,0.32));
#6189=DIRECTION('',(0.0,0.0,1.0));
#6190=DIRECTION('',(0.0,-1.0,0.0));
#6191=ORIENTED_EDGE('',*,*,#7399,.T.);
#6192=ORIENTED_EDGE('',*,*,#7412,.T.);
#6193=ORIENTED_EDGE('',*,*,#7413,.T.);
#6194=ORIENTED_EDGE('',*,*,#7414,.T.);
#6195=ORIENTED_EDGE('',*,*,#7415,.F.);
#6196=ORIENTED_EDGE('',*,*,#7416,.F.);
#6197=ORIENTED_EDGE('',*,*,#7417,.F.);
#6198=ORIENTED_EDGE('',*,*,#7418,.F.);
#6199=CARTESIAN_POINT('',(25.72,5.8,-0.32));
#6200=DIRECTION('',(1.0,0.0,0.0));
#6201=DIRECTION('',(0.0,0.0,-1.0));
#6202=ORIENTED_EDGE('',*,*,#7401,.T.);
#6203=ORIENTED_EDGE('',*,*,#7418,.T.);
#6204=ORIENTED_EDGE('',*,*,#7419,.F.);
#6205=ORIENTED_EDGE('',*,*,#7404,.F.);
#6206=CARTESIAN_POINT('',(25.08,5.8,-0.32));
#6207=DIRECTION('',(0.0,0.0,-1.0));
#6208=DIRECTION('',(1.0,0.0,0.0));
#6209=ORIENTED_EDGE('',*,*,#7419,.T.);
#6210=ORIENTED_EDGE('',*,*,#7417,.T.);
#6211=ORIENTED_EDGE('',*,*,#7420,.F.);
#6212=ORIENTED_EDGE('',*,*,#7405,.F.);
#6213=CARTESIAN_POINT('',(26.4,-2.49,1.32));
#6214=DIRECTION('',(1.0,0.0,-0.0));
#6215=DIRECTION('',(0.0,0.0,1.0));
#6216=ORIENTED_EDGE('',*,*,#7420,.T.);
#6217=ORIENTED_EDGE('',*,*,#7416,.T.);
#6218=ORIENTED_EDGE('',*,*,#7421,.F.);
#6219=ORIENTED_EDGE('',*,*,#7406,.F.);
#6220=CARTESIAN_POINT('',(25.08,-4.13,1.32));
#6221=DIRECTION('',(0.0,-1.0,0.0));
#6222=DIRECTION('',(0.0,0.0,1.0));
#6223=ORIENTED_EDGE('',*,*,#7422,.F.);
#6224=ORIENTED_EDGE('',*,*,#7423,.T.);
#6225=ORIENTED_EDGE('',*,*,#7421,.T.);
#6226=ORIENTED_EDGE('',*,*,#7424,.F.);
#6227=CARTESIAN_POINT('',(25.08,-3.935,2.54));
#6228=DIRECTION('',(0.0,0.866025403784429,-0.500000000000017));
#6229=DIRECTION('',(1.0,0.0,0.0));
#6230=ORIENTED_EDGE('',*,*,#7425,.T.);
#6231=ORIENTED_EDGE('',*,*,#7426,.T.);
#6232=ORIENTED_EDGE('',*,*,#7422,.T.);
#6233=ORIENTED_EDGE('',*,*,#7427,.T.);
#6234=CARTESIAN_POINT('',(25.4,-3.81,2.54));
#6235=DIRECTION('',(0.0,0.0,1.0));
#6236=DIRECTION('',(0.0,-1.0,0.0));
#6237=ORIENTED_EDGE('',*,*,#7425,.F.);
#6238=ORIENTED_EDGE('',*,*,#7428,.T.);
#6239=ORIENTED_EDGE('',*,*,#7429,.T.);
#6240=ORIENTED_EDGE('',*,*,#7430,.F.);
#6241=CARTESIAN_POINT('',(25.72,-3.685,2.54));
#6242=DIRECTION('',(-0.0,-0.866025403784429,-0.500000000000017));
#6243=DIRECTION('',(-1.0,0.0,0.0));
#6244=ORIENTED_EDGE('',*,*,#7426,.F.);
#6245=ORIENTED_EDGE('',*,*,#7430,.T.);
#6246=ORIENTED_EDGE('',*,*,#7407,.T.);
#6247=ORIENTED_EDGE('',*,*,#7423,.F.);
#6248=CARTESIAN_POINT('',(25.275,-3.49,2.54));
#6249=DIRECTION('',(0.866025403784429,0.0,-0.500000000000017));
#6250=DIRECTION('',(0.0,-1.0,0.0));
#6251=ORIENTED_EDGE('',*,*,#7431,.T.);
#6252=ORIENTED_EDGE('',*,*,#7408,.T.);
#6253=ORIENTED_EDGE('',*,*,#7429,.F.);
#6254=ORIENTED_EDGE('',*,*,#7414,.F.);
#6255=CARTESIAN_POINT('',(25.72,-3.49,1.32));
#6256=DIRECTION('',(-0.0,1.0,0.0));
#6257=DIRECTION('',(1.0,0.0,0.0));
#6258=ORIENTED_EDGE('',*,*,#7411,.T.);
#6259=ORIENTED_EDGE('',*,*,#7409,.T.);
#6260=ORIENTED_EDGE('',*,*,#7431,.F.);
#6261=ORIENTED_EDGE('',*,*,#7413,.F.);
#6262=CARTESIAN_POINT('',(26.4,-2.49,1.32));
#6263=DIRECTION('',(1.0,0.0,-0.0));
#6264=DIRECTION('',(0.0,0.0,1.0));
#6265=ORIENTED_EDGE('',*,*,#7427,.F.);
#6266=ORIENTED_EDGE('',*,*,#7424,.T.);
#6267=ORIENTED_EDGE('',*,*,#7415,.T.);
#6268=ORIENTED_EDGE('',*,*,#7428,.F.);
#6269=CARTESIAN_POINT('',(25.525,-4.13,2.54));
#6270=DIRECTION('',(-0.866025403784429,0.0,-0.500000000000017));
#6271=DIRECTION('',(0.0,1.0,0.0));
#6272=COLOUR_RGB('',0.298039227724075,0.298039227724075,0.298039227724075);
#6273=EDGE_CURVE('',#7432,#7433,#7434,.T.);
#6274=EDGE_CURVE('',#7432,#7435,#7436,.T.);
#6275=EDGE_CURVE('',#7437,#7435,#7438,.T.);
#6276=EDGE_CURVE('',#7437,#7439,#7440,.T.);
#6277=EDGE_CURVE('',#7441,#7439,#7442,.T.);
#6278=EDGE_CURVE('',#7441,#7443,#7444,.T.);
#6279=EDGE_CURVE('',#7445,#7443,#7446,.T.);
#6280=EDGE_CURVE('',#7445,#7433,#7447,.T.);
#6281=EDGE_CURVE('',#7448,#7449,#7450,.T.);
#6282=EDGE_CURVE('',#7451,#7448,#7452,.T.);
#6283=EDGE_CURVE('',#7453,#7451,#7454,.T.);
#6284=EDGE_CURVE('',#7449,#7453,#7455,.T.);
#6285=EDGE_CURVE('',#7456,#7457,#7458,.T.);
#6286=EDGE_CURVE('',#7432,#7457,#7459,.T.);
#6287=EDGE_CURVE('',#7433,#7456,#7460,.T.);
#6288=EDGE_CURVE('',#7461,#7462,#7463,.T.);
#6289=EDGE_CURVE('',#7462,#7457,#7464,.T.);
#6290=EDGE_CURVE('',#7461,#7456,#7465,.T.);
#6291=EDGE_CURVE('',#7466,#7467,#7468,.T.);
#6292=EDGE_CURVE('',#7466,#7469,#7470,.T.);
#6293=EDGE_CURVE('',#7471,#7469,#7472,.T.);
#6294=EDGE_CURVE('',#7471,#7462,#7473,.T.);
#6295=EDGE_CURVE('',#7461,#7474,#7475,.T.);
#6296=EDGE_CURVE('',#7476,#7474,#7477,.T.);
#6297=EDGE_CURVE('',#7476,#7467,#7478,.T.);
#6298=EDGE_CURVE('',#7479,#7480,#7481,.T.);
#6299=EDGE_CURVE('',#7482,#7479,#7483,.T.);
#6300=EDGE_CURVE('',#7484,#7482,#7485,.T.);
#6301=EDGE_CURVE('',#7480,#7484,#7486,.T.);
#6302=EDGE_CURVE('',#7487,#7488,#7489,.T.);
#6303=EDGE_CURVE('',#7466,#7488,#7490,.T.);
#6304=EDGE_CURVE('',#7467,#7487,#7491,.T.);
#6305=EDGE_CURVE('',#7492,#7493,#7494,.T.);
#6306=EDGE_CURVE('',#7493,#7488,#7495,.T.);
#6307=EDGE_CURVE('',#7492,#7487,#7496,.T.);
#6308=EDGE_CURVE('',#7497,#7498,#7499,.T.);
#6309=EDGE_CURVE('',#7497,#7500,#7501,.T.);
#6310=EDGE_CURVE('',#7502,#7500,#7503,.T.);
#6311=EDGE_CURVE('',#7502,#7493,#7504,.T.);
#6312=EDGE_CURVE('',#7492,#7505,#7506,.T.);
#6313=EDGE_CURVE('',#7507,#7505,#7508,.T.);
#6314=EDGE_CURVE('',#7507,#7498,#7509,.T.);
#6315=EDGE_CURVE('',#7510,#7511,#7512,.T.);
#6316=EDGE_CURVE('',#7513,#7510,#7514,.T.);
#6317=EDGE_CURVE('',#7515,#7513,#7516,.T.);
#6318=EDGE_CURVE('',#7511,#7515,#7517,.T.);
#6319=EDGE_CURVE('',#7518,#7519,#7520,.T.);
#6320=EDGE_CURVE('',#7497,#7519,#7521,.T.);
#6321=EDGE_CURVE('',#7498,#7518,#7522,.T.);
#6322=EDGE_CURVE('',#7523,#7524,#7525,.T.);
#6323=EDGE_CURVE('',#7524,#7519,#7526,.T.);
#6324=EDGE_CURVE('',#7523,#7518,#7527,.T.);
#6325=EDGE_CURVE('',#7528,#7529,#7530,.T.);
#6326=EDGE_CURVE('',#7528,#7531,#7532,.T.);
#6327=EDGE_CURVE('',#7533,#7531,#7534,.T.);
#6328=EDGE_CURVE('',#7533,#7524,#7535,.T.);
#6329=EDGE_CURVE('',#7523,#7536,#7537,.T.);
#6330=EDGE_CURVE('',#7538,#7536,#7539,.T.);
#6331=EDGE_CURVE('',#7538,#7529,#7540,.T.);
#6332=EDGE_CURVE('',#7541,#7542,#7543,.T.);
#6333=EDGE_CURVE('',#7544,#7541,#7545,.T.);
#6334=EDGE_CURVE('',#7546,#7544,#7547,.T.);
#6335=EDGE_CURVE('',#7542,#7546,#7548,.T.);
#6336=EDGE_CURVE('',#7549,#7550,#7551,.T.);
#6337=EDGE_CURVE('',#7528,#7550,#7552,.T.);
#6338=EDGE_CURVE('',#7529,#7549,#7553,.T.);
#6339=EDGE_CURVE('',#7554,#7555,#7556,.T.);
#6340=EDGE_CURVE('',#7555,#7550,#7557,.T.);
#6341=EDGE_CURVE('',#7554,#7549,#7558,.T.);
#6342=EDGE_CURVE('',#7559,#7560,#7561,.T.);
#6343=EDGE_CURVE('',#7559,#7562,#7563,.T.);
#6344=EDGE_CURVE('',#7564,#7562,#7565,.T.);
#6345=EDGE_CURVE('',#7564,#7555,#7566,.T.);
#6346=EDGE_CURVE('',#7554,#7567,#7568,.T.);
#6347=EDGE_CURVE('',#7569,#7567,#7570,.T.);
#6348=EDGE_CURVE('',#7569,#7560,#7571,.T.);
#6349=EDGE_CURVE('',#7572,#7573,#7574,.T.);
#6350=EDGE_CURVE('',#7575,#7572,#7576,.T.);
#6351=EDGE_CURVE('',#7577,#7575,#7578,.T.);
#6352=EDGE_CURVE('',#7573,#7577,#7579,.T.);
#6353=EDGE_CURVE('',#7580,#7581,#7582,.T.);
#6354=EDGE_CURVE('',#7559,#7581,#7583,.T.);
#6355=EDGE_CURVE('',#7560,#7580,#7584,.T.);
#6356=EDGE_CURVE('',#7585,#7586,#7587,.T.);
#6357=EDGE_CURVE('',#7586,#7581,#7588,.T.);
#6358=EDGE_CURVE('',#7585,#7580,#7589,.T.);
#6359=EDGE_CURVE('',#7590,#7591,#7592,.T.);
#6360=EDGE_CURVE('',#7590,#7593,#7594,.T.);
#6361=EDGE_CURVE('',#7595,#7593,#7596,.T.);
#6362=EDGE_CURVE('',#7595,#7586,#7597,.T.);
#6363=EDGE_CURVE('',#7585,#7598,#7599,.T.);
#6364=EDGE_CURVE('',#7600,#7598,#7601,.T.);
#6365=EDGE_CURVE('',#7600,#7591,#7602,.T.);
#6366=EDGE_CURVE('',#7603,#7604,#7605,.T.);
#6367=EDGE_CURVE('',#7606,#7603,#7607,.T.);
#6368=EDGE_CURVE('',#7608,#7606,#7609,.T.);
#6369=EDGE_CURVE('',#7604,#7608,#7610,.T.);
#6370=EDGE_CURVE('',#7611,#7612,#7613,.T.);
#6371=EDGE_CURVE('',#7590,#7612,#7614,.T.);
#6372=EDGE_CURVE('',#7591,#7611,#7615,.T.);
#6373=EDGE_CURVE('',#7616,#7617,#7618,.T.);
#6374=EDGE_CURVE('',#7617,#7612,#7619,.T.);
#6375=EDGE_CURVE('',#7616,#7611,#7620,.T.);
#6376=EDGE_CURVE('',#7621,#7622,#7623,.T.);
#6377=EDGE_CURVE('',#7621,#7624,#7625,.T.);
#6378=EDGE_CURVE('',#7626,#7624,#7627,.T.);
#6379=EDGE_CURVE('',#7626,#7617,#7628,.T.);
#6380=EDGE_CURVE('',#7616,#7629,#7630,.T.);
#6381=EDGE_CURVE('',#7631,#7629,#7632,.T.);
#6382=EDGE_CURVE('',#7631,#7622,#7633,.T.);
#6383=EDGE_CURVE('',#7634,#7635,#7636,.T.);
#6384=EDGE_CURVE('',#7637,#7634,#7638,.T.);
#6385=EDGE_CURVE('',#7639,#7637,#7640,.T.);
#6386=EDGE_CURVE('',#7635,#7639,#7641,.T.);
#6387=EDGE_CURVE('',#7642,#7643,#7644,.T.);
#6388=EDGE_CURVE('',#7621,#7643,#7645,.T.);
#6389=EDGE_CURVE('',#7622,#7642,#7646,.T.);
#6390=EDGE_CURVE('',#7647,#7648,#7649,.T.);
#6391=EDGE_CURVE('',#7648,#7643,#7650,.T.);
#6392=EDGE_CURVE('',#7647,#7642,#7651,.T.);
#6393=EDGE_CURVE('',#7652,#7653,#7654,.T.);
#6394=EDGE_CURVE('',#7652,#7655,#7656,.T.);
#6395=EDGE_CURVE('',#7657,#7655,#7658,.T.);
#6396=EDGE_CURVE('',#7657,#7648,#7659,.T.);
#6397=EDGE_CURVE('',#7647,#7660,#7661,.T.);
#6398=EDGE_CURVE('',#7662,#7660,#7663,.T.);
#6399=EDGE_CURVE('',#7662,#7653,#7664,.T.);
#6400=EDGE_CURVE('',#7665,#7666,#7667,.T.);
#6401=EDGE_CURVE('',#7668,#7665,#7669,.T.);
#6402=EDGE_CURVE('',#7670,#7668,#7671,.T.);
#6403=EDGE_CURVE('',#7666,#7670,#7672,.T.);
#6404=EDGE_CURVE('',#7673,#7674,#7675,.T.);
#6405=EDGE_CURVE('',#7652,#7674,#7676,.T.);
#6406=EDGE_CURVE('',#7653,#7673,#7677,.T.);
#6407=EDGE_CURVE('',#7678,#7679,#7680,.T.);
#6408=EDGE_CURVE('',#7679,#7674,#7681,.T.);
#6409=EDGE_CURVE('',#7678,#7673,#7682,.T.);
#6410=EDGE_CURVE('',#7683,#7684,#7685,.T.);
#6411=EDGE_CURVE('',#7683,#7686,#7687,.T.);
#6412=EDGE_CURVE('',#7688,#7686,#7689,.T.);
#6413=EDGE_CURVE('',#7688,#7679,#7690,.T.);
#6414=EDGE_CURVE('',#7678,#7691,#7692,.T.);
#6415=EDGE_CURVE('',#7693,#7691,#7694,.T.);
#6416=EDGE_CURVE('',#7693,#7684,#7695,.T.);
#6417=EDGE_CURVE('',#7696,#7697,#7698,.T.);
#6418=EDGE_CURVE('',#7699,#7696,#7700,.T.);
#6419=EDGE_CURVE('',#7701,#7699,#7702,.T.);
#6420=EDGE_CURVE('',#7697,#7701,#7703,.T.);
#6421=EDGE_CURVE('',#7704,#7705,#7706,.T.);
#6422=EDGE_CURVE('',#7683,#7705,#7707,.T.);
#6423=EDGE_CURVE('',#7684,#7704,#7708,.T.);
#6424=EDGE_CURVE('',#7709,#7710,#7711,.T.);
#6425=EDGE_CURVE('',#7710,#7705,#7712,.T.);
#6426=EDGE_CURVE('',#7709,#7704,#7713,.T.);
#6427=EDGE_CURVE('',#7714,#7715,#7716,.T.);
#6428=EDGE_CURVE('',#7714,#7717,#7718,.T.);
#6429=EDGE_CURVE('',#7719,#7717,#7720,.T.);
#6430=EDGE_CURVE('',#7719,#7710,#7721,.T.);
#6431=EDGE_CURVE('',#7709,#7722,#7723,.T.);
#6432=EDGE_CURVE('',#7724,#7722,#7725,.T.);
#6433=EDGE_CURVE('',#7724,#7715,#7726,.T.);
#6434=EDGE_CURVE('',#7727,#7728,#7729,.T.);
#6435=EDGE_CURVE('',#7730,#7727,#7731,.T.);
#6436=EDGE_CURVE('',#7732,#7730,#7733,.T.);
#6437=EDGE_CURVE('',#7728,#7732,#7734,.T.);
#6438=EDGE_CURVE('',#7735,#7736,#7737,.T.);
#6439=EDGE_CURVE('',#7714,#7736,#7738,.T.);
#6440=EDGE_CURVE('',#7715,#7735,#7739,.T.);
#6441=EDGE_CURVE('',#7740,#7741,#7742,.T.);
#6442=EDGE_CURVE('',#7741,#7736,#7743,.T.);
#6443=EDGE_CURVE('',#7740,#7735,#7744,.T.);
#6444=EDGE_CURVE('',#7745,#7746,#7747,.T.);
#6445=EDGE_CURVE('',#7745,#7748,#7749,.T.);
#6446=EDGE_CURVE('',#7750,#7748,#7751,.T.);
#6447=EDGE_CURVE('',#7750,#7741,#7752,.T.);
#6448=EDGE_CURVE('',#7740,#7753,#7754,.T.);
#6449=EDGE_CURVE('',#7755,#7753,#7756,.T.);
#6450=EDGE_CURVE('',#7755,#7746,#7757,.T.);
#6451=EDGE_CURVE('',#7758,#7759,#7760,.T.);
#6452=EDGE_CURVE('',#7761,#7758,#7762,.T.);
#6453=EDGE_CURVE('',#7763,#7761,#7764,.T.);
#6454=EDGE_CURVE('',#7759,#7763,#7765,.T.);
#6455=EDGE_CURVE('',#7746,#7766,#7767,.T.);
#6456=EDGE_CURVE('',#7768,#7766,#7769,.T.);
#6457=EDGE_CURVE('',#7745,#7768,#7770,.T.);
#6458=EDGE_CURVE('',#7771,#7772,#7773,.T.);
#6459=EDGE_CURVE('',#7748,#7772,#7774,.T.);
#6460=EDGE_CURVE('',#7768,#7775,#7776,.T.);
#6461=EDGE_CURVE('',#7775,#7771,#7777,.T.);
#6462=EDGE_CURVE('',#7778,#7779,#7780,.T.);
#6463=EDGE_CURVE('',#7779,#7781,#7782,.T.);
#6464=EDGE_CURVE('',#7781,#7783,#7784,.T.);
#6465=EDGE_CURVE('',#7785,#7783,#7786,.T.);
#6466=EDGE_CURVE('',#7785,#7787,#7788,.T.);
#6467=EDGE_CURVE('',#7789,#7787,#7790,.T.);
#6468=EDGE_CURVE('',#7789,#7791,#7792,.T.);
#6469=EDGE_CURVE('',#7791,#7793,#7794,.T.);
#6470=EDGE_CURVE('',#7793,#7772,#7795,.T.);
#6471=EDGE_CURVE('',#7771,#7796,#7797,.T.);
#6472=EDGE_CURVE('',#7778,#7796,#7798,.T.);
#6473=EDGE_CURVE('',#7799,#7800,#7801,.T.);
#6474=EDGE_CURVE('',#7800,#7802,#7803,.T.);
#6475=EDGE_CURVE('',#7802,#7804,#7805,.T.);
#6476=EDGE_CURVE('',#7804,#7799,#7806,.T.);
#6477=EDGE_CURVE('',#7807,#7778,#7808,.T.);
#6478=EDGE_CURVE('',#7807,#7809,#7810,.T.);
#6479=EDGE_CURVE('',#7809,#7779,#7811,.T.);
#6480=EDGE_CURVE('',#7809,#7812,#7813,.T.);
#6481=EDGE_CURVE('',#7812,#7781,#7814,.T.);
#6482=EDGE_CURVE('',#7815,#7812,#7816,.T.);
#6483=EDGE_CURVE('',#7815,#7783,#7817,.T.);
#6484=EDGE_CURVE('',#7755,#7778,#7818,.T.);
#6485=EDGE_CURVE('',#7753,#7783,#7819,.T.);
#6486=EDGE_CURVE('',#7807,#7815,#7820,.T.);
#6487=EDGE_CURVE('',#7821,#7822,#7823,.T.);
#6488=EDGE_CURVE('',#7821,#7824,#7825,.T.);
#6489=EDGE_CURVE('',#7824,#7826,#7827,.T.);
#6490=EDGE_CURVE('',#7822,#7826,#7828,.T.);
#6491=EDGE_CURVE('',#7821,#7789,#7829,.T.);
#6492=EDGE_CURVE('',#7822,#7791,#7830,.T.);
#6493=EDGE_CURVE('',#7826,#7793,#7831,.T.);
#6494=EDGE_CURVE('',#7824,#7772,#7832,.T.);
#6495=EDGE_CURVE('',#7750,#7789,#7833,.T.);
#6496=EDGE_CURVE('',#7834,#7787,#7835,.T.);
#6497=EDGE_CURVE('',#7736,#7834,#7836,.T.);
#6498=EDGE_CURVE('',#7834,#7837,#7838,.T.);
#6499=EDGE_CURVE('',#7837,#7839,#7840,.T.);
#6500=EDGE_CURVE('',#7717,#7839,#7841,.T.);
#6501=EDGE_CURVE('',#7842,#7843,#7844,.T.);
#6502=EDGE_CURVE('',#7719,#7843,#7845,.T.);
#6503=EDGE_CURVE('',#7846,#7839,#7847,.T.);
#6504=EDGE_CURVE('',#7842,#7846,#7848,.T.);
#6505=EDGE_CURVE('',#7843,#7849,#7850,.T.);
#6506=EDGE_CURVE('',#7842,#7851,#7852,.T.);
#6507=EDGE_CURVE('',#7851,#7849,#7853,.T.);
#6508=EDGE_CURVE('',#7854,#7855,#7856,.T.);
#6509=EDGE_CURVE('',#7855,#7857,#7858,.T.);
#6510=EDGE_CURVE('',#7857,#7859,#7860,.T.);
#6511=EDGE_CURVE('',#7861,#7859,#7862,.T.);
#6512=EDGE_CURVE('',#7861,#7863,#7864,.T.);
#6513=EDGE_CURVE('',#7843,#7863,#7865,.T.);
#6514=EDGE_CURVE('',#7849,#7866,#7867,.T.);
#6515=EDGE_CURVE('',#7866,#7839,#7868,.T.);
#6516=EDGE_CURVE('',#7837,#7869,#7870,.T.);
#6517=EDGE_CURVE('',#7854,#7869,#7871,.T.);
#6518=EDGE_CURVE('',#7872,#7873,#7874,.T.);
#6519=EDGE_CURVE('',#7873,#7875,#7876,.T.);
#6520=EDGE_CURVE('',#7875,#7877,#7878,.T.);
#6521=EDGE_CURVE('',#7877,#7872,#7879,.T.);
#6522=EDGE_CURVE('',#7880,#7854,#7881,.T.);
#6523=EDGE_CURVE('',#7880,#7882,#7883,.T.);
#6524=EDGE_CURVE('',#7882,#7855,#7884,.T.);
#6525=EDGE_CURVE('',#7882,#7885,#7886,.T.);
#6526=EDGE_CURVE('',#7885,#7857,#7887,.T.);
#6527=EDGE_CURVE('',#7888,#7885,#7889,.T.);
#6528=EDGE_CURVE('',#7888,#7859,#7890,.T.);
#6529=EDGE_CURVE('',#7724,#7854,#7891,.T.);
#6530=EDGE_CURVE('',#7722,#7859,#7892,.T.);
#6531=EDGE_CURVE('',#7880,#7888,#7893,.T.);
#6532=EDGE_CURVE('',#7846,#7894,#7895,.T.);
#6533=EDGE_CURVE('',#7851,#7894,#7896,.T.);
#6534=EDGE_CURVE('',#7894,#7866,#7897,.T.);
#6535=EDGE_CURVE('',#7704,#7898,#7899,.T.);
#6536=EDGE_CURVE('',#7898,#7861,#7900,.T.);
#6537=EDGE_CURVE('',#7898,#7901,#7902,.T.);
#6538=EDGE_CURVE('',#7901,#7863,#7903,.T.);
#6539=EDGE_CURVE('',#7898,#7904,#7905,.T.);
#6540=EDGE_CURVE('',#7906,#7904,#7907,.T.);
#6541=EDGE_CURVE('',#7901,#7906,#7908,.T.);
#6542=EDGE_CURVE('',#7705,#7901,#7909,.T.);
#6543=EDGE_CURVE('',#7906,#7910,#7911,.T.);
#6544=EDGE_CURVE('',#7686,#7910,#7912,.T.);
#6545=EDGE_CURVE('',#7913,#7914,#7915,.T.);
#6546=EDGE_CURVE('',#7688,#7914,#7916,.T.);
#6547=EDGE_CURVE('',#7917,#7910,#7918,.T.);
#6548=EDGE_CURVE('',#7913,#7917,#7919,.T.);
#6549=EDGE_CURVE('',#7914,#7920,#7921,.T.);
#6550=EDGE_CURVE('',#7913,#7922,#7923,.T.);
#6551=EDGE_CURVE('',#7922,#7920,#7924,.T.);
#6552=EDGE_CURVE('',#7925,#7926,#7927,.T.);
#6553=EDGE_CURVE('',#7926,#7928,#7929,.T.);
#6554=EDGE_CURVE('',#7928,#7930,#7931,.T.);
#6555=EDGE_CURVE('',#7932,#7930,#7933,.T.);
#6556=EDGE_CURVE('',#7932,#7934,#7935,.T.);
#6557=EDGE_CURVE('',#7914,#7934,#7936,.T.);
#6558=EDGE_CURVE('',#7920,#7937,#7938,.T.);
#6559=EDGE_CURVE('',#7937,#7910,#7939,.T.);
#6560=EDGE_CURVE('',#7925,#7904,#7940,.T.);
#6561=EDGE_CURVE('',#7941,#7942,#7943,.T.);
#6562=EDGE_CURVE('',#7942,#7944,#7945,.T.);
#6563=EDGE_CURVE('',#7944,#7946,#7947,.T.);
#6564=EDGE_CURVE('',#7946,#7941,#7948,.T.);
#6565=EDGE_CURVE('',#7949,#7925,#7950,.T.);
#6566=EDGE_CURVE('',#7949,#7951,#7952,.T.);
#6567=EDGE_CURVE('',#7951,#7926,#7953,.T.);
#6568=EDGE_CURVE('',#7951,#7954,#7955,.T.);
#6569=EDGE_CURVE('',#7954,#7928,#7956,.T.);
#6570=EDGE_CURVE('',#7957,#7954,#7958,.T.);
#6571=EDGE_CURVE('',#7957,#7930,#7959,.T.);
#6572=EDGE_CURVE('',#7693,#7925,#7960,.T.);
#6573=EDGE_CURVE('',#7691,#7930,#7961,.T.);
#6574=EDGE_CURVE('',#7949,#7957,#7962,.T.);
#6575=EDGE_CURVE('',#7917,#7963,#7964,.T.);
#6576=EDGE_CURVE('',#7922,#7963,#7965,.T.);
#6577=EDGE_CURVE('',#7963,#7937,#7966,.T.);
#6578=EDGE_CURVE('',#7673,#7967,#7968,.T.);
#6579=EDGE_CURVE('',#7967,#7932,#7969,.T.);
#6580=EDGE_CURVE('',#7967,#7970,#7971,.T.);
#6581=EDGE_CURVE('',#7970,#7934,#7972,.T.);
#6582=EDGE_CURVE('',#7967,#7973,#7974,.T.);
#6583=EDGE_CURVE('',#7975,#7973,#7976,.T.);
#6584=EDGE_CURVE('',#7970,#7975,#7977,.T.);
#6585=EDGE_CURVE('',#7674,#7970,#7978,.T.);
#6586=EDGE_CURVE('',#7975,#7979,#7980,.T.);
#6587=EDGE_CURVE('',#7655,#7979,#7981,.T.);
#6588=EDGE_CURVE('',#7982,#7983,#7984,.T.);
#6589=EDGE_CURVE('',#7657,#7983,#7985,.T.);
#6590=EDGE_CURVE('',#7986,#7979,#7987,.T.);
#6591=EDGE_CURVE('',#7982,#7986,#7988,.T.);
#6592=EDGE_CURVE('',#7982,#7989,#7990,.T.);
#6593=EDGE_CURVE('',#7989,#7991,#7992,.T.);
#6594=EDGE_CURVE('',#7983,#7991,#7993,.T.);
#6595=EDGE_CURVE('',#7994,#7995,#7996,.T.);
#6596=EDGE_CURVE('',#7994,#7997,#7998,.T.);
#6597=EDGE_CURVE('',#7997,#7999,#8000,.T.);
#6598=EDGE_CURVE('',#7995,#7999,#8001,.T.);
#6599=EDGE_CURVE('',#7986,#8002,#8003,.T.);
#6600=EDGE_CURVE('',#7989,#8002,#8004,.T.);
#6601=EDGE_CURVE('',#7995,#8005,#8006,.T.);
#6602=EDGE_CURVE('',#8007,#8005,#8008,.T.);
#6603=EDGE_CURVE('',#7994,#8007,#8009,.T.);
#6604=EDGE_CURVE('',#7662,#8007,#8010,.T.);
#6605=EDGE_CURVE('',#7660,#8011,#8012,.T.);
#6606=EDGE_CURVE('',#7997,#8011,#8013,.T.);
#6607=EDGE_CURVE('',#8014,#8011,#8015,.T.);
#6608=EDGE_CURVE('',#7999,#8014,#8016,.T.);
#6609=EDGE_CURVE('',#8005,#8014,#8017,.T.);
#6610=EDGE_CURVE('',#8007,#7973,#8018,.T.);
#6611=EDGE_CURVE('',#8019,#8011,#8020,.T.);
#6612=EDGE_CURVE('',#8019,#8021,#8022,.T.);
#6613=EDGE_CURVE('',#7983,#8021,#8023,.T.);
#6614=EDGE_CURVE('',#7991,#8024,#8025,.T.);
#6615=EDGE_CURVE('',#8024,#7979,#8026,.T.);
#6616=EDGE_CURVE('',#8027,#8028,#8029,.T.);
#6617=EDGE_CURVE('',#8028,#8030,#8031,.T.);
#6618=EDGE_CURVE('',#8030,#8032,#8033,.T.);
#6619=EDGE_CURVE('',#8032,#8027,#8034,.T.);
#6620=EDGE_CURVE('',#8002,#8024,#8035,.T.);
#6621=EDGE_CURVE('',#8036,#8021,#8037,.T.);
#6622=EDGE_CURVE('',#7643,#8036,#8038,.T.);
#6623=EDGE_CURVE('',#8036,#8039,#8040,.T.);
#6624=EDGE_CURVE('',#8039,#8041,#8042,.T.);
#6625=EDGE_CURVE('',#7624,#8041,#8043,.T.);
#6626=EDGE_CURVE('',#8044,#8045,#8046,.T.);
#6627=EDGE_CURVE('',#7626,#8045,#8047,.T.);
#6628=EDGE_CURVE('',#8048,#8041,#8049,.T.);
#6629=EDGE_CURVE('',#8044,#8048,#8050,.T.);
#6630=EDGE_CURVE('',#8044,#8051,#8052,.T.);
#6631=EDGE_CURVE('',#8051,#8053,#8054,.T.);
#6632=EDGE_CURVE('',#8045,#8053,#8055,.T.);
#6633=EDGE_CURVE('',#8056,#8057,#8058,.T.);
#6634=EDGE_CURVE('',#8056,#8059,#8060,.T.);
#6635=EDGE_CURVE('',#8059,#8061,#8062,.T.);
#6636=EDGE_CURVE('',#8057,#8061,#8063,.T.);
#6637=EDGE_CURVE('',#8048,#8064,#8065,.T.);
#6638=EDGE_CURVE('',#8051,#8064,#8066,.T.);
#6639=EDGE_CURVE('',#8057,#8067,#8068,.T.);
#6640=EDGE_CURVE('',#8069,#8067,#8070,.T.);
#6641=EDGE_CURVE('',#8056,#8069,#8071,.T.);
#6642=EDGE_CURVE('',#7631,#8069,#8072,.T.);
#6643=EDGE_CURVE('',#7629,#8073,#8074,.T.);
#6644=EDGE_CURVE('',#8059,#8073,#8075,.T.);
#6645=EDGE_CURVE('',#8076,#8073,#8077,.T.);
#6646=EDGE_CURVE('',#8061,#8076,#8078,.T.);
#6647=EDGE_CURVE('',#8067,#8076,#8079,.T.);
#6648=EDGE_CURVE('',#8039,#8080,#8081,.T.);
#6649=EDGE_CURVE('',#8069,#8080,#8082,.T.);
#6650=EDGE_CURVE('',#8083,#8073,#8084,.T.);
#6651=EDGE_CURVE('',#8083,#8085,#8086,.T.);
#6652=EDGE_CURVE('',#8045,#8085,#8087,.T.);
#6653=EDGE_CURVE('',#8053,#8088,#8089,.T.);
#6654=EDGE_CURVE('',#8088,#8041,#8090,.T.);
#6655=EDGE_CURVE('',#8091,#8092,#8093,.T.);
#6656=EDGE_CURVE('',#8092,#8094,#8095,.T.);
#6657=EDGE_CURVE('',#8094,#8096,#8097,.T.);
#6658=EDGE_CURVE('',#8096,#8091,#8098,.T.);
#6659=EDGE_CURVE('',#8099,#8036,#8100,.T.);
#6660=EDGE_CURVE('',#8099,#8080,#8101,.T.);
#6661=EDGE_CURVE('',#8099,#8019,#8102,.T.);
#6662=EDGE_CURVE('',#7642,#8099,#8103,.T.);
#6663=EDGE_CURVE('',#8064,#8088,#8104,.T.);
#6664=EDGE_CURVE('',#8105,#8085,#8106,.T.);
#6665=EDGE_CURVE('',#7612,#8105,#8107,.T.);
#6666=EDGE_CURVE('',#8105,#8108,#8109,.T.);
#6667=EDGE_CURVE('',#8108,#8110,#8111,.T.);
#6668=EDGE_CURVE('',#7593,#8110,#8112,.T.);
#6669=EDGE_CURVE('',#8113,#8114,#8115,.T.);
#6670=EDGE_CURVE('',#7595,#8114,#8116,.T.);
#6671=EDGE_CURVE('',#8117,#8110,#8118,.T.);
#6672=EDGE_CURVE('',#8113,#8117,#8119,.T.);
#6673=EDGE_CURVE('',#8113,#8120,#8121,.T.);
#6674=EDGE_CURVE('',#8120,#8122,#8123,.T.);
#6675=EDGE_CURVE('',#8114,#8122,#8124,.T.);
#6676=EDGE_CURVE('',#8125,#8126,#8127,.T.);
#6677=EDGE_CURVE('',#8125,#8128,#8129,.T.);
#6678=EDGE_CURVE('',#8128,#8130,#8131,.T.);
#6679=EDGE_CURVE('',#8126,#8130,#8132,.T.);
#6680=EDGE_CURVE('',#8117,#8133,#8134,.T.);
#6681=EDGE_CURVE('',#8120,#8133,#8135,.T.);
#6682=EDGE_CURVE('',#8126,#8136,#8137,.T.);
#6683=EDGE_CURVE('',#8138,#8136,#8139,.T.);
#6684=EDGE_CURVE('',#8125,#8138,#8140,.T.);
#6685=EDGE_CURVE('',#7600,#8138,#8141,.T.);
#6686=EDGE_CURVE('',#7598,#8142,#8143,.T.);
#6687=EDGE_CURVE('',#8128,#8142,#8144,.T.);
#6688=EDGE_CURVE('',#8145,#8142,#8146,.T.);
#6689=EDGE_CURVE('',#8130,#8145,#8147,.T.);
#6690=EDGE_CURVE('',#8136,#8145,#8148,.T.);
#6691=EDGE_CURVE('',#8108,#8149,#8150,.T.);
#6692=EDGE_CURVE('',#8138,#8149,#8151,.T.);
#6693=EDGE_CURVE('',#8152,#8142,#8153,.T.);
#6694=EDGE_CURVE('',#8152,#8154,#8155,.T.);
#6695=EDGE_CURVE('',#8114,#8154,#8156,.T.);
#6696=EDGE_CURVE('',#8122,#8157,#8158,.T.);
#6697=EDGE_CURVE('',#8157,#8110,#8159,.T.);
#6698=EDGE_CURVE('',#8160,#8161,#8162,.T.);
#6699=EDGE_CURVE('',#8161,#8163,#8164,.T.);
#6700=EDGE_CURVE('',#8163,#8165,#8166,.T.);
#6701=EDGE_CURVE('',#8165,#8160,#8167,.T.);
#6702=EDGE_CURVE('',#8168,#8105,#8169,.T.);
#6703=EDGE_CURVE('',#8168,#8149,#8170,.T.);
#6704=EDGE_CURVE('',#8168,#8083,#8171,.T.);
#6705=EDGE_CURVE('',#7611,#8168,#8172,.T.);
#6706=EDGE_CURVE('',#8133,#8157,#8173,.T.);
#6707=EDGE_CURVE('',#8174,#8154,#8175,.T.);
#6708=EDGE_CURVE('',#7581,#8174,#8176,.T.);
#6709=EDGE_CURVE('',#8174,#8177,#8178,.T.);
#6710=EDGE_CURVE('',#8177,#8179,#8180,.T.);
#6711=EDGE_CURVE('',#7562,#8179,#8181,.T.);
#6712=EDGE_CURVE('',#8182,#8183,#8184,.T.);
#6713=EDGE_CURVE('',#7564,#8183,#8185,.T.);
#6714=EDGE_CURVE('',#8186,#8179,#8187,.T.);
#6715=EDGE_CURVE('',#8182,#8186,#8188,.T.);
#6716=EDGE_CURVE('',#8182,#8189,#8190,.T.);
#6717=EDGE_CURVE('',#8189,#8191,#8192,.T.);
#6718=EDGE_CURVE('',#8183,#8191,#8193,.T.);
#6719=EDGE_CURVE('',#8194,#8195,#8196,.T.);
#6720=EDGE_CURVE('',#8194,#8197,#8198,.T.);
#6721=EDGE_CURVE('',#8197,#8199,#8200,.T.);
#6722=EDGE_CURVE('',#8195,#8199,#8201,.T.);
#6723=EDGE_CURVE('',#8186,#8202,#8203,.T.);
#6724=EDGE_CURVE('',#8189,#8202,#8204,.T.);
#6725=EDGE_CURVE('',#8195,#8205,#8206,.T.);
#6726=EDGE_CURVE('',#8207,#8205,#8208,.T.);
#6727=EDGE_CURVE('',#8194,#8207,#8209,.T.);
#6728=EDGE_CURVE('',#7569,#8207,#8210,.T.);
#6729=EDGE_CURVE('',#7567,#8211,#8212,.T.);
#6730=EDGE_CURVE('',#8197,#8211,#8213,.T.);
#6731=EDGE_CURVE('',#8214,#8211,#8215,.T.);
#6732=EDGE_CURVE('',#8199,#8214,#8216,.T.);
#6733=EDGE_CURVE('',#8205,#8214,#8217,.T.);
#6734=EDGE_CURVE('',#8177,#8218,#8219,.T.);
#6735=EDGE_CURVE('',#8207,#8218,#8220,.T.);
#6736=EDGE_CURVE('',#8221,#8211,#8222,.T.);
#6737=EDGE_CURVE('',#8221,#8223,#8224,.T.);
#6738=EDGE_CURVE('',#8183,#8223,#8225,.T.);
#6739=EDGE_CURVE('',#8191,#8226,#8227,.T.);
#6740=EDGE_CURVE('',#8226,#8179,#8228,.T.);
#6741=EDGE_CURVE('',#8229,#8230,#8231,.T.);
#6742=EDGE_CURVE('',#8230,#8232,#8233,.T.);
#6743=EDGE_CURVE('',#8232,#8234,#8235,.T.);
#6744=EDGE_CURVE('',#8234,#8229,#8236,.T.);
#6745=EDGE_CURVE('',#8237,#8174,#8238,.T.);
#6746=EDGE_CURVE('',#8237,#8218,#8239,.T.);
#6747=EDGE_CURVE('',#8237,#8152,#8240,.T.);
#6748=EDGE_CURVE('',#7580,#8237,#8241,.T.);
#6749=EDGE_CURVE('',#8202,#8226,#8242,.T.);
#6750=EDGE_CURVE('',#8243,#8223,#8244,.T.);
#6751=EDGE_CURVE('',#7550,#8243,#8245,.T.);
#6752=EDGE_CURVE('',#8243,#8246,#8247,.T.);
#6753=EDGE_CURVE('',#8246,#8248,#8249,.T.);
#6754=EDGE_CURVE('',#7531,#8248,#8250,.T.);
#6755=EDGE_CURVE('',#8251,#8252,#8253,.T.);
#6756=EDGE_CURVE('',#7533,#8252,#8254,.T.);
#6757=EDGE_CURVE('',#8255,#8248,#8256,.T.);
#6758=EDGE_CURVE('',#8251,#8255,#8257,.T.);
#6759=EDGE_CURVE('',#8251,#8258,#8259,.T.);
#6760=EDGE_CURVE('',#8258,#8260,#8261,.T.);
#6761=EDGE_CURVE('',#8252,#8260,#8262,.T.);
#6762=EDGE_CURVE('',#8263,#8264,#8265,.T.);
#6763=EDGE_CURVE('',#8263,#8266,#8267,.T.);
#6764=EDGE_CURVE('',#8266,#8268,#8269,.T.);
#6765=EDGE_CURVE('',#8264,#8268,#8270,.T.);
#6766=EDGE_CURVE('',#8255,#8271,#8272,.T.);
#6767=EDGE_CURVE('',#8258,#8271,#8273,.T.);
#6768=EDGE_CURVE('',#8264,#8274,#8275,.T.);
#6769=EDGE_CURVE('',#8276,#8274,#8277,.T.);
#6770=EDGE_CURVE('',#8263,#8276,#8278,.T.);
#6771=EDGE_CURVE('',#7538,#8276,#8279,.T.);
#6772=EDGE_CURVE('',#7536,#8280,#8281,.T.);
#6773=EDGE_CURVE('',#8266,#8280,#8282,.T.);
#6774=EDGE_CURVE('',#8283,#8280,#8284,.T.);
#6775=EDGE_CURVE('',#8268,#8283,#8285,.T.);
#6776=EDGE_CURVE('',#8274,#8283,#8286,.T.);
#6777=EDGE_CURVE('',#8246,#8287,#8288,.T.);
#6778=EDGE_CURVE('',#8276,#8287,#8289,.T.);
#6779=EDGE_CURVE('',#8290,#8280,#8291,.T.);
#6780=EDGE_CURVE('',#8290,#8292,#8293,.T.);
#6781=EDGE_CURVE('',#8252,#8292,#8294,.T.);
#6782=EDGE_CURVE('',#8260,#8295,#8296,.T.);
#6783=EDGE_CURVE('',#8295,#8248,#8297,.T.);
#6784=EDGE_CURVE('',#8298,#8299,#8300,.T.);
#6785=EDGE_CURVE('',#8299,#8301,#8302,.T.);
#6786=EDGE_CURVE('',#8301,#8303,#8304,.T.);
#6787=EDGE_CURVE('',#8303,#8298,#8305,.T.);
#6788=EDGE_CURVE('',#8306,#8243,#8307,.T.);
#6789=EDGE_CURVE('',#8306,#8287,#8308,.T.);
#6790=EDGE_CURVE('',#8306,#8221,#8309,.T.);
#6791=EDGE_CURVE('',#7549,#8306,#8310,.T.);
#6792=EDGE_CURVE('',#8271,#8295,#8311,.T.);
#6793=EDGE_CURVE('',#8312,#8292,#8313,.T.);
#6794=EDGE_CURVE('',#7519,#8312,#8314,.T.);
#6795=EDGE_CURVE('',#8312,#8315,#8316,.T.);
#6796=EDGE_CURVE('',#8315,#8317,#8318,.T.);
#6797=EDGE_CURVE('',#7500,#8317,#8319,.T.);
#6798=EDGE_CURVE('',#8320,#8321,#8322,.T.);
#6799=EDGE_CURVE('',#7502,#8321,#8323,.T.);
#6800=EDGE_CURVE('',#8324,#8317,#8325,.T.);
#6801=EDGE_CURVE('',#8320,#8324,#8326,.T.);
#6802=EDGE_CURVE('',#8320,#8327,#8328,.T.);
#6803=EDGE_CURVE('',#8327,#8329,#8330,.T.);
#6804=EDGE_CURVE('',#8321,#8329,#8331,.T.);
#6805=EDGE_CURVE('',#8332,#8333,#8334,.T.);
#6806=EDGE_CURVE('',#8332,#8335,#8336,.T.);
#6807=EDGE_CURVE('',#8335,#8337,#8338,.T.);
#6808=EDGE_CURVE('',#8333,#8337,#8339,.T.);
#6809=EDGE_CURVE('',#8324,#8340,#8341,.T.);
#6810=EDGE_CURVE('',#8327,#8340,#8342,.T.);
#6811=EDGE_CURVE('',#8333,#8343,#8344,.T.);
#6812=EDGE_CURVE('',#8345,#8343,#8346,.T.);
#6813=EDGE_CURVE('',#8332,#8345,#8347,.T.);
#6814=EDGE_CURVE('',#7507,#8345,#8348,.T.);
#6815=EDGE_CURVE('',#7505,#8349,#8350,.T.);
#6816=EDGE_CURVE('',#8335,#8349,#8351,.T.);
#6817=EDGE_CURVE('',#8352,#8349,#8353,.T.);
#6818=EDGE_CURVE('',#8337,#8352,#8354,.T.);
#6819=EDGE_CURVE('',#8343,#8352,#8355,.T.);
#6820=EDGE_CURVE('',#8315,#8356,#8357,.T.);
#6821=EDGE_CURVE('',#8345,#8356,#8358,.T.);
#6822=EDGE_CURVE('',#8359,#8349,#8360,.T.);
#6823=EDGE_CURVE('',#8359,#8361,#8362,.T.);
#6824=EDGE_CURVE('',#8321,#8361,#8363,.T.);
#6825=EDGE_CURVE('',#8329,#8364,#8365,.T.);
#6826=EDGE_CURVE('',#8364,#8317,#8366,.T.);
#6827=EDGE_CURVE('',#8367,#8368,#8369,.T.);
#6828=EDGE_CURVE('',#8368,#8370,#8371,.T.);
#6829=EDGE_CURVE('',#8370,#8372,#8373,.T.);
#6830=EDGE_CURVE('',#8372,#8367,#8374,.T.);
#6831=EDGE_CURVE('',#8375,#8312,#8376,.T.);
#6832=EDGE_CURVE('',#8375,#8356,#8377,.T.);
#6833=EDGE_CURVE('',#8375,#8290,#8378,.T.);
#6834=EDGE_CURVE('',#7518,#8375,#8379,.T.);
#6835=EDGE_CURVE('',#8340,#8364,#8380,.T.);
#6836=EDGE_CURVE('',#8381,#8361,#8382,.T.);
#6837=EDGE_CURVE('',#7488,#8381,#8383,.T.);
#6838=EDGE_CURVE('',#8381,#8384,#8385,.T.);
#6839=EDGE_CURVE('',#8384,#8386,#8387,.T.);
#6840=EDGE_CURVE('',#7469,#8386,#8388,.T.);
#6841=EDGE_CURVE('',#8389,#8390,#8391,.T.);
#6842=EDGE_CURVE('',#7471,#8390,#8392,.T.);
#6843=EDGE_CURVE('',#8393,#8386,#8394,.T.);
#6844=EDGE_CURVE('',#8389,#8393,#8395,.T.);
#6845=EDGE_CURVE('',#8389,#8396,#8397,.T.);
#6846=EDGE_CURVE('',#8396,#8398,#8399,.T.);
#6847=EDGE_CURVE('',#8390,#8398,#8400,.T.);
#6848=EDGE_CURVE('',#8401,#8402,#8403,.T.);
#6849=EDGE_CURVE('',#8401,#8404,#8405,.T.);
#6850=EDGE_CURVE('',#8404,#8406,#8407,.T.);
#6851=EDGE_CURVE('',#8402,#8406,#8408,.T.);
#6852=EDGE_CURVE('',#8393,#8409,#8410,.T.);
#6853=EDGE_CURVE('',#8396,#8409,#8411,.T.);
#6854=EDGE_CURVE('',#8402,#8412,#8413,.T.);
#6855=EDGE_CURVE('',#8414,#8412,#8415,.T.);
#6856=EDGE_CURVE('',#8401,#8414,#8416,.T.);
#6857=EDGE_CURVE('',#7476,#8414,#8417,.T.);
#6858=EDGE_CURVE('',#7474,#8418,#8419,.T.);
#6859=EDGE_CURVE('',#8404,#8418,#8420,.T.);
#6860=EDGE_CURVE('',#8421,#8418,#8422,.T.);
#6861=EDGE_CURVE('',#8406,#8421,#8423,.T.);
#6862=EDGE_CURVE('',#8412,#8421,#8424,.T.);
#6863=EDGE_CURVE('',#8384,#8425,#8426,.T.);
#6864=EDGE_CURVE('',#8414,#8425,#8427,.T.);
#6865=EDGE_CURVE('',#8428,#8418,#8429,.T.);
#6866=EDGE_CURVE('',#8428,#8430,#8431,.T.);
#6867=EDGE_CURVE('',#8390,#8430,#8432,.T.);
#6868=EDGE_CURVE('',#8398,#8433,#8434,.T.);
#6869=EDGE_CURVE('',#8433,#8386,#8435,.T.);
#6870=EDGE_CURVE('',#8436,#8437,#8438,.T.);
#6871=EDGE_CURVE('',#8437,#8439,#8440,.T.);
#6872=EDGE_CURVE('',#8439,#8441,#8442,.T.);
#6873=EDGE_CURVE('',#8441,#8436,#8443,.T.);
#6874=EDGE_CURVE('',#8444,#8381,#8445,.T.);
#6875=EDGE_CURVE('',#8444,#8425,#8446,.T.);
#6876=EDGE_CURVE('',#8444,#8359,#8447,.T.);
#6877=EDGE_CURVE('',#7487,#8444,#8448,.T.);
#6878=EDGE_CURVE('',#8409,#8433,#8449,.T.);
#6879=EDGE_CURVE('',#8450,#8430,#8451,.T.);
#6880=EDGE_CURVE('',#7457,#8450,#8452,.T.);
#6881=EDGE_CURVE('',#8450,#8453,#8454,.T.);
#6882=EDGE_CURVE('',#8453,#8455,#8456,.T.);
#6883=EDGE_CURVE('',#7435,#8455,#8457,.T.);
#6884=EDGE_CURVE('',#8458,#8459,#8460,.T.);
#6885=EDGE_CURVE('',#7437,#8459,#8461,.T.);
#6886=EDGE_CURVE('',#8462,#8455,#8463,.T.);
#6887=EDGE_CURVE('',#8458,#8462,#8464,.T.);
#6888=EDGE_CURVE('',#8458,#8465,#8466,.T.);
#6889=EDGE_CURVE('',#8465,#8467,#8468,.T.);
#6890=EDGE_CURVE('',#8459,#8467,#8469,.T.);
#6891=EDGE_CURVE('',#8470,#8471,#8472,.T.);
#6892=EDGE_CURVE('',#8470,#8473,#8474,.T.);
#6893=EDGE_CURVE('',#8473,#8475,#8476,.T.);
#6894=EDGE_CURVE('',#8471,#8475,#8477,.T.);
#6895=EDGE_CURVE('',#8462,#8478,#8479,.T.);
#6896=EDGE_CURVE('',#8465,#8478,#8480,.T.);
#6897=EDGE_CURVE('',#8471,#8481,#8482,.T.);
#6898=EDGE_CURVE('',#8483,#8481,#8484,.T.);
#6899=EDGE_CURVE('',#8470,#8483,#8485,.T.);
#6900=EDGE_CURVE('',#7445,#8483,#8486,.T.);
#6901=EDGE_CURVE('',#7443,#8487,#8488,.T.);
#6902=EDGE_CURVE('',#8473,#8487,#8489,.T.);
#6903=EDGE_CURVE('',#8490,#8487,#8491,.T.);
#6904=EDGE_CURVE('',#8475,#8490,#8492,.T.);
#6905=EDGE_CURVE('',#8481,#8490,#8493,.T.);
#6906=EDGE_CURVE('',#8453,#8494,#8495,.T.);
#6907=EDGE_CURVE('',#8483,#8494,#8496,.T.);
#6908=EDGE_CURVE('',#8497,#8487,#8498,.T.);
#6909=EDGE_CURVE('',#8497,#8499,#8500,.T.);
#6910=EDGE_CURVE('',#8459,#8499,#8501,.T.);
#6911=EDGE_CURVE('',#8467,#8502,#8503,.T.);
#6912=EDGE_CURVE('',#8502,#8455,#8504,.T.);
#6913=EDGE_CURVE('',#8505,#8506,#8507,.T.);
#6914=EDGE_CURVE('',#8506,#8508,#8509,.T.);
#6915=EDGE_CURVE('',#8508,#8510,#8511,.T.);
#6916=EDGE_CURVE('',#8510,#8505,#8512,.T.);
#6917=EDGE_CURVE('',#8513,#8450,#8514,.T.);
#6918=EDGE_CURVE('',#8513,#8494,#8515,.T.);
#6919=EDGE_CURVE('',#8513,#8428,#8516,.T.);
#6920=EDGE_CURVE('',#7456,#8513,#8517,.T.);
#6921=EDGE_CURVE('',#8478,#8502,#8518,.T.);
#6922=EDGE_CURVE('',#8519,#8499,#8520,.T.);
#6923=EDGE_CURVE('',#8521,#8519,#8522,.T.);
#6924=EDGE_CURVE('',#7439,#8521,#8523,.T.);
#6925=EDGE_CURVE('',#8524,#8521,#8525,.T.);
#6926=EDGE_CURVE('',#7441,#8524,#8526,.T.);
#6927=EDGE_CURVE('',#8524,#8527,#8528,.T.);
#6928=EDGE_CURVE('',#8527,#8497,#8529,.T.);
#6929=EDGE_CURVE('',#8527,#8519,#8530,.T.);
#6930=EDGE_CURVE('',#7449,#8506,#8531,.T.);
#6931=EDGE_CURVE('',#7448,#8505,#8532,.T.);
#6932=EDGE_CURVE('',#7451,#8510,#8533,.T.);
#6933=EDGE_CURVE('',#7453,#8508,#8534,.T.);
#6934=EDGE_CURVE('',#7480,#8437,#8535,.T.);
#6935=EDGE_CURVE('',#7479,#8436,#8536,.T.);
#6936=EDGE_CURVE('',#7482,#8441,#8537,.T.);
#6937=EDGE_CURVE('',#7484,#8439,#8538,.T.);
#6938=EDGE_CURVE('',#7511,#8368,#8539,.T.);
#6939=EDGE_CURVE('',#7510,#8367,#8540,.T.);
#6940=EDGE_CURVE('',#7513,#8372,#8541,.T.);
#6941=EDGE_CURVE('',#7515,#8370,#8542,.T.);
#6942=EDGE_CURVE('',#7542,#8299,#8543,.T.);
#6943=EDGE_CURVE('',#7541,#8298,#8544,.T.);
#6944=EDGE_CURVE('',#7544,#8303,#8545,.T.);
#6945=EDGE_CURVE('',#7546,#8301,#8546,.T.);
#6946=EDGE_CURVE('',#7573,#8230,#8547,.T.);
#6947=EDGE_CURVE('',#7572,#8229,#8548,.T.);
#6948=EDGE_CURVE('',#7575,#8234,#8549,.T.);
#6949=EDGE_CURVE('',#7577,#8232,#8550,.T.);
#6950=EDGE_CURVE('',#7604,#8161,#8551,.T.);
#6951=EDGE_CURVE('',#7603,#8160,#8552,.T.);
#6952=EDGE_CURVE('',#7606,#8165,#8553,.T.);
#6953=EDGE_CURVE('',#7608,#8163,#8554,.T.);
#6954=EDGE_CURVE('',#7635,#8092,#8555,.T.);
#6955=EDGE_CURVE('',#7634,#8091,#8556,.T.);
#6956=EDGE_CURVE('',#7637,#8096,#8557,.T.);
#6957=EDGE_CURVE('',#7639,#8094,#8558,.T.);
#6958=EDGE_CURVE('',#7666,#8028,#8559,.T.);
#6959=EDGE_CURVE('',#7665,#8027,#8560,.T.);
#6960=EDGE_CURVE('',#7668,#8032,#8561,.T.);
#6961=EDGE_CURVE('',#7670,#8030,#8562,.T.);
#6962=EDGE_CURVE('',#7696,#7941,#8563,.T.);
#6963=EDGE_CURVE('',#7697,#7942,#8564,.T.);
#6964=EDGE_CURVE('',#7699,#7946,#8565,.T.);
#6965=EDGE_CURVE('',#7701,#7944,#8566,.T.);
#6966=EDGE_CURVE('',#7735,#8567,#8568,.T.);
#6967=EDGE_CURVE('',#8567,#7869,#8569,.T.);
#6968=EDGE_CURVE('',#8567,#7785,#8570,.T.);
#6969=EDGE_CURVE('',#8567,#7834,#8571,.T.);
#6970=EDGE_CURVE('',#7727,#7872,#8572,.T.);
#6971=EDGE_CURVE('',#7728,#7873,#8573,.T.);
#6972=EDGE_CURVE('',#7730,#7877,#8574,.T.);
#6973=EDGE_CURVE('',#7732,#7875,#8575,.T.);
#6974=EDGE_CURVE('',#8576,#7796,#8577,.T.);
#6975=EDGE_CURVE('',#7766,#8576,#8578,.T.);
#6976=EDGE_CURVE('',#7775,#8576,#8579,.T.);
#6977=EDGE_CURVE('',#7758,#7799,#8580,.T.);
#6978=EDGE_CURVE('',#7759,#7800,#8581,.T.);
#6979=EDGE_CURVE('',#7761,#7804,#8582,.T.);
#6980=EDGE_CURVE('',#7763,#7802,#8583,.T.);
#6981=COLOUR_RGB('',0.925490200519562,0.925490200519562,0.925490200519562);
#6982=EDGE_CURVE('',#8584,#8585,#8586,.T.);
#6983=EDGE_CURVE('',#8587,#8584,#8588,.T.);
#6984=EDGE_CURVE('',#8589,#8587,#8590,.T.);
#6985=EDGE_CURVE('',#8585,#8589,#8591,.T.);
#6986=EDGE_CURVE('',#8585,#8592,#8593,.T.);
#6987=EDGE_CURVE('',#8594,#8592,#8595,.T.);
#6988=EDGE_CURVE('',#8584,#8594,#8596,.T.);
#6989=EDGE_CURVE('',#8597,#8594,#8598,.T.);
#6990=EDGE_CURVE('',#8587,#8597,#8599,.T.);
#6991=EDGE_CURVE('',#8600,#8597,#8601,.T.);
#6992=EDGE_CURVE('',#8589,#8600,#8602,.T.);
#6993=EDGE_CURVE('',#8592,#8600,#8603,.T.);
#6994=EDGE_CURVE('',#8600,#8604,#8605,.T.);
#6995=EDGE_CURVE('',#8604,#8606,#8607,.T.);
#6996=EDGE_CURVE('',#8606,#8608,#8609,.T.);
#6997=EDGE_CURVE('',#8610,#8608,#8611,.T.);
#6998=EDGE_CURVE('',#8612,#8610,#8613,.T.);
#6999=EDGE_CURVE('',#8614,#8612,#8615,.T.);
#7000=EDGE_CURVE('',#8592,#8614,#8616,.T.);
#7001=EDGE_CURVE('',#8617,#8614,#8618,.T.);
#7002=EDGE_CURVE('',#8594,#8617,#8619,.T.);
#7003=EDGE_CURVE('',#8617,#8620,#8621,.T.);
#7004=EDGE_CURVE('',#8620,#8622,#8623,.T.);
#7005=EDGE_CURVE('',#8624,#8622,#8625,.T.);
#7006=EDGE_CURVE('',#8626,#8624,#8627,.T.);
#7007=EDGE_CURVE('',#8628,#8626,#8629,.T.);
#7008=EDGE_CURVE('',#8597,#8628,#8630,.T.);
#7009=EDGE_CURVE('',#8604,#8628,#8631,.T.);
#7010=EDGE_CURVE('',#8606,#8626,#8632,.T.);
#7011=EDGE_CURVE('',#8608,#8624,#8633,.T.);
#7012=EDGE_CURVE('',#8634,#8635,#8636,.T.);
#7013=EDGE_CURVE('',#8634,#8608,#8637,.T.);
#7014=EDGE_CURVE('',#8635,#8624,#8638,.T.);
#7015=EDGE_CURVE('',#8639,#8640,#8641,.T.);
#7016=EDGE_CURVE('',#8640,#8634,#8642,.T.);
#7017=EDGE_CURVE('',#8635,#8639,#8643,.T.);
#7018=EDGE_CURVE('',#8639,#8622,#8644,.T.);
#7019=EDGE_CURVE('',#8622,#8610,#8645,.T.);
#7020=EDGE_CURVE('',#8640,#8610,#8646,.T.);
#7021=EDGE_CURVE('',#8620,#8612,#8647,.T.);
#7022=COLOUR_RGB('',0.925490200519562,0.925490200519562,0.925490200519562);
#7023=EDGE_CURVE('',#8648,#8649,#8650,.T.);
#7024=EDGE_CURVE('',#8651,#8648,#8652,.T.);
#7025=EDGE_CURVE('',#8653,#8651,#8654,.T.);
#7026=EDGE_CURVE('',#8649,#8653,#8655,.T.);
#7027=EDGE_CURVE('',#8649,#8656,#8657,.T.);
#7028=EDGE_CURVE('',#8658,#8656,#8659,.T.);
#7029=EDGE_CURVE('',#8648,#8658,#8660,.T.);
#7030=EDGE_CURVE('',#8661,#8658,#8662,.T.);
#7031=EDGE_CURVE('',#8651,#8661,#8663,.T.);
#7032=EDGE_CURVE('',#8664,#8661,#8665,.T.);
#7033=EDGE_CURVE('',#8653,#8664,#8666,.T.);
#7034=EDGE_CURVE('',#8656,#8664,#8667,.T.);
#7035=EDGE_CURVE('',#8664,#8668,#8669,.T.);
#7036=EDGE_CURVE('',#8668,#8670,#8671,.T.);
#7037=EDGE_CURVE('',#8670,#8672,#8673,.T.);
#7038=EDGE_CURVE('',#8674,#8672,#8675,.T.);
#7039=EDGE_CURVE('',#8676,#8674,#8677,.T.);
#7040=EDGE_CURVE('',#8678,#8676,#8679,.T.);
#7041=EDGE_CURVE('',#8656,#8678,#8680,.T.);
#7042=EDGE_CURVE('',#8681,#8678,#8682,.T.);
#7043=EDGE_CURVE('',#8658,#8681,#8683,.T.);
#7044=EDGE_CURVE('',#8681,#8684,#8685,.T.);
#7045=EDGE_CURVE('',#8684,#8686,#8687,.T.);
#7046=EDGE_CURVE('',#8688,#8686,#8689,.T.);
#7047=EDGE_CURVE('',#8690,#8688,#8691,.T.);
#7048=EDGE_CURVE('',#8692,#8690,#8693,.T.);
#7049=EDGE_CURVE('',#8661,#8692,#8694,.T.);
#7050=EDGE_CURVE('',#8668,#8692,#8695,.T.);
#7051=EDGE_CURVE('',#8670,#8690,#8696,.T.);
#7052=EDGE_CURVE('',#8672,#8688,#8697,.T.);
#7053=EDGE_CURVE('',#8698,#8699,#8700,.T.);
#7054=EDGE_CURVE('',#8698,#8672,#8701,.T.);
#7055=EDGE_CURVE('',#8699,#8688,#8702,.T.);
#7056=EDGE_CURVE('',#8703,#8704,#8705,.T.);
#7057=EDGE_CURVE('',#8704,#8698,#8706,.T.);
#7058=EDGE_CURVE('',#8699,#8703,#8707,.T.);
#7059=EDGE_CURVE('',#8703,#8686,#8708,.T.);
#7060=EDGE_CURVE('',#8686,#8674,#8709,.T.);
#7061=EDGE_CURVE('',#8704,#8674,#8710,.T.);
#7062=EDGE_CURVE('',#8684,#8676,#8711,.T.);
#7063=COLOUR_RGB('',0.925490200519562,0.925490200519562,0.925490200519562);
#7064=EDGE_CURVE('',#8712,#8713,#8714,.T.);
#7065=EDGE_CURVE('',#8715,#8712,#8716,.T.);
#7066=EDGE_CURVE('',#8717,#8715,#8718,.T.);
#7067=EDGE_CURVE('',#8713,#8717,#8719,.T.);
#7068=EDGE_CURVE('',#8713,#8720,#8721,.T.);
#7069=EDGE_CURVE('',#8722,#8720,#8723,.T.);
#7070=EDGE_CURVE('',#8712,#8722,#8724,.T.);
#7071=EDGE_CURVE('',#8725,#8722,#8726,.T.);
#7072=EDGE_CURVE('',#8715,#8725,#8727,.T.);
#7073=EDGE_CURVE('',#8728,#8725,#8729,.T.);
#7074=EDGE_CURVE('',#8717,#8728,#8730,.T.);
#7075=EDGE_CURVE('',#8720,#8728,#8731,.T.);
#7076=EDGE_CURVE('',#8728,#8732,#8733,.T.);
#7077=EDGE_CURVE('',#8732,#8734,#8735,.T.);
#7078=EDGE_CURVE('',#8734,#8736,#8737,.T.);
#7079=EDGE_CURVE('',#8738,#8736,#8739,.T.);
#7080=EDGE_CURVE('',#8740,#8738,#8741,.T.);
#7081=EDGE_CURVE('',#8742,#8740,#8743,.T.);
#7082=EDGE_CURVE('',#8720,#8742,#8744,.T.);
#7083=EDGE_CURVE('',#8745,#8742,#8746,.T.);
#7084=EDGE_CURVE('',#8722,#8745,#8747,.T.);
#7085=EDGE_CURVE('',#8745,#8748,#8749,.T.);
#7086=EDGE_CURVE('',#8748,#8750,#8751,.T.);
#7087=EDGE_CURVE('',#8752,#8750,#8753,.T.);
#7088=EDGE_CURVE('',#8754,#8752,#8755,.T.);
#7089=EDGE_CURVE('',#8756,#8754,#8757,.T.);
#7090=EDGE_CURVE('',#8725,#8756,#8758,.T.);
#7091=EDGE_CURVE('',#8732,#8756,#8759,.T.);
#7092=EDGE_CURVE('',#8734,#8754,#8760,.T.);
#7093=EDGE_CURVE('',#8736,#8752,#8761,.T.);
#7094=EDGE_CURVE('',#8762,#8763,#8764,.T.);
#7095=EDGE_CURVE('',#8762,#8736,#8765,.T.);
#7096=EDGE_CURVE('',#8763,#8752,#8766,.T.);
#7097=EDGE_CURVE('',#8767,#8768,#8769,.T.);
#7098=EDGE_CURVE('',#8768,#8762,#8770,.T.);
#7099=EDGE_CURVE('',#8763,#8767,#8771,.T.);
#7100=EDGE_CURVE('',#8767,#8750,#8772,.T.);
#7101=EDGE_CURVE('',#8750,#8738,#8773,.T.);
#7102=EDGE_CURVE('',#8768,#8738,#8774,.T.);
#7103=EDGE_CURVE('',#8748,#8740,#8775,.T.);
#7104=COLOUR_RGB('',0.925490200519562,0.925490200519562,0.925490200519562);
#7105=EDGE_CURVE('',#8776,#8777,#8778,.T.);
#7106=EDGE_CURVE('',#8779,#8776,#8780,.T.);
#7107=EDGE_CURVE('',#8781,#8779,#8782,.T.);
#7108=EDGE_CURVE('',#8777,#8781,#8783,.T.);
#7109=EDGE_CURVE('',#8777,#8784,#8785,.T.);
#7110=EDGE_CURVE('',#8786,#8784,#8787,.T.);
#7111=EDGE_CURVE('',#8776,#8786,#8788,.T.);
#7112=EDGE_CURVE('',#8789,#8786,#8790,.T.);
#7113=EDGE_CURVE('',#8779,#8789,#8791,.T.);
#7114=EDGE_CURVE('',#8792,#8789,#8793,.T.);
#7115=EDGE_CURVE('',#8781,#8792,#8794,.T.);
#7116=EDGE_CURVE('',#8784,#8792,#8795,.T.);
#7117=EDGE_CURVE('',#8792,#8796,#8797,.T.);
#7118=EDGE_CURVE('',#8796,#8798,#8799,.T.);
#7119=EDGE_CURVE('',#8798,#8800,#8801,.T.);
#7120=EDGE_CURVE('',#8802,#8800,#8803,.T.);
#7121=EDGE_CURVE('',#8804,#8802,#8805,.T.);
#7122=EDGE_CURVE('',#8806,#8804,#8807,.T.);
#7123=EDGE_CURVE('',#8784,#8806,#8808,.T.);
#7124=EDGE_CURVE('',#8809,#8806,#8810,.T.);
#7125=EDGE_CURVE('',#8786,#8809,#8811,.T.);
#7126=EDGE_CURVE('',#8809,#8812,#8813,.T.);
#7127=EDGE_CURVE('',#8812,#8814,#8815,.T.);
#7128=EDGE_CURVE('',#8816,#8814,#8817,.T.);
#7129=EDGE_CURVE('',#8818,#8816,#8819,.T.);
#7130=EDGE_CURVE('',#8820,#8818,#8821,.T.);
#7131=EDGE_CURVE('',#8789,#8820,#8822,.T.);
#7132=EDGE_CURVE('',#8796,#8820,#8823,.T.);
#7133=EDGE_CURVE('',#8798,#8818,#8824,.T.);
#7134=EDGE_CURVE('',#8800,#8816,#8825,.T.);
#7135=EDGE_CURVE('',#8826,#8827,#8828,.T.);
#7136=EDGE_CURVE('',#8826,#8800,#8829,.T.);
#7137=EDGE_CURVE('',#8827,#8816,#8830,.T.);
#7138=EDGE_CURVE('',#8831,#8832,#8833,.T.);
#7139=EDGE_CURVE('',#8832,#8826,#8834,.T.);
#7140=EDGE_CURVE('',#8827,#8831,#8835,.T.);
#7141=EDGE_CURVE('',#8831,#8814,#8836,.T.);
#7142=EDGE_CURVE('',#8814,#8802,#8837,.T.);
#7143=EDGE_CURVE('',#8832,#8802,#8838,.T.);
#7144=EDGE_CURVE('',#8812,#8804,#8839,.T.);
#7145=COLOUR_RGB('',0.925490200519562,0.925490200519562,0.925490200519562);
#7146=EDGE_CURVE('',#8840,#8841,#8842,.T.);
#7147=EDGE_CURVE('',#8843,#8840,#8844,.T.);
#7148=EDGE_CURVE('',#8845,#8843,#8846,.T.);
#7149=EDGE_CURVE('',#8841,#8845,#8847,.T.);
#7150=EDGE_CURVE('',#8841,#8848,#8849,.T.);
#7151=EDGE_CURVE('',#8850,#8848,#8851,.T.);
#7152=EDGE_CURVE('',#8840,#8850,#8852,.T.);
#7153=EDGE_CURVE('',#8853,#8850,#8854,.T.);
#7154=EDGE_CURVE('',#8843,#8853,#8855,.T.);
#7155=EDGE_CURVE('',#8856,#8853,#8857,.T.);
#7156=EDGE_CURVE('',#8845,#8856,#8858,.T.);
#7157=EDGE_CURVE('',#8848,#8856,#8859,.T.);
#7158=EDGE_CURVE('',#8856,#8860,#8861,.T.);
#7159=EDGE_CURVE('',#8860,#8862,#8863,.T.);
#7160=EDGE_CURVE('',#8862,#8864,#8865,.T.);
#7161=EDGE_CURVE('',#8866,#8864,#8867,.T.);
#7162=EDGE_CURVE('',#8868,#8866,#8869,.T.);
#7163=EDGE_CURVE('',#8870,#8868,#8871,.T.);
#7164=EDGE_CURVE('',#8848,#8870,#8872,.T.);
#7165=EDGE_CURVE('',#8873,#8870,#8874,.T.);
#7166=EDGE_CURVE('',#8850,#8873,#8875,.T.);
#7167=EDGE_CURVE('',#8873,#8876,#8877,.T.);
#7168=EDGE_CURVE('',#8876,#8878,#8879,.T.);
#7169=EDGE_CURVE('',#8880,#8878,#8881,.T.);
#7170=EDGE_CURVE('',#8882,#8880,#8883,.T.);
#7171=EDGE_CURVE('',#8884,#8882,#8885,.T.);
#7172=EDGE_CURVE('',#8853,#8884,#8886,.T.);
#7173=EDGE_CURVE('',#8860,#8884,#8887,.T.);
#7174=EDGE_CURVE('',#8862,#8882,#8888,.T.);
#7175=EDGE_CURVE('',#8864,#8880,#8889,.T.);
#7176=EDGE_CURVE('',#8890,#8891,#8892,.T.);
#7177=EDGE_CURVE('',#8890,#8864,#8893,.T.);
#7178=EDGE_CURVE('',#8891,#8880,#8894,.T.);
#7179=EDGE_CURVE('',#8895,#8896,#8897,.T.);
#7180=EDGE_CURVE('',#8896,#8890,#8898,.T.);
#7181=EDGE_CURVE('',#8891,#8895,#8899,.T.);
#7182=EDGE_CURVE('',#8895,#8878,#8900,.T.);
#7183=EDGE_CURVE('',#8878,#8866,#8901,.T.);
#7184=EDGE_CURVE('',#8896,#8866,#8902,.T.);
#7185=EDGE_CURVE('',#8876,#8868,#8903,.T.);
#7186=COLOUR_RGB('',0.925490200519562,0.925490200519562,0.925490200519562);
#7187=EDGE_CURVE('',#8904,#8905,#8906,.T.);
#7188=EDGE_CURVE('',#8907,#8904,#8908,.T.);
#7189=EDGE_CURVE('',#8909,#8907,#8910,.T.);
#7190=EDGE_CURVE('',#8905,#8909,#8911,.T.);
#7191=EDGE_CURVE('',#8905,#8912,#8913,.T.);
#7192=EDGE_CURVE('',#8914,#8912,#8915,.T.);
#7193=EDGE_CURVE('',#8904,#8914,#8916,.T.);
#7194=EDGE_CURVE('',#8917,#8914,#8918,.T.);
#7195=EDGE_CURVE('',#8907,#8917,#8919,.T.);
#7196=EDGE_CURVE('',#8920,#8917,#8921,.T.);
#7197=EDGE_CURVE('',#8909,#8920,#8922,.T.);
#7198=EDGE_CURVE('',#8912,#8920,#8923,.T.);
#7199=EDGE_CURVE('',#8920,#8924,#8925,.T.);
#7200=EDGE_CURVE('',#8924,#8926,#8927,.T.);
#7201=EDGE_CURVE('',#8926,#8928,#8929,.T.);
#7202=EDGE_CURVE('',#8930,#8928,#8931,.T.);
#7203=EDGE_CURVE('',#8932,#8930,#8933,.T.);
#7204=EDGE_CURVE('',#8934,#8932,#8935,.T.);
#7205=EDGE_CURVE('',#8912,#8934,#8936,.T.);
#7206=EDGE_CURVE('',#8937,#8934,#8938,.T.);
#7207=EDGE_CURVE('',#8914,#8937,#8939,.T.);
#7208=EDGE_CURVE('',#8937,#8940,#8941,.T.);
#7209=EDGE_CURVE('',#8940,#8942,#8943,.T.);
#7210=EDGE_CURVE('',#8944,#8942,#8945,.T.);
#7211=EDGE_CURVE('',#8946,#8944,#8947,.T.);
#7212=EDGE_CURVE('',#8948,#8946,#8949,.T.);
#7213=EDGE_CURVE('',#8917,#8948,#8950,.T.);
#7214=EDGE_CURVE('',#8924,#8948,#8951,.T.);
#7215=EDGE_CURVE('',#8926,#8946,#8952,.T.);
#7216=EDGE_CURVE('',#8928,#8944,#8953,.T.);
#7217=EDGE_CURVE('',#8954,#8955,#8956,.T.);
#7218=EDGE_CURVE('',#8954,#8928,#8957,.T.);
#7219=EDGE_CURVE('',#8955,#8944,#8958,.T.);
#7220=EDGE_CURVE('',#8959,#8960,#8961,.T.);
#7221=EDGE_CURVE('',#8960,#8954,#8962,.T.);
#7222=EDGE_CURVE('',#8955,#8959,#8963,.T.);
#7223=EDGE_CURVE('',#8959,#8942,#8964,.T.);
#7224=EDGE_CURVE('',#8942,#8930,#8965,.T.);
#7225=EDGE_CURVE('',#8960,#8930,#8966,.T.);
#7226=EDGE_CURVE('',#8940,#8932,#8967,.T.);
#7227=COLOUR_RGB('',0.925490200519562,0.925490200519562,0.925490200519562);
#7228=EDGE_CURVE('',#8968,#8969,#8970,.T.);
#7229=EDGE_CURVE('',#8971,#8968,#8972,.T.);
#7230=EDGE_CURVE('',#8973,#8971,#8974,.T.);
#7231=EDGE_CURVE('',#8969,#8973,#8975,.T.);
#7232=EDGE_CURVE('',#8969,#8976,#8977,.T.);
#7233=EDGE_CURVE('',#8978,#8976,#8979,.T.);
#7234=EDGE_CURVE('',#8968,#8978,#8980,.T.);
#7235=EDGE_CURVE('',#8981,#8978,#8982,.T.);
#7236=EDGE_CURVE('',#8971,#8981,#8983,.T.);
#7237=EDGE_CURVE('',#8984,#8981,#8985,.T.);
#7238=EDGE_CURVE('',#8973,#8984,#8986,.T.);
#7239=EDGE_CURVE('',#8976,#8984,#8987,.T.);
#7240=EDGE_CURVE('',#8984,#8988,#8989,.T.);
#7241=EDGE_CURVE('',#8988,#8990,#8991,.T.);
#7242=EDGE_CURVE('',#8990,#8992,#8993,.T.);
#7243=EDGE_CURVE('',#8994,#8992,#8995,.T.);
#7244=EDGE_CURVE('',#8996,#8994,#8997,.T.);
#7245=EDGE_CURVE('',#8998,#8996,#8999,.T.);
#7246=EDGE_CURVE('',#8976,#8998,#9000,.T.);
#7247=EDGE_CURVE('',#9001,#8998,#9002,.T.);
#7248=EDGE_CURVE('',#8978,#9001,#9003,.T.);
#7249=EDGE_CURVE('',#9001,#9004,#9005,.T.);
#7250=EDGE_CURVE('',#9004,#9006,#9007,.T.);
#7251=EDGE_CURVE('',#9008,#9006,#9009,.T.);
#7252=EDGE_CURVE('',#9010,#9008,#9011,.T.);
#7253=EDGE_CURVE('',#9012,#9010,#9013,.T.);
#7254=EDGE_CURVE('',#8981,#9012,#9014,.T.);
#7255=EDGE_CURVE('',#8988,#9012,#9015,.T.);
#7256=EDGE_CURVE('',#8990,#9010,#9016,.T.);
#7257=EDGE_CURVE('',#8992,#9008,#9017,.T.);
#7258=EDGE_CURVE('',#9018,#9019,#9020,.T.);
#7259=EDGE_CURVE('',#9018,#8992,#9021,.T.);
#7260=EDGE_CURVE('',#9019,#9008,#9022,.T.);
#7261=EDGE_CURVE('',#9023,#9024,#9025,.T.);
#7262=EDGE_CURVE('',#9024,#9018,#9026,.T.);
#7263=EDGE_CURVE('',#9019,#9023,#9027,.T.);
#7264=EDGE_CURVE('',#9023,#9006,#9028,.T.);
#7265=EDGE_CURVE('',#9006,#8994,#9029,.T.);
#7266=EDGE_CURVE('',#9024,#8994,#9030,.T.);
#7267=EDGE_CURVE('',#9004,#8996,#9031,.T.);
#7268=COLOUR_RGB('',0.925490200519562,0.925490200519562,0.925490200519562);
#7269=EDGE_CURVE('',#9032,#9033,#9034,.T.);
#7270=EDGE_CURVE('',#9035,#9032,#9036,.T.);
#7271=EDGE_CURVE('',#9037,#9035,#9038,.T.);
#7272=EDGE_CURVE('',#9033,#9037,#9039,.T.);
#7273=EDGE_CURVE('',#9033,#9040,#9041,.T.);
#7274=EDGE_CURVE('',#9042,#9040,#9043,.T.);
#7275=EDGE_CURVE('',#9032,#9042,#9044,.T.);
#7276=EDGE_CURVE('',#9045,#9042,#9046,.T.);
#7277=EDGE_CURVE('',#9035,#9045,#9047,.T.);
#7278=EDGE_CURVE('',#9048,#9045,#9049,.T.);
#7279=EDGE_CURVE('',#9037,#9048,#9050,.T.);
#7280=EDGE_CURVE('',#9040,#9048,#9051,.T.);
#7281=EDGE_CURVE('',#9048,#9052,#9053,.T.);
#7282=EDGE_CURVE('',#9052,#9054,#9055,.T.);
#7283=EDGE_CURVE('',#9054,#9056,#9057,.T.);
#7284=EDGE_CURVE('',#9058,#9056,#9059,.T.);
#7285=EDGE_CURVE('',#9060,#9058,#9061,.T.);
#7286=EDGE_CURVE('',#9062,#9060,#9063,.T.);
#7287=EDGE_CURVE('',#9040,#9062,#9064,.T.);
#7288=EDGE_CURVE('',#9065,#9062,#9066,.T.);
#7289=EDGE_CURVE('',#9042,#9065,#9067,.T.);
#7290=EDGE_CURVE('',#9065,#9068,#9069,.T.);
#7291=EDGE_CURVE('',#9068,#9070,#9071,.T.);
#7292=EDGE_CURVE('',#9072,#9070,#9073,.T.);
#7293=EDGE_CURVE('',#9074,#9072,#9075,.T.);
#7294=EDGE_CURVE('',#9076,#9074,#9077,.T.);
#7295=EDGE_CURVE('',#9045,#9076,#9078,.T.);
#7296=EDGE_CURVE('',#9052,#9076,#9079,.T.);
#7297=EDGE_CURVE('',#9054,#9074,#9080,.T.);
#7298=EDGE_CURVE('',#9056,#9072,#9081,.T.);
#7299=EDGE_CURVE('',#9082,#9083,#9084,.T.);
#7300=EDGE_CURVE('',#9082,#9056,#9085,.T.);
#7301=EDGE_CURVE('',#9083,#9072,#9086,.T.);
#7302=EDGE_CURVE('',#9087,#9088,#9089,.T.);
#7303=EDGE_CURVE('',#9088,#9082,#9090,.T.);
#7304=EDGE_CURVE('',#9083,#9087,#9091,.T.);
#7305=EDGE_CURVE('',#9087,#9070,#9092,.T.);
#7306=EDGE_CURVE('',#9070,#9058,#9093,.T.);
#7307=EDGE_CURVE('',#9088,#9058,#9094,.T.);
#7308=EDGE_CURVE('',#9068,#9060,#9095,.T.);
#7309=COLOUR_RGB('',0.925490200519562,0.925490200519562,0.925490200519562);
#7310=EDGE_CURVE('',#9096,#9097,#9098,.T.);
#7311=EDGE_CURVE('',#9099,#9096,#9100,.T.);
#7312=EDGE_CURVE('',#9101,#9099,#9102,.T.);
#7313=EDGE_CURVE('',#9097,#9101,#9103,.T.);
#7314=EDGE_CURVE('',#9097,#9104,#9105,.T.);
#7315=EDGE_CURVE('',#9106,#9104,#9107,.T.);
#7316=EDGE_CURVE('',#9096,#9106,#9108,.T.);
#7317=EDGE_CURVE('',#9109,#9106,#9110,.T.);
#7318=EDGE_CURVE('',#9099,#9109,#9111,.T.);
#7319=EDGE_CURVE('',#9112,#9109,#9113,.T.);
#7320=EDGE_CURVE('',#9101,#9112,#9114,.T.);
#7321=EDGE_CURVE('',#9104,#9112,#9115,.T.);
#7322=EDGE_CURVE('',#9112,#9116,#9117,.T.);
#7323=EDGE_CURVE('',#9116,#9118,#9119,.T.);
#7324=EDGE_CURVE('',#9118,#9120,#9121,.T.);
#7325=EDGE_CURVE('',#9122,#9120,#9123,.T.);
#7326=EDGE_CURVE('',#9124,#9122,#9125,.T.);
#7327=EDGE_CURVE('',#9126,#9124,#9127,.T.);
#7328=EDGE_CURVE('',#9104,#9126,#9128,.T.);
#7329=EDGE_CURVE('',#9129,#9126,#9130,.T.);
#7330=EDGE_CURVE('',#9106,#9129,#9131,.T.);
#7331=EDGE_CURVE('',#9129,#9132,#9133,.T.);
#7332=EDGE_CURVE('',#9132,#9134,#9135,.T.);
#7333=EDGE_CURVE('',#9136,#9134,#9137,.T.);
#7334=EDGE_CURVE('',#9138,#9136,#9139,.T.);
#7335=EDGE_CURVE('',#9140,#9138,#9141,.T.);
#7336=EDGE_CURVE('',#9109,#9140,#9142,.T.);
#7337=EDGE_CURVE('',#9116,#9140,#9143,.T.);
#7338=EDGE_CURVE('',#9118,#9138,#9144,.T.);
#7339=EDGE_CURVE('',#9120,#9136,#9145,.T.);
#7340=EDGE_CURVE('',#9146,#9147,#9148,.T.);
#7341=EDGE_CURVE('',#9146,#9120,#9149,.T.);
#7342=EDGE_CURVE('',#9147,#9136,#9150,.T.);
#7343=EDGE_CURVE('',#9151,#9152,#9153,.T.);
#7344=EDGE_CURVE('',#9152,#9146,#9154,.T.);
#7345=EDGE_CURVE('',#9147,#9151,#9155,.T.);
#7346=EDGE_CURVE('',#9151,#9134,#9156,.T.);
#7347=EDGE_CURVE('',#9134,#9122,#9157,.T.);
#7348=EDGE_CURVE('',#9152,#9122,#9158,.T.);
#7349=EDGE_CURVE('',#9132,#9124,#9159,.T.);
#7350=COLOUR_RGB('',0.925490200519562,0.925490200519562,0.925490200519562);
#7351=EDGE_CURVE('',#9160,#9161,#9162,.T.);
#7352=EDGE_CURVE('',#9163,#9160,#9164,.T.);
#7353=EDGE_CURVE('',#9165,#9163,#9166,.T.);
#7354=EDGE_CURVE('',#9161,#9165,#9167,.T.);
#7355=EDGE_CURVE('',#9161,#9168,#9169,.T.);
#7356=EDGE_CURVE('',#9170,#9168,#9171,.T.);
#7357=EDGE_CURVE('',#9160,#9170,#9172,.T.);
#7358=EDGE_CURVE('',#9173,#9170,#9174,.T.);
#7359=EDGE_CURVE('',#9163,#9173,#9175,.T.);
#7360=EDGE_CURVE('',#9176,#9173,#9177,.T.);
#7361=EDGE_CURVE('',#9165,#9176,#9178,.T.);
#7362=EDGE_CURVE('',#9168,#9176,#9179,.T.);
#7363=EDGE_CURVE('',#9176,#9180,#9181,.T.);
#7364=EDGE_CURVE('',#9180,#9182,#9183,.T.);
#7365=EDGE_CURVE('',#9182,#9184,#9185,.T.);
#7366=EDGE_CURVE('',#9186,#9184,#9187,.T.);
#7367=EDGE_CURVE('',#9188,#9186,#9189,.T.);
#7368=EDGE_CURVE('',#9190,#9188,#9191,.T.);
#7369=EDGE_CURVE('',#9168,#9190,#9192,.T.);
#7370=EDGE_CURVE('',#9193,#9190,#9194,.T.);
#7371=EDGE_CURVE('',#9170,#9193,#9195,.T.);
#7372=EDGE_CURVE('',#9193,#9196,#9197,.T.);
#7373=EDGE_CURVE('',#9196,#9198,#9199,.T.);
#7374=EDGE_CURVE('',#9200,#9198,#9201,.T.);
#7375=EDGE_CURVE('',#9202,#9200,#9203,.T.);
#7376=EDGE_CURVE('',#9204,#9202,#9205,.T.);
#7377=EDGE_CURVE('',#9173,#9204,#9206,.T.);
#7378=EDGE_CURVE('',#9180,#9204,#9207,.T.);
#7379=EDGE_CURVE('',#9182,#9202,#9208,.T.);
#7380=EDGE_CURVE('',#9184,#9200,#9209,.T.);
#7381=EDGE_CURVE('',#9210,#9211,#9212,.T.);
#7382=EDGE_CURVE('',#9210,#9184,#9213,.T.);
#7383=EDGE_CURVE('',#9211,#9200,#9214,.T.);
#7384=EDGE_CURVE('',#9215,#9216,#9217,.T.);
#7385=EDGE_CURVE('',#9216,#9210,#9218,.T.);
#7386=EDGE_CURVE('',#9211,#9215,#9219,.T.);
#7387=EDGE_CURVE('',#9215,#9198,#9220,.T.);
#7388=EDGE_CURVE('',#9198,#9186,#9221,.T.);
#7389=EDGE_CURVE('',#9216,#9186,#9222,.T.);
#7390=EDGE_CURVE('',#9196,#9188,#9223,.T.);
#7391=COLOUR_RGB('',0.925490200519562,0.925490200519562,0.925490200519562);
#7392=EDGE_CURVE('',#9224,#9225,#9226,.T.);
#7393=EDGE_CURVE('',#9227,#9224,#9228,.T.);
#7394=EDGE_CURVE('',#9229,#9227,#9230,.T.);
#7395=EDGE_CURVE('',#9225,#9229,#9231,.T.);
#7396=EDGE_CURVE('',#9225,#9232,#9233,.T.);
#7397=EDGE_CURVE('',#9234,#9232,#9235,.T.);
#7398=EDGE_CURVE('',#9224,#9234,#9236,.T.);
#7399=EDGE_CURVE('',#9237,#9234,#9238,.T.);
#7400=EDGE_CURVE('',#9227,#9237,#9239,.T.);
#7401=EDGE_CURVE('',#9240,#9237,#9241,.T.);
#7402=EDGE_CURVE('',#9229,#9240,#9242,.T.);
#7403=EDGE_CURVE('',#9232,#9240,#9243,.T.);
#7404=EDGE_CURVE('',#9240,#9244,#9245,.T.);
#7405=EDGE_CURVE('',#9244,#9246,#9247,.T.);
#7406=EDGE_CURVE('',#9246,#9248,#9249,.T.);
#7407=EDGE_CURVE('',#9250,#9248,#9251,.T.);
#7408=EDGE_CURVE('',#9252,#9250,#9253,.T.);
#7409=EDGE_CURVE('',#9254,#9252,#9255,.T.);
#7410=EDGE_CURVE('',#9232,#9254,#9256,.T.);
#7411=EDGE_CURVE('',#9257,#9254,#9258,.T.);
#7412=EDGE_CURVE('',#9234,#9257,#9259,.T.);
#7413=EDGE_CURVE('',#9257,#9260,#9261,.T.);
#7414=EDGE_CURVE('',#9260,#9262,#9263,.T.);
#7415=EDGE_CURVE('',#9264,#9262,#9265,.T.);
#7416=EDGE_CURVE('',#9266,#9264,#9267,.T.);
#7417=EDGE_CURVE('',#9268,#9266,#9269,.T.);
#7418=EDGE_CURVE('',#9237,#9268,#9270,.T.);
#7419=EDGE_CURVE('',#9244,#9268,#9271,.T.);
#7420=EDGE_CURVE('',#9246,#9266,#9272,.T.);
#7421=EDGE_CURVE('',#9248,#9264,#9273,.T.);
#7422=EDGE_CURVE('',#9274,#9275,#9276,.T.);
#7423=EDGE_CURVE('',#9274,#9248,#9277,.T.);
#7424=EDGE_CURVE('',#9275,#9264,#9278,.T.);
#7425=EDGE_CURVE('',#9279,#9280,#9281,.T.);
#7426=EDGE_CURVE('',#9280,#9274,#9282,.T.);
#7427=EDGE_CURVE('',#9275,#9279,#9283,.T.);
#7428=EDGE_CURVE('',#9279,#9262,#9284,.T.);
#7429=EDGE_CURVE('',#9262,#9250,#9285,.T.);
#7430=EDGE_CURVE('',#9280,#9250,#9286,.T.);
#7431=EDGE_CURVE('',#9260,#9252,#9287,.T.);
#7432=VERTEX_POINT('',#9288);
#7433=VERTEX_POINT('',#9289);
#7434=LINE('',#9290,#9291);
#7435=VERTEX_POINT('',#9292);
#7436=LINE('',#9293,#9294);
#7437=VERTEX_POINT('',#9295);
#7438=LINE('',#9296,#9297);
#7439=VERTEX_POINT('',#9298);
#7440=LINE('',#9299,#9300);
#7441=VERTEX_POINT('',#9301);
#7442=LINE('',#9302,#9303);
#7443=VERTEX_POINT('',#9304);
#7444=LINE('',#9305,#9306);
#7445=VERTEX_POINT('',#9307);
#7446=LINE('',#9308,#9309);
#7447=LINE('',#9310,#9311);
#7448=VERTEX_POINT('',#9312);
#7449=VERTEX_POINT('',#9313);
#7450=LINE('',#9314,#9315);
#7451=VERTEX_POINT('',#9316);
#7452=LINE('',#9317,#9318);
#7453=VERTEX_POINT('',#9319);
#7454=LINE('',#9320,#9321);
#7455=LINE('',#9322,#9323);
#7456=VERTEX_POINT('',#9324);
#7457=VERTEX_POINT('',#9325);
#7458=LINE('',#9326,#9327);
#7459=LINE('',#9328,#9329);
#7460=LINE('',#9330,#9331);
#7461=VERTEX_POINT('',#9332);
#7462=VERTEX_POINT('',#9333);
#7463=LINE('',#9334,#9335);
#7464=LINE('',#9336,#9337);
#7465=LINE('',#9338,#9339);
#7466=VERTEX_POINT('',#9340);
#7467=VERTEX_POINT('',#9341);
#7468=LINE('',#9342,#9343);
#7469=VERTEX_POINT('',#9344);
#7470=LINE('',#9345,#9346);
#7471=VERTEX_POINT('',#9347);
#7472=LINE('',#9348,#9349);
#7473=LINE('',#9350,#9351);
#7474=VERTEX_POINT('',#9352);
#7475=LINE('',#9353,#9354);
#7476=VERTEX_POINT('',#9355);
#7477=LINE('',#9356,#9357);
#7478=LINE('',#9358,#9359);
#7479=VERTEX_POINT('',#9360);
#7480=VERTEX_POINT('',#9361);
#7481=LINE('',#9362,#9363);
#7482=VERTEX_POINT('',#9364);
#7483=LINE('',#9365,#9366);
#7484=VERTEX_POINT('',#9367);
#7485=LINE('',#9368,#9369);
#7486=LINE('',#9370,#9371);
#7487=VERTEX_POINT('',#9372);
#7488=VERTEX_POINT('',#9373);
#7489=LINE('',#9374,#9375);
#7490=LINE('',#9376,#9377);
#7491=LINE('',#9378,#9379);
#7492=VERTEX_POINT('',#9380);
#7493=VERTEX_POINT('',#9381);
#7494=LINE('',#9382,#9383);
#7495=LINE('',#9384,#9385);
#7496=LINE('',#9386,#9387);
#7497=VERTEX_POINT('',#9388);
#7498=VERTEX_POINT('',#9389);
#7499=LINE('',#9390,#9391);
#7500=VERTEX_POINT('',#9392);
#7501=LINE('',#9393,#9394);
#7502=VERTEX_POINT('',#9395);
#7503=LINE('',#9396,#9397);
#7504=LINE('',#9398,#9399);
#7505=VERTEX_POINT('',#9400);
#7506=LINE('',#9401,#9402);
#7507=VERTEX_POINT('',#9403);
#7508=LINE('',#9404,#9405);
#7509=LINE('',#9406,#9407);
#7510=VERTEX_POINT('',#9408);
#7511=VERTEX_POINT('',#9409);
#7512=LINE('',#9410,#9411);
#7513=VERTEX_POINT('',#9412);
#7514=LINE('',#9413,#9414);
#7515=VERTEX_POINT('',#9415);
#7516=LINE('',#9416,#9417);
#7517=LINE('',#9418,#9419);
#7518=VERTEX_POINT('',#9420);
#7519=VERTEX_POINT('',#9421);
#7520=LINE('',#9422,#9423);
#7521=LINE('',#9424,#9425);
#7522=LINE('',#9426,#9427);
#7523=VERTEX_POINT('',#9428);
#7524=VERTEX_POINT('',#9429);
#7525=LINE('',#9430,#9431);
#7526=LINE('',#9432,#9433);
#7527=LINE('',#9434,#9435);
#7528=VERTEX_POINT('',#9436);
#7529=VERTEX_POINT('',#9437);
#7530=LINE('',#9438,#9439);
#7531=VERTEX_POINT('',#9440);
#7532=LINE('',#9441,#9442);
#7533=VERTEX_POINT('',#9443);
#7534=LINE('',#9444,#9445);
#7535=LINE('',#9446,#9447);
#7536=VERTEX_POINT('',#9448);
#7537=LINE('',#9449,#9450);
#7538=VERTEX_POINT('',#9451);
#7539=LINE('',#9452,#9453);
#7540=LINE('',#9454,#9455);
#7541=VERTEX_POINT('',#9456);
#7542=VERTEX_POINT('',#9457);
#7543=LINE('',#9458,#9459);
#7544=VERTEX_POINT('',#9460);
#7545=LINE('',#9461,#9462);
#7546=VERTEX_POINT('',#9463);
#7547=LINE('',#9464,#9465);
#7548=LINE('',#9466,#9467);
#7549=VERTEX_POINT('',#9468);
#7550=VERTEX_POINT('',#9469);
#7551=LINE('',#9470,#9471);
#7552=LINE('',#9472,#9473);
#7553=LINE('',#9474,#9475);
#7554=VERTEX_POINT('',#9476);
#7555=VERTEX_POINT('',#9477);
#7556=LINE('',#9478,#9479);
#7557=LINE('',#9480,#9481);
#7558=LINE('',#9482,#9483);
#7559=VERTEX_POINT('',#9484);
#7560=VERTEX_POINT('',#9485);
#7561=LINE('',#9486,#9487);
#7562=VERTEX_POINT('',#9488);
#7563=LINE('',#9489,#9490);
#7564=VERTEX_POINT('',#9491);
#7565=LINE('',#9492,#9493);
#7566=LINE('',#9494,#9495);
#7567=VERTEX_POINT('',#9496);
#7568=LINE('',#9497,#9498);
#7569=VERTEX_POINT('',#9499);
#7570=LINE('',#9500,#9501);
#7571=LINE('',#9502,#9503);
#7572=VERTEX_POINT('',#9504);
#7573=VERTEX_POINT('',#9505);
#7574=LINE('',#9506,#9507);
#7575=VERTEX_POINT('',#9508);
#7576=LINE('',#9509,#9510);
#7577=VERTEX_POINT('',#9511);
#7578=LINE('',#9512,#9513);
#7579=LINE('',#9514,#9515);
#7580=VERTEX_POINT('',#9516);
#7581=VERTEX_POINT('',#9517);
#7582=LINE('',#9518,#9519);
#7583=LINE('',#9520,#9521);
#7584=LINE('',#9522,#9523);
#7585=VERTEX_POINT('',#9524);
#7586=VERTEX_POINT('',#9525);
#7587=LINE('',#9526,#9527);
#7588=LINE('',#9528,#9529);
#7589=LINE('',#9530,#9531);
#7590=VERTEX_POINT('',#9532);
#7591=VERTEX_POINT('',#9533);
#7592=LINE('',#9534,#9535);
#7593=VERTEX_POINT('',#9536);
#7594=LINE('',#9537,#9538);
#7595=VERTEX_POINT('',#9539);
#7596=LINE('',#9540,#9541);
#7597=LINE('',#9542,#9543);
#7598=VERTEX_POINT('',#9544);
#7599=LINE('',#9545,#9546);
#7600=VERTEX_POINT('',#9547);
#7601=LINE('',#9548,#9549);
#7602=LINE('',#9550,#9551);
#7603=VERTEX_POINT('',#9552);
#7604=VERTEX_POINT('',#9553);
#7605=LINE('',#9554,#9555);
#7606=VERTEX_POINT('',#9556);
#7607=LINE('',#9557,#9558);
#7608=VERTEX_POINT('',#9559);
#7609=LINE('',#9560,#9561);
#7610=LINE('',#9562,#9563);
#7611=VERTEX_POINT('',#9564);
#7612=VERTEX_POINT('',#9565);
#7613=LINE('',#9566,#9567);
#7614=LINE('',#9568,#9569);
#7615=LINE('',#9570,#9571);
#7616=VERTEX_POINT('',#9572);
#7617=VERTEX_POINT('',#9573);
#7618=LINE('',#9574,#9575);
#7619=LINE('',#9576,#9577);
#7620=LINE('',#9578,#9579);
#7621=VERTEX_POINT('',#9580);
#7622=VERTEX_POINT('',#9581);
#7623=LINE('',#9582,#9583);
#7624=VERTEX_POINT('',#9584);
#7625=LINE('',#9585,#9586);
#7626=VERTEX_POINT('',#9587);
#7627=LINE('',#9588,#9589);
#7628=LINE('',#9590,#9591);
#7629=VERTEX_POINT('',#9592);
#7630=LINE('',#9593,#9594);
#7631=VERTEX_POINT('',#9595);
#7632=LINE('',#9596,#9597);
#7633=LINE('',#9598,#9599);
#7634=VERTEX_POINT('',#9600);
#7635=VERTEX_POINT('',#9601);
#7636=LINE('',#9602,#9603);
#7637=VERTEX_POINT('',#9604);
#7638=LINE('',#9605,#9606);
#7639=VERTEX_POINT('',#9607);
#7640=LINE('',#9608,#9609);
#7641=LINE('',#9610,#9611);
#7642=VERTEX_POINT('',#9612);
#7643=VERTEX_POINT('',#9613);
#7644=LINE('',#9614,#9615);
#7645=LINE('',#9616,#9617);
#7646=LINE('',#9618,#9619);
#7647=VERTEX_POINT('',#9620);
#7648=VERTEX_POINT('',#9621);
#7649=LINE('',#9622,#9623);
#7650=LINE('',#9624,#9625);
#7651=LINE('',#9626,#9627);
#7652=VERTEX_POINT('',#9628);
#7653=VERTEX_POINT('',#9629);
#7654=LINE('',#9630,#9631);
#7655=VERTEX_POINT('',#9632);
#7656=LINE('',#9633,#9634);
#7657=VERTEX_POINT('',#9635);
#7658=LINE('',#9636,#9637);
#7659=LINE('',#9638,#9639);
#7660=VERTEX_POINT('',#9640);
#7661=LINE('',#9641,#9642);
#7662=VERTEX_POINT('',#9643);
#7663=LINE('',#9644,#9645);
#7664=LINE('',#9646,#9647);
#7665=VERTEX_POINT('',#9648);
#7666=VERTEX_POINT('',#9649);
#7667=LINE('',#9650,#9651);
#7668=VERTEX_POINT('',#9652);
#7669=LINE('',#9653,#9654);
#7670=VERTEX_POINT('',#9655);
#7671=LINE('',#9656,#9657);
#7672=LINE('',#9658,#9659);
#7673=VERTEX_POINT('',#9660);
#7674=VERTEX_POINT('',#9661);
#7675=LINE('',#9662,#9663);
#7676=LINE('',#9664,#9665);
#7677=LINE('',#9666,#9667);
#7678=VERTEX_POINT('',#9668);
#7679=VERTEX_POINT('',#9669);
#7680=LINE('',#9670,#9671);
#7681=LINE('',#9672,#9673);
#7682=LINE('',#9674,#9675);
#7683=VERTEX_POINT('',#9676);
#7684=VERTEX_POINT('',#9677);
#7685=LINE('',#9678,#9679);
#7686=VERTEX_POINT('',#9680);
#7687=LINE('',#9681,#9682);
#7688=VERTEX_POINT('',#9683);
#7689=LINE('',#9684,#9685);
#7690=LINE('',#9686,#9687);
#7691=VERTEX_POINT('',#9688);
#7692=LINE('',#9689,#9690);
#7693=VERTEX_POINT('',#9691);
#7694=LINE('',#9692,#9693);
#7695=LINE('',#9694,#9695);
#7696=VERTEX_POINT('',#9696);
#7697=VERTEX_POINT('',#9697);
#7698=LINE('',#9698,#9699);
#7699=VERTEX_POINT('',#9700);
#7700=LINE('',#9701,#9702);
#7701=VERTEX_POINT('',#9703);
#7702=LINE('',#9704,#9705);
#7703=LINE('',#9706,#9707);
#7704=VERTEX_POINT('',#9708);
#7705=VERTEX_POINT('',#9709);
#7706=LINE('',#9710,#9711);
#7707=LINE('',#9712,#9713);
#7708=LINE('',#9714,#9715);
#7709=VERTEX_POINT('',#9716);
#7710=VERTEX_POINT('',#9717);
#7711=LINE('',#9718,#9719);
#7712=LINE('',#9720,#9721);
#7713=LINE('',#9722,#9723);
#7714=VERTEX_POINT('',#9724);
#7715=VERTEX_POINT('',#9725);
#7716=LINE('',#9726,#9727);
#7717=VERTEX_POINT('',#9728);
#7718=LINE('',#9729,#9730);
#7719=VERTEX_POINT('',#9731);
#7720=LINE('',#9732,#9733);
#7721=LINE('',#9734,#9735);
#7722=VERTEX_POINT('',#9736);
#7723=LINE('',#9737,#9738);
#7724=VERTEX_POINT('',#9739);
#7725=LINE('',#9740,#9741);
#7726=LINE('',#9742,#9743);
#7727=VERTEX_POINT('',#9744);
#7728=VERTEX_POINT('',#9745);
#7729=LINE('',#9746,#9747);
#7730=VERTEX_POINT('',#9748);
#7731=LINE('',#9749,#9750);
#7732=VERTEX_POINT('',#9751);
#7733=LINE('',#9752,#9753);
#7734=LINE('',#9754,#9755);
#7735=VERTEX_POINT('',#9756);
#7736=VERTEX_POINT('',#9757);
#7737=LINE('',#9758,#9759);
#7738=LINE('',#9760,#9761);
#7739=LINE('',#9762,#9763);
#7740=VERTEX_POINT('',#9764);
#7741=VERTEX_POINT('',#9765);
#7742=LINE('',#9766,#9767);
#7743=LINE('',#9768,#9769);
#7744=LINE('',#9770,#9771);
#7745=VERTEX_POINT('',#9772);
#7746=VERTEX_POINT('',#9773);
#7747=LINE('',#9774,#9775);
#7748=VERTEX_POINT('',#9776);
#7749=LINE('',#9777,#9778);
#7750=VERTEX_POINT('',#9779);
#7751=LINE('',#9780,#9781);
#7752=LINE('',#9782,#9783);
#7753=VERTEX_POINT('',#9784);
#7754=LINE('',#9785,#9786);
#7755=VERTEX_POINT('',#9787);
#7756=LINE('',#9788,#9789);
#7757=LINE('',#9790,#9791);
#7758=VERTEX_POINT('',#9792);
#7759=VERTEX_POINT('',#9793);
#7760=LINE('',#9794,#9795);
#7761=VERTEX_POINT('',#9796);
#7762=LINE('',#9797,#9798);
#7763=VERTEX_POINT('',#9799);
#7764=LINE('',#9800,#9801);
#7765=LINE('',#9802,#9803);
#7766=VERTEX_POINT('',#9804);
#7767=LINE('',#9805,#9806);
#7768=VERTEX_POINT('',#9807);
#7769=LINE('',#9808,#9809);
#7770=LINE('',#9810,#9811);
#7771=VERTEX_POINT('',#9812);
#7772=VERTEX_POINT('',#9813);
#7773=LINE('',#9814,#9815);
#7774=LINE('',#9816,#9817);
#7775=VERTEX_POINT('',#9818);
#7776=LINE('',#9819,#9820);
#7777=LINE('',#9821,#9822);
#7778=VERTEX_POINT('',#9823);
#7779=VERTEX_POINT('',#9824);
#7780=LINE('',#9825,#9826);
#7781=VERTEX_POINT('',#9827);
#7782=LINE('',#9828,#9829);
#7783=VERTEX_POINT('',#9830);
#7784=LINE('',#9831,#9832);
#7785=VERTEX_POINT('',#9833);
#7786=LINE('',#9834,#9835);
#7787=VERTEX_POINT('',#9836);
#7788=LINE('',#9837,#9838);
#7789=VERTEX_POINT('',#9839);
#7790=LINE('',#9840,#9841);
#7791=VERTEX_POINT('',#9842);
#7792=LINE('',#9843,#9844);
#7793=VERTEX_POINT('',#9845);
#7794=LINE('',#9846,#9847);
#7795=LINE('',#9848,#9849);
#7796=VERTEX_POINT('',#9850);
#7797=LINE('',#9851,#9852);
#7798=LINE('',#9853,#9854);
#7799=VERTEX_POINT('',#9855);
#7800=VERTEX_POINT('',#9856);
#7801=LINE('',#9857,#9858);
#7802=VERTEX_POINT('',#9859);
#7803=LINE('',#9860,#9861);
#7804=VERTEX_POINT('',#9862);
#7805=LINE('',#9863,#9864);
#7806=LINE('',#9865,#9866);
#7807=VERTEX_POINT('',#9867);
#7808=LINE('',#9868,#9869);
#7809=VERTEX_POINT('',#9870);
#7810=LINE('',#9871,#9872);
#7811=LINE('',#9873,#9874);
#7812=VERTEX_POINT('',#9875);
#7813=LINE('',#9876,#9877);
#7814=LINE('',#9878,#9879);
#7815=VERTEX_POINT('',#9880);
#7816=LINE('',#9881,#9882);
#7817=LINE('',#9883,#9884);
#7818=LINE('',#9885,#9886);
#7819=LINE('',#9887,#9888);
#7820=LINE('',#9889,#9890);
#7821=VERTEX_POINT('',#9891);
#7822=VERTEX_POINT('',#9892);
#7823=LINE('',#9893,#9894);
#7824=VERTEX_POINT('',#9895);
#7825=LINE('',#9896,#9897);
#7826=VERTEX_POINT('',#9898);
#7827=LINE('',#9899,#9900);
#7828=LINE('',#9901,#9902);
#7829=LINE('',#9903,#9904);
#7830=LINE('',#9905,#9906);
#7831=LINE('',#9907,#9908);
#7832=LINE('',#9909,#9910);
#7833=LINE('',#9911,#9912);
#7834=VERTEX_POINT('',#9913);
#7835=LINE('',#9914,#9915);
#7836=LINE('',#9916,#9917);
#7837=VERTEX_POINT('',#9918);
#7838=LINE('',#9919,#9920);
#7839=VERTEX_POINT('',#9921);
#7840=LINE('',#9922,#9923);
#7841=LINE('',#9924,#9925);
#7842=VERTEX_POINT('',#9926);
#7843=VERTEX_POINT('',#9927);
#7844=LINE('',#9928,#9929);
#7845=LINE('',#9930,#9931);
#7846=VERTEX_POINT('',#9932);
#7847=LINE('',#9933,#9934);
#7848=LINE('',#9935,#9936);
#7849=VERTEX_POINT('',#9937);
#7850=LINE('',#9938,#9939);
#7851=VERTEX_POINT('',#9940);
#7852=LINE('',#9941,#9942);
#7853=LINE('',#9943,#9944);
#7854=VERTEX_POINT('',#9945);
#7855=VERTEX_POINT('',#9946);
#7856=LINE('',#9947,#9948);
#7857=VERTEX_POINT('',#9949);
#7858=LINE('',#9950,#9951);
#7859=VERTEX_POINT('',#9952);
#7860=LINE('',#9953,#9954);
#7861=VERTEX_POINT('',#9955);
#7862=LINE('',#9956,#9957);
#7863=VERTEX_POINT('',#9958);
#7864=LINE('',#9959,#9960);
#7865=LINE('',#9961,#9962);
#7866=VERTEX_POINT('',#9963);
#7867=LINE('',#9964,#9965);
#7868=LINE('',#9966,#9967);
#7869=VERTEX_POINT('',#9968);
#7870=LINE('',#9969,#9970);
#7871=LINE('',#9971,#9972);
#7872=VERTEX_POINT('',#9973);
#7873=VERTEX_POINT('',#9974);
#7874=LINE('',#9975,#9976);
#7875=VERTEX_POINT('',#9977);
#7876=LINE('',#9978,#9979);
#7877=VERTEX_POINT('',#9980);
#7878=LINE('',#9981,#9982);
#7879=LINE('',#9983,#9984);
#7880=VERTEX_POINT('',#9985);
#7881=LINE('',#9986,#9987);
#7882=VERTEX_POINT('',#9988);
#7883=LINE('',#9989,#9990);
#7884=LINE('',#9991,#9992);
#7885=VERTEX_POINT('',#9993);
#7886=LINE('',#9994,#9995);
#7887=LINE('',#9996,#9997);
#7888=VERTEX_POINT('',#9998);
#7889=LINE('',#9999,#10000);
#7890=LINE('',#10001,#10002);
#7891=LINE('',#10003,#10004);
#7892=LINE('',#10005,#10006);
#7893=LINE('',#10007,#10008);
#7894=VERTEX_POINT('',#10009);
#7895=LINE('',#10010,#10011);
#7896=LINE('',#10012,#10013);
#7897=LINE('',#10014,#10015);
#7898=VERTEX_POINT('',#10016);
#7899=LINE('',#10017,#10018);
#7900=LINE('',#10019,#10020);
#7901=VERTEX_POINT('',#10021);
#7902=LINE('',#10022,#10023);
#7903=LINE('',#10024,#10025);
#7904=VERTEX_POINT('',#10026);
#7905=LINE('',#10027,#10028);
#7906=VERTEX_POINT('',#10029);
#7907=LINE('',#10030,#10031);
#7908=LINE('',#10032,#10033);
#7909=LINE('',#10034,#10035);
#7910=VERTEX_POINT('',#10036);
#7911=LINE('',#10037,#10038);
#7912=LINE('',#10039,#10040);
#7913=VERTEX_POINT('',#10041);
#7914=VERTEX_POINT('',#10042);
#7915=LINE('',#10043,#10044);
#7916=LINE('',#10045,#10046);
#7917=VERTEX_POINT('',#10047);
#7918=LINE('',#10048,#10049);
#7919=LINE('',#10050,#10051);
#7920=VERTEX_POINT('',#10052);
#7921=LINE('',#10053,#10054);
#7922=VERTEX_POINT('',#10055);
#7923=LINE('',#10056,#10057);
#7924=LINE('',#10058,#10059);
#7925=VERTEX_POINT('',#10060);
#7926=VERTEX_POINT('',#10061);
#7927=LINE('',#10062,#10063);
#7928=VERTEX_POINT('',#10064);
#7929=LINE('',#10065,#10066);
#7930=VERTEX_POINT('',#10067);
#7931=LINE('',#10068,#10069);
#7932=VERTEX_POINT('',#10070);
#7933=LINE('',#10071,#10072);
#7934=VERTEX_POINT('',#10073);
#7935=LINE('',#10074,#10075);
#7936=LINE('',#10076,#10077);
#7937=VERTEX_POINT('',#10078);
#7938=LINE('',#10079,#10080);
#7939=LINE('',#10081,#10082);
#7940=LINE('',#10083,#10084);
#7941=VERTEX_POINT('',#10085);
#7942=VERTEX_POINT('',#10086);
#7943=LINE('',#10087,#10088);
#7944=VERTEX_POINT('',#10089);
#7945=LINE('',#10090,#10091);
#7946=VERTEX_POINT('',#10092);
#7947=LINE('',#10093,#10094);
#7948=LINE('',#10095,#10096);
#7949=VERTEX_POINT('',#10097);
#7950=LINE('',#10098,#10099);
#7951=VERTEX_POINT('',#10100);
#7952=LINE('',#10101,#10102);
#7953=LINE('',#10103,#10104);
#7954=VERTEX_POINT('',#10105);
#7955=LINE('',#10106,#10107);
#7956=LINE('',#10108,#10109);
#7957=VERTEX_POINT('',#10110);
#7958=LINE('',#10111,#10112);
#7959=LINE('',#10113,#10114);
#7960=LINE('',#10115,#10116);
#7961=LINE('',#10117,#10118);
#7962=LINE('',#10119,#10120);
#7963=VERTEX_POINT('',#10121);
#7964=LINE('',#10122,#10123);
#7965=LINE('',#10124,#10125);
#7966=LINE('',#10126,#10127);
#7967=VERTEX_POINT('',#10128);
#7968=LINE('',#10129,#10130);
#7969=LINE('',#10131,#10132);
#7970=VERTEX_POINT('',#10133);
#7971=LINE('',#10134,#10135);
#7972=LINE('',#10136,#10137);
#7973=VERTEX_POINT('',#10138);
#7974=LINE('',#10139,#10140);
#7975=VERTEX_POINT('',#10141);
#7976=LINE('',#10142,#10143);
#7977=LINE('',#10144,#10145);
#7978=LINE('',#10146,#10147);
#7979=VERTEX_POINT('',#10148);
#7980=LINE('',#10149,#10150);
#7981=LINE('',#10151,#10152);
#7982=VERTEX_POINT('',#10153);
#7983=VERTEX_POINT('',#10154);
#7984=LINE('',#10155,#10156);
#7985=LINE('',#10157,#10158);
#7986=VERTEX_POINT('',#10159);
#7987=LINE('',#10160,#10161);
#7988=LINE('',#10162,#10163);
#7989=VERTEX_POINT('',#10164);
#7990=LINE('',#10165,#10166);
#7991=VERTEX_POINT('',#10167);
#7992=LINE('',#10168,#10169);
#7993=LINE('',#10170,#10171);
#7994=VERTEX_POINT('',#10172);
#7995=VERTEX_POINT('',#10173);
#7996=LINE('',#10174,#10175);
#7997=VERTEX_POINT('',#10176);
#7998=LINE('',#10177,#10178);
#7999=VERTEX_POINT('',#10179);
#8000=LINE('',#10180,#10181);
#8001=LINE('',#10182,#10183);
#8002=VERTEX_POINT('',#10184);
#8003=LINE('',#10185,#10186);
#8004=LINE('',#10187,#10188);
#8005=VERTEX_POINT('',#10189);
#8006=LINE('',#10190,#10191);
#8007=VERTEX_POINT('',#10192);
#8008=LINE('',#10193,#10194);
#8009=LINE('',#10195,#10196);
#8010=LINE('',#10197,#10198);
#8011=VERTEX_POINT('',#10199);
#8012=LINE('',#10200,#10201);
#8013=LINE('',#10202,#10203);
#8014=VERTEX_POINT('',#10204);
#8015=LINE('',#10205,#10206);
#8016=LINE('',#10207,#10208);
#8017=LINE('',#10209,#10210);
#8018=LINE('',#10211,#10212);
#8019=VERTEX_POINT('',#10213);
#8020=LINE('',#10214,#10215);
#8021=VERTEX_POINT('',#10216);
#8022=LINE('',#10217,#10218);
#8023=LINE('',#10219,#10220);
#8024=VERTEX_POINT('',#10221);
#8025=LINE('',#10222,#10223);
#8026=LINE('',#10224,#10225);
#8027=VERTEX_POINT('',#10226);
#8028=VERTEX_POINT('',#10227);
#8029=LINE('',#10228,#10229);
#8030=VERTEX_POINT('',#10230);
#8031=LINE('',#10231,#10232);
#8032=VERTEX_POINT('',#10233);
#8033=LINE('',#10234,#10235);
#8034=LINE('',#10236,#10237);
#8035=LINE('',#10238,#10239);
#8036=VERTEX_POINT('',#10240);
#8037=LINE('',#10241,#10242);
#8038=LINE('',#10243,#10244);
#8039=VERTEX_POINT('',#10245);
#8040=LINE('',#10246,#10247);
#8041=VERTEX_POINT('',#10248);
#8042=LINE('',#10249,#10250);
#8043=LINE('',#10251,#10252);
#8044=VERTEX_POINT('',#10253);
#8045=VERTEX_POINT('',#10254);
#8046=LINE('',#10255,#10256);
#8047=LINE('',#10257,#10258);
#8048=VERTEX_POINT('',#10259);
#8049=LINE('',#10260,#10261);
#8050=LINE('',#10262,#10263);
#8051=VERTEX_POINT('',#10264);
#8052=LINE('',#10265,#10266);
#8053=VERTEX_POINT('',#10267);
#8054=LINE('',#10268,#10269);
#8055=LINE('',#10270,#10271);
#8056=VERTEX_POINT('',#10272);
#8057=VERTEX_POINT('',#10273);
#8058=LINE('',#10274,#10275);
#8059=VERTEX_POINT('',#10276);
#8060=LINE('',#10277,#10278);
#8061=VERTEX_POINT('',#10279);
#8062=LINE('',#10280,#10281);
#8063=LINE('',#10282,#10283);
#8064=VERTEX_POINT('',#10284);
#8065=LINE('',#10285,#10286);
#8066=LINE('',#10287,#10288);
#8067=VERTEX_POINT('',#10289);
#8068=LINE('',#10290,#10291);
#8069=VERTEX_POINT('',#10292);
#8070=LINE('',#10293,#10294);
#8071=LINE('',#10295,#10296);
#8072=LINE('',#10297,#10298);
#8073=VERTEX_POINT('',#10299);
#8074=LINE('',#10300,#10301);
#8075=LINE('',#10302,#10303);
#8076=VERTEX_POINT('',#10304);
#8077=LINE('',#10305,#10306);
#8078=LINE('',#10307,#10308);
#8079=LINE('',#10309,#10310);
#8080=VERTEX_POINT('',#10311);
#8081=LINE('',#10312,#10313);
#8082=LINE('',#10314,#10315);
#8083=VERTEX_POINT('',#10316);
#8084=LINE('',#10317,#10318);
#8085=VERTEX_POINT('',#10319);
#8086=LINE('',#10320,#10321);
#8087=LINE('',#10322,#10323);
#8088=VERTEX_POINT('',#10324);
#8089=LINE('',#10325,#10326);
#8090=LINE('',#10327,#10328);
#8091=VERTEX_POINT('',#10329);
#8092=VERTEX_POINT('',#10330);
#8093=LINE('',#10331,#10332);
#8094=VERTEX_POINT('',#10333);
#8095=LINE('',#10334,#10335);
#8096=VERTEX_POINT('',#10336);
#8097=LINE('',#10337,#10338);
#8098=LINE('',#10339,#10340);
#8099=VERTEX_POINT('',#10341);
#8100=LINE('',#10342,#10343);
#8101=LINE('',#10344,#10345);
#8102=LINE('',#10346,#10347);
#8103=LINE('',#10348,#10349);
#8104=LINE('',#10350,#10351);
#8105=VERTEX_POINT('',#10352);
#8106=LINE('',#10353,#10354);
#8107=LINE('',#10355,#10356);
#8108=VERTEX_POINT('',#10357);
#8109=LINE('',#10358,#10359);
#8110=VERTEX_POINT('',#10360);
#8111=LINE('',#10361,#10362);
#8112=LINE('',#10363,#10364);
#8113=VERTEX_POINT('',#10365);
#8114=VERTEX_POINT('',#10366);
#8115=LINE('',#10367,#10368);
#8116=LINE('',#10369,#10370);
#8117=VERTEX_POINT('',#10371);
#8118=LINE('',#10372,#10373);
#8119=LINE('',#10374,#10375);
#8120=VERTEX_POINT('',#10376);
#8121=LINE('',#10377,#10378);
#8122=VERTEX_POINT('',#10379);
#8123=LINE('',#10380,#10381);
#8124=LINE('',#10382,#10383);
#8125=VERTEX_POINT('',#10384);
#8126=VERTEX_POINT('',#10385);
#8127=LINE('',#10386,#10387);
#8128=VERTEX_POINT('',#10388);
#8129=LINE('',#10389,#10390);
#8130=VERTEX_POINT('',#10391);
#8131=LINE('',#10392,#10393);
#8132=LINE('',#10394,#10395);
#8133=VERTEX_POINT('',#10396);
#8134=LINE('',#10397,#10398);
#8135=LINE('',#10399,#10400);
#8136=VERTEX_POINT('',#10401);
#8137=LINE('',#10402,#10403);
#8138=VERTEX_POINT('',#10404);
#8139=LINE('',#10405,#10406);
#8140=LINE('',#10407,#10408);
#8141=LINE('',#10409,#10410);
#8142=VERTEX_POINT('',#10411);
#8143=LINE('',#10412,#10413);
#8144=LINE('',#10414,#10415);
#8145=VERTEX_POINT('',#10416);
#8146=LINE('',#10417,#10418);
#8147=LINE('',#10419,#10420);
#8148=LINE('',#10421,#10422);
#8149=VERTEX_POINT('',#10423);
#8150=LINE('',#10424,#10425);
#8151=LINE('',#10426,#10427);
#8152=VERTEX_POINT('',#10428);
#8153=LINE('',#10429,#10430);
#8154=VERTEX_POINT('',#10431);
#8155=LINE('',#10432,#10433);
#8156=LINE('',#10434,#10435);
#8157=VERTEX_POINT('',#10436);
#8158=LINE('',#10437,#10438);
#8159=LINE('',#10439,#10440);
#8160=VERTEX_POINT('',#10441);
#8161=VERTEX_POINT('',#10442);
#8162=LINE('',#10443,#10444);
#8163=VERTEX_POINT('',#10445);
#8164=LINE('',#10446,#10447);
#8165=VERTEX_POINT('',#10448);
#8166=LINE('',#10449,#10450);
#8167=LINE('',#10451,#10452);
#8168=VERTEX_POINT('',#10453);
#8169=LINE('',#10454,#10455);
#8170=LINE('',#10456,#10457);
#8171=LINE('',#10458,#10459);
#8172=LINE('',#10460,#10461);
#8173=LINE('',#10462,#10463);
#8174=VERTEX_POINT('',#10464);
#8175=LINE('',#10465,#10466);
#8176=LINE('',#10467,#10468);
#8177=VERTEX_POINT('',#10469);
#8178=LINE('',#10470,#10471);
#8179=VERTEX_POINT('',#10472);
#8180=LINE('',#10473,#10474);
#8181=LINE('',#10475,#10476);
#8182=VERTEX_POINT('',#10477);
#8183=VERTEX_POINT('',#10478);
#8184=LINE('',#10479,#10480);
#8185=LINE('',#10481,#10482);
#8186=VERTEX_POINT('',#10483);
#8187=LINE('',#10484,#10485);
#8188=LINE('',#10486,#10487);
#8189=VERTEX_POINT('',#10488);
#8190=LINE('',#10489,#10490);
#8191=VERTEX_POINT('',#10491);
#8192=LINE('',#10492,#10493);
#8193=LINE('',#10494,#10495);
#8194=VERTEX_POINT('',#10496);
#8195=VERTEX_POINT('',#10497);
#8196=LINE('',#10498,#10499);
#8197=VERTEX_POINT('',#10500);
#8198=LINE('',#10501,#10502);
#8199=VERTEX_POINT('',#10503);
#8200=LINE('',#10504,#10505);
#8201=LINE('',#10506,#10507);
#8202=VERTEX_POINT('',#10508);
#8203=LINE('',#10509,#10510);
#8204=LINE('',#10511,#10512);
#8205=VERTEX_POINT('',#10513);
#8206=LINE('',#10514,#10515);
#8207=VERTEX_POINT('',#10516);
#8208=LINE('',#10517,#10518);
#8209=LINE('',#10519,#10520);
#8210=LINE('',#10521,#10522);
#8211=VERTEX_POINT('',#10523);
#8212=LINE('',#10524,#10525);
#8213=LINE('',#10526,#10527);
#8214=VERTEX_POINT('',#10528);
#8215=LINE('',#10529,#10530);
#8216=LINE('',#10531,#10532);
#8217=LINE('',#10533,#10534);
#8218=VERTEX_POINT('',#10535);
#8219=LINE('',#10536,#10537);
#8220=LINE('',#10538,#10539);
#8221=VERTEX_POINT('',#10540);
#8222=LINE('',#10541,#10542);
#8223=VERTEX_POINT('',#10543);
#8224=LINE('',#10544,#10545);
#8225=LINE('',#10546,#10547);
#8226=VERTEX_POINT('',#10548);
#8227=LINE('',#10549,#10550);
#8228=LINE('',#10551,#10552);
#8229=VERTEX_POINT('',#10553);
#8230=VERTEX_POINT('',#10554);
#8231=LINE('',#10555,#10556);
#8232=VERTEX_POINT('',#10557);
#8233=LINE('',#10558,#10559);
#8234=VERTEX_POINT('',#10560);
#8235=LINE('',#10561,#10562);
#8236=LINE('',#10563,#10564);
#8237=VERTEX_POINT('',#10565);
#8238=LINE('',#10566,#10567);
#8239=LINE('',#10568,#10569);
#8240=LINE('',#10570,#10571);
#8241=LINE('',#10572,#10573);
#8242=LINE('',#10574,#10575);
#8243=VERTEX_POINT('',#10576);
#8244=LINE('',#10577,#10578);
#8245=LINE('',#10579,#10580);
#8246=VERTEX_POINT('',#10581);
#8247=LINE('',#10582,#10583);
#8248=VERTEX_POINT('',#10584);
#8249=LINE('',#10585,#10586);
#8250=LINE('',#10587,#10588);
#8251=VERTEX_POINT('',#10589);
#8252=VERTEX_POINT('',#10590);
#8253=LINE('',#10591,#10592);
#8254=LINE('',#10593,#10594);
#8255=VERTEX_POINT('',#10595);
#8256=LINE('',#10596,#10597);
#8257=LINE('',#10598,#10599);
#8258=VERTEX_POINT('',#10600);
#8259=LINE('',#10601,#10602);
#8260=VERTEX_POINT('',#10603);
#8261=LINE('',#10604,#10605);
#8262=LINE('',#10606,#10607);
#8263=VERTEX_POINT('',#10608);
#8264=VERTEX_POINT('',#10609);
#8265=LINE('',#10610,#10611);
#8266=VERTEX_POINT('',#10612);
#8267=LINE('',#10613,#10614);
#8268=VERTEX_POINT('',#10615);
#8269=LINE('',#10616,#10617);
#8270=LINE('',#10618,#10619);
#8271=VERTEX_POINT('',#10620);
#8272=LINE('',#10621,#10622);
#8273=LINE('',#10623,#10624);
#8274=VERTEX_POINT('',#10625);
#8275=LINE('',#10626,#10627);
#8276=VERTEX_POINT('',#10628);
#8277=LINE('',#10629,#10630);
#8278=LINE('',#10631,#10632);
#8279=LINE('',#10633,#10634);
#8280=VERTEX_POINT('',#10635);
#8281=LINE('',#10636,#10637);
#8282=LINE('',#10638,#10639);
#8283=VERTEX_POINT('',#10640);
#8284=LINE('',#10641,#10642);
#8285=LINE('',#10643,#10644);
#8286=LINE('',#10645,#10646);
#8287=VERTEX_POINT('',#10647);
#8288=LINE('',#10648,#10649);
#8289=LINE('',#10650,#10651);
#8290=VERTEX_POINT('',#10652);
#8291=LINE('',#10653,#10654);
#8292=VERTEX_POINT('',#10655);
#8293=LINE('',#10656,#10657);
#8294=LINE('',#10658,#10659);
#8295=VERTEX_POINT('',#10660);
#8296=LINE('',#10661,#10662);
#8297=LINE('',#10663,#10664);
#8298=VERTEX_POINT('',#10665);
#8299=VERTEX_POINT('',#10666);
#8300=LINE('',#10667,#10668);
#8301=VERTEX_POINT('',#10669);
#8302=LINE('',#10670,#10671);
#8303=VERTEX_POINT('',#10672);
#8304=LINE('',#10673,#10674);
#8305=LINE('',#10675,#10676);
#8306=VERTEX_POINT('',#10677);
#8307=LINE('',#10678,#10679);
#8308=LINE('',#10680,#10681);
#8309=LINE('',#10682,#10683);
#8310=LINE('',#10684,#10685);
#8311=LINE('',#10686,#10687);
#8312=VERTEX_POINT('',#10688);
#8313=LINE('',#10689,#10690);
#8314=LINE('',#10691,#10692);
#8315=VERTEX_POINT('',#10693);
#8316=LINE('',#10694,#10695);
#8317=VERTEX_POINT('',#10696);
#8318=LINE('',#10697,#10698);
#8319=LINE('',#10699,#10700);
#8320=VERTEX_POINT('',#10701);
#8321=VERTEX_POINT('',#10702);
#8322=LINE('',#10703,#10704);
#8323=LINE('',#10705,#10706);
#8324=VERTEX_POINT('',#10707);
#8325=LINE('',#10708,#10709);
#8326=LINE('',#10710,#10711);
#8327=VERTEX_POINT('',#10712);
#8328=LINE('',#10713,#10714);
#8329=VERTEX_POINT('',#10715);
#8330=LINE('',#10716,#10717);
#8331=LINE('',#10718,#10719);
#8332=VERTEX_POINT('',#10720);
#8333=VERTEX_POINT('',#10721);
#8334=LINE('',#10722,#10723);
#8335=VERTEX_POINT('',#10724);
#8336=LINE('',#10725,#10726);
#8337=VERTEX_POINT('',#10727);
#8338=LINE('',#10728,#10729);
#8339=LINE('',#10730,#10731);
#8340=VERTEX_POINT('',#10732);
#8341=LINE('',#10733,#10734);
#8342=LINE('',#10735,#10736);
#8343=VERTEX_POINT('',#10737);
#8344=LINE('',#10738,#10739);
#8345=VERTEX_POINT('',#10740);
#8346=LINE('',#10741,#10742);
#8347=LINE('',#10743,#10744);
#8348=LINE('',#10745,#10746);
#8349=VERTEX_POINT('',#10747);
#8350=LINE('',#10748,#10749);
#8351=LINE('',#10750,#10751);
#8352=VERTEX_POINT('',#10752);
#8353=LINE('',#10753,#10754);
#8354=LINE('',#10755,#10756);
#8355=LINE('',#10757,#10758);
#8356=VERTEX_POINT('',#10759);
#8357=LINE('',#10760,#10761);
#8358=LINE('',#10762,#10763);
#8359=VERTEX_POINT('',#10764);
#8360=LINE('',#10765,#10766);
#8361=VERTEX_POINT('',#10767);
#8362=LINE('',#10768,#10769);
#8363=LINE('',#10770,#10771);
#8364=VERTEX_POINT('',#10772);
#8365=LINE('',#10773,#10774);
#8366=LINE('',#10775,#10776);
#8367=VERTEX_POINT('',#10777);
#8368=VERTEX_POINT('',#10778);
#8369=LINE('',#10779,#10780);
#8370=VERTEX_POINT('',#10781);
#8371=LINE('',#10782,#10783);
#8372=VERTEX_POINT('',#10784);
#8373=LINE('',#10785,#10786);
#8374=LINE('',#10787,#10788);
#8375=VERTEX_POINT('',#10789);
#8376=LINE('',#10790,#10791);
#8377=LINE('',#10792,#10793);
#8378=LINE('',#10794,#10795);
#8379=LINE('',#10796,#10797);
#8380=LINE('',#10798,#10799);
#8381=VERTEX_POINT('',#10800);
#8382=LINE('',#10801,#10802);
#8383=LINE('',#10803,#10804);
#8384=VERTEX_POINT('',#10805);
#8385=LINE('',#10806,#10807);
#8386=VERTEX_POINT('',#10808);
#8387=LINE('',#10809,#10810);
#8388=LINE('',#10811,#10812);
#8389=VERTEX_POINT('',#10813);
#8390=VERTEX_POINT('',#10814);
#8391=LINE('',#10815,#10816);
#8392=LINE('',#10817,#10818);
#8393=VERTEX_POINT('',#10819);
#8394=LINE('',#10820,#10821);
#8395=LINE('',#10822,#10823);
#8396=VERTEX_POINT('',#10824);
#8397=LINE('',#10825,#10826);
#8398=VERTEX_POINT('',#10827);
#8399=LINE('',#10828,#10829);
#8400=LINE('',#10830,#10831);
#8401=VERTEX_POINT('',#10832);
#8402=VERTEX_POINT('',#10833);
#8403=LINE('',#10834,#10835);
#8404=VERTEX_POINT('',#10836);
#8405=LINE('',#10837,#10838);
#8406=VERTEX_POINT('',#10839);
#8407=LINE('',#10840,#10841);
#8408=LINE('',#10842,#10843);
#8409=VERTEX_POINT('',#10844);
#8410=LINE('',#10845,#10846);
#8411=LINE('',#10847,#10848);
#8412=VERTEX_POINT('',#10849);
#8413=LINE('',#10850,#10851);
#8414=VERTEX_POINT('',#10852);
#8415=LINE('',#10853,#10854);
#8416=LINE('',#10855,#10856);
#8417=LINE('',#10857,#10858);
#8418=VERTEX_POINT('',#10859);
#8419=LINE('',#10860,#10861);
#8420=LINE('',#10862,#10863);
#8421=VERTEX_POINT('',#10864);
#8422=LINE('',#10865,#10866);
#8423=LINE('',#10867,#10868);
#8424=LINE('',#10869,#10870);
#8425=VERTEX_POINT('',#10871);
#8426=LINE('',#10872,#10873);
#8427=LINE('',#10874,#10875);
#8428=VERTEX_POINT('',#10876);
#8429=LINE('',#10877,#10878);
#8430=VERTEX_POINT('',#10879);
#8431=LINE('',#10880,#10881);
#8432=LINE('',#10882,#10883);
#8433=VERTEX_POINT('',#10884);
#8434=LINE('',#10885,#10886);
#8435=LINE('',#10887,#10888);
#8436=VERTEX_POINT('',#10889);
#8437=VERTEX_POINT('',#10890);
#8438=LINE('',#10891,#10892);
#8439=VERTEX_POINT('',#10893);
#8440=LINE('',#10894,#10895);
#8441=VERTEX_POINT('',#10896);
#8442=LINE('',#10897,#10898);
#8443=LINE('',#10899,#10900);
#8444=VERTEX_POINT('',#10901);
#8445=LINE('',#10902,#10903);
#8446=LINE('',#10904,#10905);
#8447=LINE('',#10906,#10907);
#8448=LINE('',#10908,#10909);
#8449=LINE('',#10910,#10911);
#8450=VERTEX_POINT('',#10912);
#8451=LINE('',#10913,#10914);
#8452=LINE('',#10915,#10916);
#8453=VERTEX_POINT('',#10917);
#8454=LINE('',#10918,#10919);
#8455=VERTEX_POINT('',#10920);
#8456=LINE('',#10921,#10922);
#8457=LINE('',#10923,#10924);
#8458=VERTEX_POINT('',#10925);
#8459=VERTEX_POINT('',#10926);
#8460=LINE('',#10927,#10928);
#8461=LINE('',#10929,#10930);
#8462=VERTEX_POINT('',#10931);
#8463=LINE('',#10932,#10933);
#8464=LINE('',#10934,#10935);
#8465=VERTEX_POINT('',#10936);
#8466=LINE('',#10937,#10938);
#8467=VERTEX_POINT('',#10939);
#8468=LINE('',#10940,#10941);
#8469=LINE('',#10942,#10943);
#8470=VERTEX_POINT('',#10944);
#8471=VERTEX_POINT('',#10945);
#8472=LINE('',#10946,#10947);
#8473=VERTEX_POINT('',#10948);
#8474=LINE('',#10949,#10950);
#8475=VERTEX_POINT('',#10951);
#8476=LINE('',#10952,#10953);
#8477=LINE('',#10954,#10955);
#8478=VERTEX_POINT('',#10956);
#8479=LINE('',#10957,#10958);
#8480=LINE('',#10959,#10960);
#8481=VERTEX_POINT('',#10961);
#8482=LINE('',#10962,#10963);
#8483=VERTEX_POINT('',#10964);
#8484=LINE('',#10965,#10966);
#8485=LINE('',#10967,#10968);
#8486=LINE('',#10969,#10970);
#8487=VERTEX_POINT('',#10971);
#8488=LINE('',#10972,#10973);
#8489=LINE('',#10974,#10975);
#8490=VERTEX_POINT('',#10976);
#8491=LINE('',#10977,#10978);
#8492=LINE('',#10979,#10980);
#8493=LINE('',#10981,#10982);
#8494=VERTEX_POINT('',#10983);
#8495=LINE('',#10984,#10985);
#8496=LINE('',#10986,#10987);
#8497=VERTEX_POINT('',#10988);
#8498=LINE('',#10989,#10990);
#8499=VERTEX_POINT('',#10991);
#8500=LINE('',#10992,#10993);
#8501=LINE('',#10994,#10995);
#8502=VERTEX_POINT('',#10996);
#8503=LINE('',#10997,#10998);
#8504=LINE('',#10999,#11000);
#8505=VERTEX_POINT('',#11001);
#8506=VERTEX_POINT('',#11002);
#8507=LINE('',#11003,#11004);
#8508=VERTEX_POINT('',#11005);
#8509=LINE('',#11006,#11007);
#8510=VERTEX_POINT('',#11008);
#8511=LINE('',#11009,#11010);
#8512=LINE('',#11011,#11012);
#8513=VERTEX_POINT('',#11013);
#8514=LINE('',#11014,#11015);
#8515=LINE('',#11016,#11017);
#8516=LINE('',#11018,#11019);
#8517=LINE('',#11020,#11021);
#8518=LINE('',#11022,#11023);
#8519=VERTEX_POINT('',#11024);
#8520=LINE('',#11025,#11026);
#8521=VERTEX_POINT('',#11027);
#8522=LINE('',#11028,#11029);
#8523=LINE('',#11030,#11031);
#8524=VERTEX_POINT('',#11032);
#8525=LINE('',#11033,#11034);
#8526=LINE('',#11035,#11036);
#8527=VERTEX_POINT('',#11037);
#8528=LINE('',#11038,#11039);
#8529=LINE('',#11040,#11041);
#8530=LINE('',#11042,#11043);
#8531=LINE('',#11044,#11045);
#8532=LINE('',#11046,#11047);
#8533=LINE('',#11048,#11049);
#8534=LINE('',#11050,#11051);
#8535=LINE('',#11052,#11053);
#8536=LINE('',#11054,#11055);
#8537=LINE('',#11056,#11057);
#8538=LINE('',#11058,#11059);
#8539=LINE('',#11060,#11061);
#8540=LINE('',#11062,#11063);
#8541=LINE('',#11064,#11065);
#8542=LINE('',#11066,#11067);
#8543=LINE('',#11068,#11069);
#8544=LINE('',#11070,#11071);
#8545=LINE('',#11072,#11073);
#8546=LINE('',#11074,#11075);
#8547=LINE('',#11076,#11077);
#8548=LINE('',#11078,#11079);
#8549=LINE('',#11080,#11081);
#8550=LINE('',#11082,#11083);
#8551=LINE('',#11084,#11085);
#8552=LINE('',#11086,#11087);
#8553=LINE('',#11088,#11089);
#8554=LINE('',#11090,#11091);
#8555=LINE('',#11092,#11093);
#8556=LINE('',#11094,#11095);
#8557=LINE('',#11096,#11097);
#8558=LINE('',#11098,#11099);
#8559=LINE('',#11100,#11101);
#8560=LINE('',#11102,#11103);
#8561=LINE('',#11104,#11105);
#8562=LINE('',#11106,#11107);
#8563=LINE('',#11108,#11109);
#8564=LINE('',#11110,#11111);
#8565=LINE('',#11112,#11113);
#8566=LINE('',#11114,#11115);
#8567=VERTEX_POINT('',#11116);
#8568=LINE('',#11117,#11118);
#8569=LINE('',#11119,#11120);
#8570=LINE('',#11121,#11122);
#8571=LINE('',#11123,#11124);
#8572=LINE('',#11125,#11126);
#8573=LINE('',#11127,#11128);
#8574=LINE('',#11129,#11130);
#8575=LINE('',#11131,#11132);
#8576=VERTEX_POINT('',#11133);
#8577=LINE('',#11134,#11135);
#8578=LINE('',#11136,#11137);
#8579=LINE('',#11138,#11139);
#8580=LINE('',#11140,#11141);
#8581=LINE('',#11142,#11143);
#8582=LINE('',#11144,#11145);
#8583=LINE('',#11146,#11147);
#8584=VERTEX_POINT('',#11148);
#8585=VERTEX_POINT('',#11149);
#8586=LINE('',#11150,#11151);
#8587=VERTEX_POINT('',#11152);
#8588=LINE('',#11153,#11154);
#8589=VERTEX_POINT('',#11155);
#8590=LINE('',#11156,#11157);
#8591=LINE('',#11158,#11159);
#8592=VERTEX_POINT('',#11160);
#8593=LINE('',#11161,#11162);
#8594=VERTEX_POINT('',#11163);
#8595=LINE('',#11164,#11165);
#8596=LINE('',#11166,#11167);
#8597=VERTEX_POINT('',#11168);
#8598=LINE('',#11169,#11170);
#8599=LINE('',#11171,#11172);
#8600=VERTEX_POINT('',#11173);
#8601=LINE('',#11174,#11175);
#8602=LINE('',#11176,#11177);
#8603=LINE('',#11178,#11179);
#8604=VERTEX_POINT('',#11180);
#8605=LINE('',#11181,#11182);
#8606=VERTEX_POINT('',#11183);
#8607=CIRCLE('',#11184,1.64);
#8608=VERTEX_POINT('',#11185);
#8609=LINE('',#11186,#11187);
#8610=VERTEX_POINT('',#11188);
#8611=LINE('',#11189,#11190);
#8612=VERTEX_POINT('',#11191);
#8613=LINE('',#11192,#11193);
#8614=VERTEX_POINT('',#11194);
#8615=CIRCLE('',#11195,1.0);
#8616=LINE('',#11196,#11197);
#8617=VERTEX_POINT('',#11198);
#8618=LINE('',#11199,#11200);
#8619=LINE('',#11201,#11202);
#8620=VERTEX_POINT('',#11203);
#8621=CIRCLE('',#11204,1.0);
#8622=VERTEX_POINT('',#11205);
#8623=LINE('',#11206,#11207);
#8624=VERTEX_POINT('',#11208);
#8625=LINE('',#11209,#11210);
#8626=VERTEX_POINT('',#11211);
#8627=LINE('',#11212,#11213);
#8628=VERTEX_POINT('',#11214);
#8629=CIRCLE('',#11215,1.64);
#8630=LINE('',#11216,#11217);
#8631=LINE('',#11218,#11219);
#8632=LINE('',#11220,#11221);
#8633=LINE('',#11222,#11223);
#8634=VERTEX_POINT('',#11224);
#8635=VERTEX_POINT('',#11225);
#8636=LINE('',#11226,#11227);
#8637=LINE('',#11228,#11229);
#8638=LINE('',#11230,#11231);
#8639=VERTEX_POINT('',#11232);
#8640=VERTEX_POINT('',#11233);
#8641=LINE('',#11234,#11235);
#8642=LINE('',#11236,#11237);
#8643=LINE('',#11238,#11239);
#8644=LINE('',#11240,#11241);
#8645=LINE('',#11242,#11243);
#8646=LINE('',#11244,#11245);
#8647=LINE('',#11246,#11247);
#8648=VERTEX_POINT('',#11248);
#8649=VERTEX_POINT('',#11249);
#8650=LINE('',#11250,#11251);
#8651=VERTEX_POINT('',#11252);
#8652=LINE('',#11253,#11254);
#8653=VERTEX_POINT('',#11255);
#8654=LINE('',#11256,#11257);
#8655=LINE('',#11258,#11259);
#8656=VERTEX_POINT('',#11260);
#8657=LINE('',#11261,#11262);
#8658=VERTEX_POINT('',#11263);
#8659=LINE('',#11264,#11265);
#8660=LINE('',#11266,#11267);
#8661=VERTEX_POINT('',#11268);
#8662=LINE('',#11269,#11270);
#8663=LINE('',#11271,#11272);
#8664=VERTEX_POINT('',#11273);
#8665=LINE('',#11274,#11275);
#8666=LINE('',#11276,#11277);
#8667=LINE('',#11278,#11279);
#8668=VERTEX_POINT('',#11280);
#8669=LINE('',#11281,#11282);
#8670=VERTEX_POINT('',#11283);
#8671=CIRCLE('',#11284,1.64);
#8672=VERTEX_POINT('',#11285);
#8673=LINE('',#11286,#11287);
#8674=VERTEX_POINT('',#11288);
#8675=LINE('',#11289,#11290);
#8676=VERTEX_POINT('',#11291);
#8677=LINE('',#11292,#11293);
#8678=VERTEX_POINT('',#11294);
#8679=CIRCLE('',#11295,1.0);
#8680=LINE('',#11296,#11297);
#8681=VERTEX_POINT('',#11298);
#8682=LINE('',#11299,#11300);
#8683=LINE('',#11301,#11302);
#8684=VERTEX_POINT('',#11303);
#8685=CIRCLE('',#11304,1.0);
#8686=VERTEX_POINT('',#11305);
#8687=LINE('',#11306,#11307);
#8688=VERTEX_POINT('',#11308);
#8689=LINE('',#11309,#11310);
#8690=VERTEX_POINT('',#11311);
#8691=LINE('',#11312,#11313);
#8692=VERTEX_POINT('',#11314);
#8693=CIRCLE('',#11315,1.64);
#8694=LINE('',#11316,#11317);
#8695=LINE('',#11318,#11319);
#8696=LINE('',#11320,#11321);
#8697=LINE('',#11322,#11323);
#8698=VERTEX_POINT('',#11324);
#8699=VERTEX_POINT('',#11325);
#8700=LINE('',#11326,#11327);
#8701=LINE('',#11328,#11329);
#8702=LINE('',#11330,#11331);
#8703=VERTEX_POINT('',#11332);
#8704=VERTEX_POINT('',#11333);
#8705=LINE('',#11334,#11335);
#8706=LINE('',#11336,#11337);
#8707=LINE('',#11338,#11339);
#8708=LINE('',#11340,#11341);
#8709=LINE('',#11342,#11343);
#8710=LINE('',#11344,#11345);
#8711=LINE('',#11346,#11347);
#8712=VERTEX_POINT('',#11348);
#8713=VERTEX_POINT('',#11349);
#8714=LINE('',#11350,#11351);
#8715=VERTEX_POINT('',#11352);
#8716=LINE('',#11353,#11354);
#8717=VERTEX_POINT('',#11355);
#8718=LINE('',#11356,#11357);
#8719=LINE('',#11358,#11359);
#8720=VERTEX_POINT('',#11360);
#8721=LINE('',#11361,#11362);
#8722=VERTEX_POINT('',#11363);
#8723=LINE('',#11364,#11365);
#8724=LINE('',#11366,#11367);
#8725=VERTEX_POINT('',#11368);
#8726=LINE('',#11369,#11370);
#8727=LINE('',#11371,#11372);
#8728=VERTEX_POINT('',#11373);
#8729=LINE('',#11374,#11375);
#8730=LINE('',#11376,#11377);
#8731=LINE('',#11378,#11379);
#8732=VERTEX_POINT('',#11380);
#8733=LINE('',#11381,#11382);
#8734=VERTEX_POINT('',#11383);
#8735=CIRCLE('',#11384,1.64);
#8736=VERTEX_POINT('',#11385);
#8737=LINE('',#11386,#11387);
#8738=VERTEX_POINT('',#11388);
#8739=LINE('',#11389,#11390);
#8740=VERTEX_POINT('',#11391);
#8741=LINE('',#11392,#11393);
#8742=VERTEX_POINT('',#11394);
#8743=CIRCLE('',#11395,1.0);
#8744=LINE('',#11396,#11397);
#8745=VERTEX_POINT('',#11398);
#8746=LINE('',#11399,#11400);
#8747=LINE('',#11401,#11402);
#8748=VERTEX_POINT('',#11403);
#8749=CIRCLE('',#11404,1.0);
#8750=VERTEX_POINT('',#11405);
#8751=LINE('',#11406,#11407);
#8752=VERTEX_POINT('',#11408);
#8753=LINE('',#11409,#11410);
#8754=VERTEX_POINT('',#11411);
#8755=LINE('',#11412,#11413);
#8756=VERTEX_POINT('',#11414);
#8757=CIRCLE('',#11415,1.64);
#8758=LINE('',#11416,#11417);
#8759=LINE('',#11418,#11419);
#8760=LINE('',#11420,#11421);
#8761=LINE('',#11422,#11423);
#8762=VERTEX_POINT('',#11424);
#8763=VERTEX_POINT('',#11425);
#8764=LINE('',#11426,#11427);
#8765=LINE('',#11428,#11429);
#8766=LINE('',#11430,#11431);
#8767=VERTEX_POINT('',#11432);
#8768=VERTEX_POINT('',#11433);
#8769=LINE('',#11434,#11435);
#8770=LINE('',#11436,#11437);
#8771=LINE('',#11438,#11439);
#8772=LINE('',#11440,#11441);
#8773=LINE('',#11442,#11443);
#8774=LINE('',#11444,#11445);
#8775=LINE('',#11446,#11447);
#8776=VERTEX_POINT('',#11448);
#8777=VERTEX_POINT('',#11449);
#8778=LINE('',#11450,#11451);
#8779=VERTEX_POINT('',#11452);
#8780=LINE('',#11453,#11454);
#8781=VERTEX_POINT('',#11455);
#8782=LINE('',#11456,#11457);
#8783=LINE('',#11458,#11459);
#8784=VERTEX_POINT('',#11460);
#8785=LINE('',#11461,#11462);
#8786=VERTEX_POINT('',#11463);
#8787=LINE('',#11464,#11465);
#8788=LINE('',#11466,#11467);
#8789=VERTEX_POINT('',#11468);
#8790=LINE('',#11469,#11470);
#8791=LINE('',#11471,#11472);
#8792=VERTEX_POINT('',#11473);
#8793=LINE('',#11474,#11475);
#8794=LINE('',#11476,#11477);
#8795=LINE('',#11478,#11479);
#8796=VERTEX_POINT('',#11480);
#8797=LINE('',#11481,#11482);
#8798=VERTEX_POINT('',#11483);
#8799=CIRCLE('',#11484,1.64);
#8800=VERTEX_POINT('',#11485);
#8801=LINE('',#11486,#11487);
#8802=VERTEX_POINT('',#11488);
#8803=LINE('',#11489,#11490);
#8804=VERTEX_POINT('',#11491);
#8805=LINE('',#11492,#11493);
#8806=VERTEX_POINT('',#11494);
#8807=CIRCLE('',#11495,1.0);
#8808=LINE('',#11496,#11497);
#8809=VERTEX_POINT('',#11498);
#8810=LINE('',#11499,#11500);
#8811=LINE('',#11501,#11502);
#8812=VERTEX_POINT('',#11503);
#8813=CIRCLE('',#11504,1.0);
#8814=VERTEX_POINT('',#11505);
#8815=LINE('',#11506,#11507);
#8816=VERTEX_POINT('',#11508);
#8817=LINE('',#11509,#11510);
#8818=VERTEX_POINT('',#11511);
#8819=LINE('',#11512,#11513);
#8820=VERTEX_POINT('',#11514);
#8821=CIRCLE('',#11515,1.64);
#8822=LINE('',#11516,#11517);
#8823=LINE('',#11518,#11519);
#8824=LINE('',#11520,#11521);
#8825=LINE('',#11522,#11523);
#8826=VERTEX_POINT('',#11524);
#8827=VERTEX_POINT('',#11525);
#8828=LINE('',#11526,#11527);
#8829=LINE('',#11528,#11529);
#8830=LINE('',#11530,#11531);
#8831=VERTEX_POINT('',#11532);
#8832=VERTEX_POINT('',#11533);
#8833=LINE('',#11534,#11535);
#8834=LINE('',#11536,#11537);
#8835=LINE('',#11538,#11539);
#8836=LINE('',#11540,#11541);
#8837=LINE('',#11542,#11543);
#8838=LINE('',#11544,#11545);
#8839=LINE('',#11546,#11547);
#8840=VERTEX_POINT('',#11548);
#8841=VERTEX_POINT('',#11549);
#8842=LINE('',#11550,#11551);
#8843=VERTEX_POINT('',#11552);
#8844=LINE('',#11553,#11554);
#8845=VERTEX_POINT('',#11555);
#8846=LINE('',#11556,#11557);
#8847=LINE('',#11558,#11559);
#8848=VERTEX_POINT('',#11560);
#8849=LINE('',#11561,#11562);
#8850=VERTEX_POINT('',#11563);
#8851=LINE('',#11564,#11565);
#8852=LINE('',#11566,#11567);
#8853=VERTEX_POINT('',#11568);
#8854=LINE('',#11569,#11570);
#8855=LINE('',#11571,#11572);
#8856=VERTEX_POINT('',#11573);
#8857=LINE('',#11574,#11575);
#8858=LINE('',#11576,#11577);
#8859=LINE('',#11578,#11579);
#8860=VERTEX_POINT('',#11580);
#8861=LINE('',#11581,#11582);
#8862=VERTEX_POINT('',#11583);
#8863=CIRCLE('',#11584,1.64);
#8864=VERTEX_POINT('',#11585);
#8865=LINE('',#11586,#11587);
#8866=VERTEX_POINT('',#11588);
#8867=LINE('',#11589,#11590);
#8868=VERTEX_POINT('',#11591);
#8869=LINE('',#11592,#11593);
#8870=VERTEX_POINT('',#11594);
#8871=CIRCLE('',#11595,1.0);
#8872=LINE('',#11596,#11597);
#8873=VERTEX_POINT('',#11598);
#8874=LINE('',#11599,#11600);
#8875=LINE('',#11601,#11602);
#8876=VERTEX_POINT('',#11603);
#8877=CIRCLE('',#11604,1.0);
#8878=VERTEX_POINT('',#11605);
#8879=LINE('',#11606,#11607);
#8880=VERTEX_POINT('',#11608);
#8881=LINE('',#11609,#11610);
#8882=VERTEX_POINT('',#11611);
#8883=LINE('',#11612,#11613);
#8884=VERTEX_POINT('',#11614);
#8885=CIRCLE('',#11615,1.64);
#8886=LINE('',#11616,#11617);
#8887=LINE('',#11618,#11619);
#8888=LINE('',#11620,#11621);
#8889=LINE('',#11622,#11623);
#8890=VERTEX_POINT('',#11624);
#8891=VERTEX_POINT('',#11625);
#8892=LINE('',#11626,#11627);
#8893=LINE('',#11628,#11629);
#8894=LINE('',#11630,#11631);
#8895=VERTEX_POINT('',#11632);
#8896=VERTEX_POINT('',#11633);
#8897=LINE('',#11634,#11635);
#8898=LINE('',#11636,#11637);
#8899=LINE('',#11638,#11639);
#8900=LINE('',#11640,#11641);
#8901=LINE('',#11642,#11643);
#8902=LINE('',#11644,#11645);
#8903=LINE('',#11646,#11647);
#8904=VERTEX_POINT('',#11648);
#8905=VERTEX_POINT('',#11649);
#8906=LINE('',#11650,#11651);
#8907=VERTEX_POINT('',#11652);
#8908=LINE('',#11653,#11654);
#8909=VERTEX_POINT('',#11655);
#8910=LINE('',#11656,#11657);
#8911=LINE('',#11658,#11659);
#8912=VERTEX_POINT('',#11660);
#8913=LINE('',#11661,#11662);
#8914=VERTEX_POINT('',#11663);
#8915=LINE('',#11664,#11665);
#8916=LINE('',#11666,#11667);
#8917=VERTEX_POINT('',#11668);
#8918=LINE('',#11669,#11670);
#8919=LINE('',#11671,#11672);
#8920=VERTEX_POINT('',#11673);
#8921=LINE('',#11674,#11675);
#8922=LINE('',#11676,#11677);
#8923=LINE('',#11678,#11679);
#8924=VERTEX_POINT('',#11680);
#8925=LINE('',#11681,#11682);
#8926=VERTEX_POINT('',#11683);
#8927=CIRCLE('',#11684,1.64);
#8928=VERTEX_POINT('',#11685);
#8929=LINE('',#11686,#11687);
#8930=VERTEX_POINT('',#11688);
#8931=LINE('',#11689,#11690);
#8932=VERTEX_POINT('',#11691);
#8933=LINE('',#11692,#11693);
#8934=VERTEX_POINT('',#11694);
#8935=CIRCLE('',#11695,1.0);
#8936=LINE('',#11696,#11697);
#8937=VERTEX_POINT('',#11698);
#8938=LINE('',#11699,#11700);
#8939=LINE('',#11701,#11702);
#8940=VERTEX_POINT('',#11703);
#8941=CIRCLE('',#11704,1.0);
#8942=VERTEX_POINT('',#11705);
#8943=LINE('',#11706,#11707);
#8944=VERTEX_POINT('',#11708);
#8945=LINE('',#11709,#11710);
#8946=VERTEX_POINT('',#11711);
#8947=LINE('',#11712,#11713);
#8948=VERTEX_POINT('',#11714);
#8949=CIRCLE('',#11715,1.64);
#8950=LINE('',#11716,#11717);
#8951=LINE('',#11718,#11719);
#8952=LINE('',#11720,#11721);
#8953=LINE('',#11722,#11723);
#8954=VERTEX_POINT('',#11724);
#8955=VERTEX_POINT('',#11725);
#8956=LINE('',#11726,#11727);
#8957=LINE('',#11728,#11729);
#8958=LINE('',#11730,#11731);
#8959=VERTEX_POINT('',#11732);
#8960=VERTEX_POINT('',#11733);
#8961=LINE('',#11734,#11735);
#8962=LINE('',#11736,#11737);
#8963=LINE('',#11738,#11739);
#8964=LINE('',#11740,#11741);
#8965=LINE('',#11742,#11743);
#8966=LINE('',#11744,#11745);
#8967=LINE('',#11746,#11747);
#8968=VERTEX_POINT('',#11748);
#8969=VERTEX_POINT('',#11749);
#8970=LINE('',#11750,#11751);
#8971=VERTEX_POINT('',#11752);
#8972=LINE('',#11753,#11754);
#8973=VERTEX_POINT('',#11755);
#8974=LINE('',#11756,#11757);
#8975=LINE('',#11758,#11759);
#8976=VERTEX_POINT('',#11760);
#8977=LINE('',#11761,#11762);
#8978=VERTEX_POINT('',#11763);
#8979=LINE('',#11764,#11765);
#8980=LINE('',#11766,#11767);
#8981=VERTEX_POINT('',#11768);
#8982=LINE('',#11769,#11770);
#8983=LINE('',#11771,#11772);
#8984=VERTEX_POINT('',#11773);
#8985=LINE('',#11774,#11775);
#8986=LINE('',#11776,#11777);
#8987=LINE('',#11778,#11779);
#8988=VERTEX_POINT('',#11780);
#8989=LINE('',#11781,#11782);
#8990=VERTEX_POINT('',#11783);
#8991=CIRCLE('',#11784,1.64);
#8992=VERTEX_POINT('',#11785);
#8993=LINE('',#11786,#11787);
#8994=VERTEX_POINT('',#11788);
#8995=LINE('',#11789,#11790);
#8996=VERTEX_POINT('',#11791);
#8997=LINE('',#11792,#11793);
#8998=VERTEX_POINT('',#11794);
#8999=CIRCLE('',#11795,1.0);
#9000=LINE('',#11796,#11797);
#9001=VERTEX_POINT('',#11798);
#9002=LINE('',#11799,#11800);
#9003=LINE('',#11801,#11802);
#9004=VERTEX_POINT('',#11803);
#9005=CIRCLE('',#11804,1.0);
#9006=VERTEX_POINT('',#11805);
#9007=LINE('',#11806,#11807);
#9008=VERTEX_POINT('',#11808);
#9009=LINE('',#11809,#11810);
#9010=VERTEX_POINT('',#11811);
#9011=LINE('',#11812,#11813);
#9012=VERTEX_POINT('',#11814);
#9013=CIRCLE('',#11815,1.64);
#9014=LINE('',#11816,#11817);
#9015=LINE('',#11818,#11819);
#9016=LINE('',#11820,#11821);
#9017=LINE('',#11822,#11823);
#9018=VERTEX_POINT('',#11824);
#9019=VERTEX_POINT('',#11825);
#9020=LINE('',#11826,#11827);
#9021=LINE('',#11828,#11829);
#9022=LINE('',#11830,#11831);
#9023=VERTEX_POINT('',#11832);
#9024=VERTEX_POINT('',#11833);
#9025=LINE('',#11834,#11835);
#9026=LINE('',#11836,#11837);
#9027=LINE('',#11838,#11839);
#9028=LINE('',#11840,#11841);
#9029=LINE('',#11842,#11843);
#9030=LINE('',#11844,#11845);
#9031=LINE('',#11846,#11847);
#9032=VERTEX_POINT('',#11848);
#9033=VERTEX_POINT('',#11849);
#9034=LINE('',#11850,#11851);
#9035=VERTEX_POINT('',#11852);
#9036=LINE('',#11853,#11854);
#9037=VERTEX_POINT('',#11855);
#9038=LINE('',#11856,#11857);
#9039=LINE('',#11858,#11859);
#9040=VERTEX_POINT('',#11860);
#9041=LINE('',#11861,#11862);
#9042=VERTEX_POINT('',#11863);
#9043=LINE('',#11864,#11865);
#9044=LINE('',#11866,#11867);
#9045=VERTEX_POINT('',#11868);
#9046=LINE('',#11869,#11870);
#9047=LINE('',#11871,#11872);
#9048=VERTEX_POINT('',#11873);
#9049=LINE('',#11874,#11875);
#9050=LINE('',#11876,#11877);
#9051=LINE('',#11878,#11879);
#9052=VERTEX_POINT('',#11880);
#9053=LINE('',#11881,#11882);
#9054=VERTEX_POINT('',#11883);
#9055=CIRCLE('',#11884,1.64);
#9056=VERTEX_POINT('',#11885);
#9057=LINE('',#11886,#11887);
#9058=VERTEX_POINT('',#11888);
#9059=LINE('',#11889,#11890);
#9060=VERTEX_POINT('',#11891);
#9061=LINE('',#11892,#11893);
#9062=VERTEX_POINT('',#11894);
#9063=CIRCLE('',#11895,1.0);
#9064=LINE('',#11896,#11897);
#9065=VERTEX_POINT('',#11898);
#9066=LINE('',#11899,#11900);
#9067=LINE('',#11901,#11902);
#9068=VERTEX_POINT('',#11903);
#9069=CIRCLE('',#11904,1.0);
#9070=VERTEX_POINT('',#11905);
#9071=LINE('',#11906,#11907);
#9072=VERTEX_POINT('',#11908);
#9073=LINE('',#11909,#11910);
#9074=VERTEX_POINT('',#11911);
#9075=LINE('',#11912,#11913);
#9076=VERTEX_POINT('',#11914);
#9077=CIRCLE('',#11915,1.64);
#9078=LINE('',#11916,#11917);
#9079=LINE('',#11918,#11919);
#9080=LINE('',#11920,#11921);
#9081=LINE('',#11922,#11923);
#9082=VERTEX_POINT('',#11924);
#9083=VERTEX_POINT('',#11925);
#9084=LINE('',#11926,#11927);
#9085=LINE('',#11928,#11929);
#9086=LINE('',#11930,#11931);
#9087=VERTEX_POINT('',#11932);
#9088=VERTEX_POINT('',#11933);
#9089=LINE('',#11934,#11935);
#9090=LINE('',#11936,#11937);
#9091=LINE('',#11938,#11939);
#9092=LINE('',#11940,#11941);
#9093=LINE('',#11942,#11943);
#9094=LINE('',#11944,#11945);
#9095=LINE('',#11946,#11947);
#9096=VERTEX_POINT('',#11948);
#9097=VERTEX_POINT('',#11949);
#9098=LINE('',#11950,#11951);
#9099=VERTEX_POINT('',#11952);
#9100=LINE('',#11953,#11954);
#9101=VERTEX_POINT('',#11955);
#9102=LINE('',#11956,#11957);
#9103=LINE('',#11958,#11959);
#9104=VERTEX_POINT('',#11960);
#9105=LINE('',#11961,#11962);
#9106=VERTEX_POINT('',#11963);
#9107=LINE('',#11964,#11965);
#9108=LINE('',#11966,#11967);
#9109=VERTEX_POINT('',#11968);
#9110=LINE('',#11969,#11970);
#9111=LINE('',#11971,#11972);
#9112=VERTEX_POINT('',#11973);
#9113=LINE('',#11974,#11975);
#9114=LINE('',#11976,#11977);
#9115=LINE('',#11978,#11979);
#9116=VERTEX_POINT('',#11980);
#9117=LINE('',#11981,#11982);
#9118=VERTEX_POINT('',#11983);
#9119=CIRCLE('',#11984,1.64);
#9120=VERTEX_POINT('',#11985);
#9121=LINE('',#11986,#11987);
#9122=VERTEX_POINT('',#11988);
#9123=LINE('',#11989,#11990);
#9124=VERTEX_POINT('',#11991);
#9125=LINE('',#11992,#11993);
#9126=VERTEX_POINT('',#11994);
#9127=CIRCLE('',#11995,1.0);
#9128=LINE('',#11996,#11997);
#9129=VERTEX_POINT('',#11998);
#9130=LINE('',#11999,#12000);
#9131=LINE('',#12001,#12002);
#9132=VERTEX_POINT('',#12003);
#9133=CIRCLE('',#12004,1.0);
#9134=VERTEX_POINT('',#12005);
#9135=LINE('',#12006,#12007);
#9136=VERTEX_POINT('',#12008);
#9137=LINE('',#12009,#12010);
#9138=VERTEX_POINT('',#12011);
#9139=LINE('',#12012,#12013);
#9140=VERTEX_POINT('',#12014);
#9141=CIRCLE('',#12015,1.64);
#9142=LINE('',#12016,#12017);
#9143=LINE('',#12018,#12019);
#9144=LINE('',#12020,#12021);
#9145=LINE('',#12022,#12023);
#9146=VERTEX_POINT('',#12024);
#9147=VERTEX_POINT('',#12025);
#9148=LINE('',#12026,#12027);
#9149=LINE('',#12028,#12029);
#9150=LINE('',#12030,#12031);
#9151=VERTEX_POINT('',#12032);
#9152=VERTEX_POINT('',#12033);
#9153=LINE('',#12034,#12035);
#9154=LINE('',#12036,#12037);
#9155=LINE('',#12038,#12039);
#9156=LINE('',#12040,#12041);
#9157=LINE('',#12042,#12043);
#9158=LINE('',#12044,#12045);
#9159=LINE('',#12046,#12047);
#9160=VERTEX_POINT('',#12048);
#9161=VERTEX_POINT('',#12049);
#9162=LINE('',#12050,#12051);
#9163=VERTEX_POINT('',#12052);
#9164=LINE('',#12053,#12054);
#9165=VERTEX_POINT('',#12055);
#9166=LINE('',#12056,#12057);
#9167=LINE('',#12058,#12059);
#9168=VERTEX_POINT('',#12060);
#9169=LINE('',#12061,#12062);
#9170=VERTEX_POINT('',#12063);
#9171=LINE('',#12064,#12065);
#9172=LINE('',#12066,#12067);
#9173=VERTEX_POINT('',#12068);
#9174=LINE('',#12069,#12070);
#9175=LINE('',#12071,#12072);
#9176=VERTEX_POINT('',#12073);
#9177=LINE('',#12074,#12075);
#9178=LINE('',#12076,#12077);
#9179=LINE('',#12078,#12079);
#9180=VERTEX_POINT('',#12080);
#9181=LINE('',#12081,#12082);
#9182=VERTEX_POINT('',#12083);
#9183=CIRCLE('',#12084,1.64);
#9184=VERTEX_POINT('',#12085);
#9185=LINE('',#12086,#12087);
#9186=VERTEX_POINT('',#12088);
#9187=LINE('',#12089,#12090);
#9188=VERTEX_POINT('',#12091);
#9189=LINE('',#12092,#12093);
#9190=VERTEX_POINT('',#12094);
#9191=CIRCLE('',#12095,1.0);
#9192=LINE('',#12096,#12097);
#9193=VERTEX_POINT('',#12098);
#9194=LINE('',#12099,#12100);
#9195=LINE('',#12101,#12102);
#9196=VERTEX_POINT('',#12103);
#9197=CIRCLE('',#12104,1.0);
#9198=VERTEX_POINT('',#12105);
#9199=LINE('',#12106,#12107);
#9200=VERTEX_POINT('',#12108);
#9201=LINE('',#12109,#12110);
#9202=VERTEX_POINT('',#12111);
#9203=LINE('',#12112,#12113);
#9204=VERTEX_POINT('',#12114);
#9205=CIRCLE('',#12115,1.64);
#9206=LINE('',#12116,#12117);
#9207=LINE('',#12118,#12119);
#9208=LINE('',#12120,#12121);
#9209=LINE('',#12122,#12123);
#9210=VERTEX_POINT('',#12124);
#9211=VERTEX_POINT('',#12125);
#9212=LINE('',#12126,#12127);
#9213=LINE('',#12128,#12129);
#9214=LINE('',#12130,#12131);
#9215=VERTEX_POINT('',#12132);
#9216=VERTEX_POINT('',#12133);
#9217=LINE('',#12134,#12135);
#9218=LINE('',#12136,#12137);
#9219=LINE('',#12138,#12139);
#9220=LINE('',#12140,#12141);
#9221=LINE('',#12142,#12143);
#9222=LINE('',#12144,#12145);
#9223=LINE('',#12146,#12147);
#9224=VERTEX_POINT('',#12148);
#9225=VERTEX_POINT('',#12149);
#9226=LINE('',#12150,#12151);
#9227=VERTEX_POINT('',#12152);
#9228=LINE('',#12153,#12154);
#9229=VERTEX_POINT('',#12155);
#9230=LINE('',#12156,#12157);
#9231=LINE('',#12158,#12159);
#9232=VERTEX_POINT('',#12160);
#9233=LINE('',#12161,#12162);
#9234=VERTEX_POINT('',#12163);
#9235=LINE('',#12164,#12165);
#9236=LINE('',#12166,#12167);
#9237=VERTEX_POINT('',#12168);
#9238=LINE('',#12169,#12170);
#9239=LINE('',#12171,#12172);
#9240=VERTEX_POINT('',#12173);
#9241=LINE('',#12174,#12175);
#9242=LINE('',#12176,#12177);
#9243=LINE('',#12178,#12179);
#9244=VERTEX_POINT('',#12180);
#9245=LINE('',#12181,#12182);
#9246=VERTEX_POINT('',#12183);
#9247=CIRCLE('',#12184,1.64);
#9248=VERTEX_POINT('',#12185);
#9249=LINE('',#12186,#12187);
#9250=VERTEX_POINT('',#12188);
#9251=LINE('',#12189,#12190);
#9252=VERTEX_POINT('',#12191);
#9253=LINE('',#12192,#12193);
#9254=VERTEX_POINT('',#12194);
#9255=CIRCLE('',#12195,1.0);
#9256=LINE('',#12196,#12197);
#9257=VERTEX_POINT('',#12198);
#9258=LINE('',#12199,#12200);
#9259=LINE('',#12201,#12202);
#9260=VERTEX_POINT('',#12203);
#9261=CIRCLE('',#12204,1.0);
#9262=VERTEX_POINT('',#12205);
#9263=LINE('',#12206,#12207);
#9264=VERTEX_POINT('',#12208);
#9265=LINE('',#12209,#12210);
#9266=VERTEX_POINT('',#12211);
#9267=LINE('',#12212,#12213);
#9268=VERTEX_POINT('',#12214);
#9269=CIRCLE('',#12215,1.64);
#9270=LINE('',#12216,#12217);
#9271=LINE('',#12218,#12219);
#9272=LINE('',#12220,#12221);
#9273=LINE('',#12222,#12223);
#9274=VERTEX_POINT('',#12224);
#9275=VERTEX_POINT('',#12225);
#9276=LINE('',#12226,#12227);
#9277=LINE('',#12228,#12229);
#9278=LINE('',#12230,#12231);
#9279=VERTEX_POINT('',#12232);
#9280=VERTEX_POINT('',#12233);
#9281=LINE('',#12234,#12235);
#9282=LINE('',#12236,#12237);
#9283=LINE('',#12238,#12239);
#9284=LINE('',#12240,#12241);
#9285=LINE('',#12242,#12243);
#9286=LINE('',#12244,#12245);
#9287=LINE('',#12246,#12247);
#9288=CARTESIAN_POINT('',(3.56,0.0,-1.02));
#9289=CARTESIAN_POINT('',(3.56,0.0,1.02));
#9290=CARTESIAN_POINT('',(3.56,0.0,-1.02));
#9291=VECTOR('',#12248,2.04);
#9292=CARTESIAN_POINT('',(3.31,0.0,-1.27));
#9293=CARTESIAN_POINT('',(3.56,0.0,-1.02));
#9294=VECTOR('',#12249,0.353553390593276);
#9295=CARTESIAN_POINT('',(1.77,0.0,-1.27));
#9296=CARTESIAN_POINT('',(1.77,0.0,-1.27));
#9297=VECTOR('',#12250,1.54);
#9298=CARTESIAN_POINT('',(1.52,0.0,-1.02));
#9299=CARTESIAN_POINT('',(1.77,0.0,-1.27));
#9300=VECTOR('',#12251,0.353553390593276);
#9301=CARTESIAN_POINT('',(1.52,0.0,1.02));
#9302=CARTESIAN_POINT('',(1.52,0.0,1.02));
#9303=VECTOR('',#12252,2.04);
#9304=CARTESIAN_POINT('',(1.77,0.0,1.27));
#9305=CARTESIAN_POINT('',(1.52,0.0,1.02));
#9306=VECTOR('',#12253,0.353553390593276);
#9307=CARTESIAN_POINT('',(3.31,0.0,1.27));
#9308=CARTESIAN_POINT('',(3.31,0.0,1.27));
#9309=VECTOR('',#12254,1.54);
#9310=CARTESIAN_POINT('',(3.31,0.0,1.27));
#9311=VECTOR('',#12255,0.353553390593276);
#9312=CARTESIAN_POINT('',(2.22,0.0,0.307));
#9313=CARTESIAN_POINT('',(2.828,0.0,0.307));
#9314=CARTESIAN_POINT('',(2.22,0.0,0.307));
#9315=VECTOR('',#12256,0.608);
#9316=CARTESIAN_POINT('',(2.22,0.0,-0.32));
#9317=CARTESIAN_POINT('',(2.22,0.0,-0.32));
#9318=VECTOR('',#12257,0.627);
#9319=CARTESIAN_POINT('',(2.828,0.0,-0.32));
#9320=CARTESIAN_POINT('',(2.828,0.0,-0.32));
#9321=VECTOR('',#12258,0.608);
#9322=CARTESIAN_POINT('',(2.828,0.0,0.307));
#9323=VECTOR('',#12259,0.627);
#9324=CARTESIAN_POINT('',(3.81,-0.25,0.77));
#9325=CARTESIAN_POINT('',(3.81,-0.25,-0.77));
#9326=CARTESIAN_POINT('',(3.81,-0.25,0.77));
#9327=VECTOR('',#12260,1.54);
#9328=CARTESIAN_POINT('',(3.56,0.0,-1.02));
#9329=VECTOR('',#12261,0.433012701892181);
#9330=CARTESIAN_POINT('',(3.56,0.0,1.02));
#9331=VECTOR('',#12262,0.433012701892181);
#9332=CARTESIAN_POINT('',(4.06,0.0,1.02));
#9333=CARTESIAN_POINT('',(4.06,0.0,-1.02));
#9334=CARTESIAN_POINT('',(4.06,0.0,1.02));
#9335=VECTOR('',#12263,2.04);
#9336=CARTESIAN_POINT('',(4.06,0.0,-1.02));
#9337=VECTOR('',#12264,0.433012701892181);
#9338=CARTESIAN_POINT('',(4.06,0.0,1.02));
#9339=VECTOR('',#12265,0.433012701892181);
#9340=CARTESIAN_POINT('',(6.1,0.0,-1.02));
#9341=CARTESIAN_POINT('',(6.1,0.0,1.02));
#9342=CARTESIAN_POINT('',(6.1,0.0,-1.02));
#9343=VECTOR('',#12266,2.04);
#9344=CARTESIAN_POINT('',(5.85,0.0,-1.27));
#9345=CARTESIAN_POINT('',(6.1,0.0,-1.02));
#9346=VECTOR('',#12267,0.353553390593276);
#9347=CARTESIAN_POINT('',(4.31,0.0,-1.27));
#9348=CARTESIAN_POINT('',(4.31,0.0,-1.27));
#9349=VECTOR('',#12268,1.54);
#9350=CARTESIAN_POINT('',(4.31,0.0,-1.27));
#9351=VECTOR('',#12269,0.353553390593276);
#9352=CARTESIAN_POINT('',(4.31,0.0,1.27));
#9353=CARTESIAN_POINT('',(4.06,0.0,1.02));
#9354=VECTOR('',#12270,0.353553390593276);
#9355=CARTESIAN_POINT('',(5.85,0.0,1.27));
#9356=CARTESIAN_POINT('',(5.85,0.0,1.27));
#9357=VECTOR('',#12271,1.54);
#9358=CARTESIAN_POINT('',(5.85,0.0,1.27));
#9359=VECTOR('',#12272,0.353553390593276);
#9360=CARTESIAN_POINT('',(4.76,0.0,0.307));
#9361=CARTESIAN_POINT('',(5.368,0.0,0.307));
#9362=CARTESIAN_POINT('',(4.76,0.0,0.307));
#9363=VECTOR('',#12273,0.608);
#9364=CARTESIAN_POINT('',(4.76,0.0,-0.32));
#9365=CARTESIAN_POINT('',(4.76,0.0,-0.32));
#9366=VECTOR('',#12274,0.627);
#9367=CARTESIAN_POINT('',(5.368,0.0,-0.32));
#9368=CARTESIAN_POINT('',(5.368,0.0,-0.32));
#9369=VECTOR('',#12275,0.608);
#9370=CARTESIAN_POINT('',(5.368,0.0,0.307));
#9371=VECTOR('',#12276,0.627);
#9372=CARTESIAN_POINT('',(6.35,-0.25,0.77));
#9373=CARTESIAN_POINT('',(6.35,-0.25,-0.77));
#9374=CARTESIAN_POINT('',(6.35,-0.25,0.77));
#9375=VECTOR('',#12277,1.54);
#9376=CARTESIAN_POINT('',(6.1,0.0,-1.02));
#9377=VECTOR('',#12278,0.433012701892181);
#9378=CARTESIAN_POINT('',(6.1,0.0,1.02));
#9379=VECTOR('',#12279,0.433012701892181);
#9380=CARTESIAN_POINT('',(6.6,0.0,1.02));
#9381=CARTESIAN_POINT('',(6.6,0.0,-1.02));
#9382=CARTESIAN_POINT('',(6.6,0.0,1.02));
#9383=VECTOR('',#12280,2.04);
#9384=CARTESIAN_POINT('',(6.6,0.0,-1.02));
#9385=VECTOR('',#12281,0.433012701892181);
#9386=CARTESIAN_POINT('',(6.6,0.0,1.02));
#9387=VECTOR('',#12282,0.433012701892181);
#9388=CARTESIAN_POINT('',(8.64,0.0,-1.02));
#9389=CARTESIAN_POINT('',(8.64,0.0,1.02));
#9390=CARTESIAN_POINT('',(8.64,0.0,-1.02));
#9391=VECTOR('',#12283,2.04);
#9392=CARTESIAN_POINT('',(8.39,0.0,-1.27));
#9393=CARTESIAN_POINT('',(8.64,0.0,-1.02));
#9394=VECTOR('',#12284,0.353553390593276);
#9395=CARTESIAN_POINT('',(6.85,0.0,-1.27));
#9396=CARTESIAN_POINT('',(6.85,0.0,-1.27));
#9397=VECTOR('',#12285,1.54);
#9398=CARTESIAN_POINT('',(6.85,0.0,-1.27));
#9399=VECTOR('',#12286,0.353553390593276);
#9400=CARTESIAN_POINT('',(6.85,0.0,1.27));
#9401=CARTESIAN_POINT('',(6.6,0.0,1.02));
#9402=VECTOR('',#12287,0.353553390593276);
#9403=CARTESIAN_POINT('',(8.39,0.0,1.27));
#9404=CARTESIAN_POINT('',(8.39,0.0,1.27));
#9405=VECTOR('',#12288,1.54);
#9406=CARTESIAN_POINT('',(8.39,0.0,1.27));
#9407=VECTOR('',#12289,0.353553390593276);
#9408=CARTESIAN_POINT('',(7.3,0.0,0.307));
#9409=CARTESIAN_POINT('',(7.908,0.0,0.307));
#9410=CARTESIAN_POINT('',(7.3,0.0,0.307));
#9411=VECTOR('',#12290,0.608);
#9412=CARTESIAN_POINT('',(7.3,0.0,-0.32));
#9413=CARTESIAN_POINT('',(7.3,0.0,-0.32));
#9414=VECTOR('',#12291,0.627);
#9415=CARTESIAN_POINT('',(7.908,0.0,-0.32));
#9416=CARTESIAN_POINT('',(7.908,0.0,-0.32));
#9417=VECTOR('',#12292,0.608);
#9418=CARTESIAN_POINT('',(7.908,0.0,0.307));
#9419=VECTOR('',#12293,0.627);
#9420=CARTESIAN_POINT('',(8.89,-0.25,0.77));
#9421=CARTESIAN_POINT('',(8.89,-0.25,-0.77));
#9422=CARTESIAN_POINT('',(8.89,-0.25,0.77));
#9423=VECTOR('',#12294,1.54);
#9424=CARTESIAN_POINT('',(8.64,0.0,-1.02));
#9425=VECTOR('',#12295,0.433012701892181);
#9426=CARTESIAN_POINT('',(8.64,0.0,1.02));
#9427=VECTOR('',#12296,0.433012701892181);
#9428=CARTESIAN_POINT('',(9.14,0.0,1.02));
#9429=CARTESIAN_POINT('',(9.14,0.0,-1.02));
#9430=CARTESIAN_POINT('',(9.14,0.0,1.02));
#9431=VECTOR('',#12297,2.04);
#9432=CARTESIAN_POINT('',(9.14,0.0,-1.02));
#9433=VECTOR('',#12298,0.433012701892181);
#9434=CARTESIAN_POINT('',(9.14,0.0,1.02));
#9435=VECTOR('',#12299,0.433012701892181);
#9436=CARTESIAN_POINT('',(11.18,0.0,-1.02));
#9437=CARTESIAN_POINT('',(11.18,0.0,1.02));
#9438=CARTESIAN_POINT('',(11.18,0.0,-1.02));
#9439=VECTOR('',#12300,2.04);
#9440=CARTESIAN_POINT('',(10.93,0.0,-1.27));
#9441=CARTESIAN_POINT('',(11.18,0.0,-1.02));
#9442=VECTOR('',#12301,0.353553390593276);
#9443=CARTESIAN_POINT('',(9.39,0.0,-1.27));
#9444=CARTESIAN_POINT('',(9.39,0.0,-1.27));
#9445=VECTOR('',#12302,1.54);
#9446=CARTESIAN_POINT('',(9.39,0.0,-1.27));
#9447=VECTOR('',#12303,0.353553390593276);
#9448=CARTESIAN_POINT('',(9.39,0.0,1.27));
#9449=CARTESIAN_POINT('',(9.14,0.0,1.02));
#9450=VECTOR('',#12304,0.353553390593276);
#9451=CARTESIAN_POINT('',(10.93,0.0,1.27));
#9452=CARTESIAN_POINT('',(10.93,0.0,1.27));
#9453=VECTOR('',#12305,1.54);
#9454=CARTESIAN_POINT('',(10.93,0.0,1.27));
#9455=VECTOR('',#12306,0.353553390593276);
#9456=CARTESIAN_POINT('',(9.84,0.0,0.307));
#9457=CARTESIAN_POINT('',(10.448,0.0,0.307));
#9458=CARTESIAN_POINT('',(9.84,0.0,0.307));
#9459=VECTOR('',#12307,0.608);
#9460=CARTESIAN_POINT('',(9.84,0.0,-0.32));
#9461=CARTESIAN_POINT('',(9.84,0.0,-0.32));
#9462=VECTOR('',#12308,0.627);
#9463=CARTESIAN_POINT('',(10.448,0.0,-0.32));
#9464=CARTESIAN_POINT('',(10.448,0.0,-0.32));
#9465=VECTOR('',#12309,0.608);
#9466=CARTESIAN_POINT('',(10.448,0.0,0.307));
#9467=VECTOR('',#12310,0.627);
#9468=CARTESIAN_POINT('',(11.43,-0.25,0.77));
#9469=CARTESIAN_POINT('',(11.43,-0.25,-0.77));
#9470=CARTESIAN_POINT('',(11.43,-0.25,0.77));
#9471=VECTOR('',#12311,1.54);
#9472=CARTESIAN_POINT('',(11.18,0.0,-1.02));
#9473=VECTOR('',#12312,0.433012701892181);
#9474=CARTESIAN_POINT('',(11.18,0.0,1.02));
#9475=VECTOR('',#12313,0.433012701892181);
#9476=CARTESIAN_POINT('',(11.68,0.0,1.02));
#9477=CARTESIAN_POINT('',(11.68,0.0,-1.02));
#9478=CARTESIAN_POINT('',(11.68,0.0,1.02));
#9479=VECTOR('',#12314,2.04);
#9480=CARTESIAN_POINT('',(11.68,0.0,-1.02));
#9481=VECTOR('',#12315,0.433012701892181);
#9482=CARTESIAN_POINT('',(11.68,0.0,1.02));
#9483=VECTOR('',#12316,0.433012701892181);
#9484=CARTESIAN_POINT('',(13.72,0.0,-1.02));
#9485=CARTESIAN_POINT('',(13.72,0.0,1.02));
#9486=CARTESIAN_POINT('',(13.72,0.0,-1.02));
#9487=VECTOR('',#12317,2.04);
#9488=CARTESIAN_POINT('',(13.47,0.0,-1.27));
#9489=CARTESIAN_POINT('',(13.72,0.0,-1.02));
#9490=VECTOR('',#12318,0.353553390593276);
#9491=CARTESIAN_POINT('',(11.93,0.0,-1.27));
#9492=CARTESIAN_POINT('',(11.93,0.0,-1.27));
#9493=VECTOR('',#12319,1.54);
#9494=CARTESIAN_POINT('',(11.93,0.0,-1.27));
#9495=VECTOR('',#12320,0.353553390593276);
#9496=CARTESIAN_POINT('',(11.93,0.0,1.27));
#9497=CARTESIAN_POINT('',(11.68,0.0,1.02));
#9498=VECTOR('',#12321,0.353553390593276);
#9499=CARTESIAN_POINT('',(13.47,0.0,1.27));
#9500=CARTESIAN_POINT('',(13.47,0.0,1.27));
#9501=VECTOR('',#12322,1.54);
#9502=CARTESIAN_POINT('',(13.47,0.0,1.27));
#9503=VECTOR('',#12323,0.353553390593276);
#9504=CARTESIAN_POINT('',(12.38,0.0,0.307));
#9505=CARTESIAN_POINT('',(12.988,0.0,0.307));
#9506=CARTESIAN_POINT('',(12.38,0.0,0.307));
#9507=VECTOR('',#12324,0.608);
#9508=CARTESIAN_POINT('',(12.38,0.0,-0.32));
#9509=CARTESIAN_POINT('',(12.38,0.0,-0.32));
#9510=VECTOR('',#12325,0.627);
#9511=CARTESIAN_POINT('',(12.988,0.0,-0.32));
#9512=CARTESIAN_POINT('',(12.988,0.0,-0.32));
#9513=VECTOR('',#12326,0.608);
#9514=CARTESIAN_POINT('',(12.988,0.0,0.307));
#9515=VECTOR('',#12327,0.627);
#9516=CARTESIAN_POINT('',(13.97,-0.25,0.77));
#9517=CARTESIAN_POINT('',(13.97,-0.25,-0.77));
#9518=CARTESIAN_POINT('',(13.97,-0.25,0.77));
#9519=VECTOR('',#12328,1.54);
#9520=CARTESIAN_POINT('',(13.72,0.0,-1.02));
#9521=VECTOR('',#12329,0.433012701892181);
#9522=CARTESIAN_POINT('',(13.72,0.0,1.02));
#9523=VECTOR('',#12330,0.433012701892181);
#9524=CARTESIAN_POINT('',(14.22,0.0,1.02));
#9525=CARTESIAN_POINT('',(14.22,0.0,-1.02));
#9526=CARTESIAN_POINT('',(14.22,0.0,1.02));
#9527=VECTOR('',#12331,2.04);
#9528=CARTESIAN_POINT('',(14.22,0.0,-1.02));
#9529=VECTOR('',#12332,0.433012701892181);
#9530=CARTESIAN_POINT('',(14.22,0.0,1.02));
#9531=VECTOR('',#12333,0.433012701892181);
#9532=CARTESIAN_POINT('',(16.26,0.0,-1.02));
#9533=CARTESIAN_POINT('',(16.26,0.0,1.02));
#9534=CARTESIAN_POINT('',(16.26,0.0,-1.02));
#9535=VECTOR('',#12334,2.04);
#9536=CARTESIAN_POINT('',(16.01,0.0,-1.27));
#9537=CARTESIAN_POINT('',(16.26,0.0,-1.02));
#9538=VECTOR('',#12335,0.353553390593276);
#9539=CARTESIAN_POINT('',(14.47,0.0,-1.27));
#9540=CARTESIAN_POINT('',(14.47,0.0,-1.27));
#9541=VECTOR('',#12336,1.54);
#9542=CARTESIAN_POINT('',(14.47,0.0,-1.27));
#9543=VECTOR('',#12337,0.353553390593276);
#9544=CARTESIAN_POINT('',(14.47,0.0,1.27));
#9545=CARTESIAN_POINT('',(14.22,0.0,1.02));
#9546=VECTOR('',#12338,0.353553390593276);
#9547=CARTESIAN_POINT('',(16.01,0.0,1.27));
#9548=CARTESIAN_POINT('',(16.01,0.0,1.27));
#9549=VECTOR('',#12339,1.54);
#9550=CARTESIAN_POINT('',(16.01,0.0,1.27));
#9551=VECTOR('',#12340,0.353553390593276);
#9552=CARTESIAN_POINT('',(14.92,0.0,0.307));
#9553=CARTESIAN_POINT('',(15.528,0.0,0.307));
#9554=CARTESIAN_POINT('',(14.92,0.0,0.307));
#9555=VECTOR('',#12341,0.608);
#9556=CARTESIAN_POINT('',(14.92,0.0,-0.32));
#9557=CARTESIAN_POINT('',(14.92,0.0,-0.32));
#9558=VECTOR('',#12342,0.627);
#9559=CARTESIAN_POINT('',(15.528,0.0,-0.32));
#9560=CARTESIAN_POINT('',(15.528,0.0,-0.32));
#9561=VECTOR('',#12343,0.608);
#9562=CARTESIAN_POINT('',(15.528,0.0,0.307));
#9563=VECTOR('',#12344,0.627);
#9564=CARTESIAN_POINT('',(16.51,-0.25,0.77));
#9565=CARTESIAN_POINT('',(16.51,-0.25,-0.77));
#9566=CARTESIAN_POINT('',(16.51,-0.25,0.77));
#9567=VECTOR('',#12345,1.54);
#9568=CARTESIAN_POINT('',(16.26,0.0,-1.02));
#9569=VECTOR('',#12346,0.433012701892181);
#9570=CARTESIAN_POINT('',(16.26,0.0,1.02));
#9571=VECTOR('',#12347,0.433012701892181);
#9572=CARTESIAN_POINT('',(16.76,0.0,1.02));
#9573=CARTESIAN_POINT('',(16.76,0.0,-1.02));
#9574=CARTESIAN_POINT('',(16.76,0.0,1.02));
#9575=VECTOR('',#12348,2.04);
#9576=CARTESIAN_POINT('',(16.76,0.0,-1.02));
#9577=VECTOR('',#12349,0.433012701892181);
#9578=CARTESIAN_POINT('',(16.76,0.0,1.02));
#9579=VECTOR('',#12350,0.433012701892181);
#9580=CARTESIAN_POINT('',(18.8,0.0,-1.02));
#9581=CARTESIAN_POINT('',(18.8,0.0,1.02));
#9582=CARTESIAN_POINT('',(18.8,0.0,-1.02));
#9583=VECTOR('',#12351,2.04);
#9584=CARTESIAN_POINT('',(18.55,0.0,-1.27));
#9585=CARTESIAN_POINT('',(18.8,0.0,-1.02));
#9586=VECTOR('',#12352,0.353553390593301);
#9587=CARTESIAN_POINT('',(17.01,0.0,-1.27));
#9588=CARTESIAN_POINT('',(17.01,0.0,-1.27));
#9589=VECTOR('',#12353,1.54);
#9590=CARTESIAN_POINT('',(17.01,0.0,-1.27));
#9591=VECTOR('',#12354,0.353553390593276);
#9592=CARTESIAN_POINT('',(17.01,0.0,1.27));
#9593=CARTESIAN_POINT('',(16.76,0.0,1.02));
#9594=VECTOR('',#12355,0.353553390593276);
#9595=CARTESIAN_POINT('',(18.55,0.0,1.27));
#9596=CARTESIAN_POINT('',(18.55,0.0,1.27));
#9597=VECTOR('',#12356,1.54);
#9598=CARTESIAN_POINT('',(18.55,0.0,1.27));
#9599=VECTOR('',#12357,0.353553390593276);
#9600=CARTESIAN_POINT('',(17.46,0.0,0.307));
#9601=CARTESIAN_POINT('',(18.068,0.0,0.307));
#9602=CARTESIAN_POINT('',(17.46,0.0,0.307));
#9603=VECTOR('',#12358,0.608);
#9604=CARTESIAN_POINT('',(17.46,0.0,-0.32));
#9605=CARTESIAN_POINT('',(17.46,0.0,-0.32));
#9606=VECTOR('',#12359,0.627);
#9607=CARTESIAN_POINT('',(18.068,0.0,-0.32));
#9608=CARTESIAN_POINT('',(18.068,0.0,-0.32));
#9609=VECTOR('',#12360,0.608);
#9610=CARTESIAN_POINT('',(18.068,0.0,0.307));
#9611=VECTOR('',#12361,0.627);
#9612=CARTESIAN_POINT('',(19.05,-0.25,0.77));
#9613=CARTESIAN_POINT('',(19.05,-0.25,-0.77));
#9614=CARTESIAN_POINT('',(19.05,-0.25,0.77));
#9615=VECTOR('',#12362,1.54);
#9616=CARTESIAN_POINT('',(18.8,0.0,-1.02));
#9617=VECTOR('',#12363,0.433012701892181);
#9618=CARTESIAN_POINT('',(18.8,0.0,1.02));
#9619=VECTOR('',#12364,0.433012701892181);
#9620=CARTESIAN_POINT('',(19.3,0.0,1.02));
#9621=CARTESIAN_POINT('',(19.3,0.0,-1.02));
#9622=CARTESIAN_POINT('',(19.3,0.0,1.02));
#9623=VECTOR('',#12365,2.04);
#9624=CARTESIAN_POINT('',(19.3,0.0,-1.02));
#9625=VECTOR('',#12366,0.433012701892181);
#9626=CARTESIAN_POINT('',(19.3,0.0,1.02));
#9627=VECTOR('',#12367,0.433012701892181);
#9628=CARTESIAN_POINT('',(21.34,0.0,-1.02));
#9629=CARTESIAN_POINT('',(21.34,0.0,1.02));
#9630=CARTESIAN_POINT('',(21.34,0.0,-1.02));
#9631=VECTOR('',#12368,2.04);
#9632=CARTESIAN_POINT('',(21.09,0.0,-1.27));
#9633=CARTESIAN_POINT('',(21.34,0.0,-1.02));
#9634=VECTOR('',#12369,0.353553390593276);
#9635=CARTESIAN_POINT('',(19.55,0.0,-1.27));
#9636=CARTESIAN_POINT('',(19.55,0.0,-1.27));
#9637=VECTOR('',#12370,1.54);
#9638=CARTESIAN_POINT('',(19.55,0.0,-1.27));
#9639=VECTOR('',#12371,0.353553390593276);
#9640=CARTESIAN_POINT('',(19.55,0.0,1.27));
#9641=CARTESIAN_POINT('',(19.3,0.0,1.02));
#9642=VECTOR('',#12372,0.353553390593276);
#9643=CARTESIAN_POINT('',(21.09,0.0,1.27));
#9644=CARTESIAN_POINT('',(21.09,0.0,1.27));
#9645=VECTOR('',#12373,1.54);
#9646=CARTESIAN_POINT('',(21.09,0.0,1.27));
#9647=VECTOR('',#12374,0.353553390593301);
#9648=CARTESIAN_POINT('',(20.0,0.0,0.307));
#9649=CARTESIAN_POINT('',(20.608,0.0,0.307));
#9650=CARTESIAN_POINT('',(20.0,0.0,0.307));
#9651=VECTOR('',#12375,0.608);
#9652=CARTESIAN_POINT('',(20.0,0.0,-0.32));
#9653=CARTESIAN_POINT('',(20.0,0.0,-0.32));
#9654=VECTOR('',#12376,0.627);
#9655=CARTESIAN_POINT('',(20.608,0.0,-0.32));
#9656=CARTESIAN_POINT('',(20.608,0.0,-0.32));
#9657=VECTOR('',#12377,0.608);
#9658=CARTESIAN_POINT('',(20.608,0.0,0.307));
#9659=VECTOR('',#12378,0.627);
#9660=CARTESIAN_POINT('',(21.59,-0.25,0.77));
#9661=CARTESIAN_POINT('',(21.59,-0.25,-0.77));
#9662=CARTESIAN_POINT('',(21.59,-0.25,0.77));
#9663=VECTOR('',#12379,1.54);
#9664=CARTESIAN_POINT('',(21.34,0.0,-1.02));
#9665=VECTOR('',#12380,0.433012701892181);
#9666=CARTESIAN_POINT('',(21.34,0.0,1.02));
#9667=VECTOR('',#12381,0.433012701892181);
#9668=CARTESIAN_POINT('',(21.84,0.0,1.02));
#9669=CARTESIAN_POINT('',(21.84,0.0,-1.02));
#9670=CARTESIAN_POINT('',(21.84,0.0,1.02));
#9671=VECTOR('',#12382,2.04);
#9672=CARTESIAN_POINT('',(21.84,0.0,-1.02));
#9673=VECTOR('',#12383,0.433012701892181);
#9674=CARTESIAN_POINT('',(21.84,0.0,1.02));
#9675=VECTOR('',#12384,0.433012701892181);
#9676=CARTESIAN_POINT('',(23.88,0.0,-1.02));
#9677=CARTESIAN_POINT('',(23.88,0.0,1.02));
#9678=CARTESIAN_POINT('',(23.88,0.0,-1.02));
#9679=VECTOR('',#12385,2.04);
#9680=CARTESIAN_POINT('',(23.63,0.0,-1.27));
#9681=CARTESIAN_POINT('',(23.88,0.0,-1.02));
#9682=VECTOR('',#12386,0.353553390593301);
#9683=CARTESIAN_POINT('',(22.09,0.0,-1.27));
#9684=CARTESIAN_POINT('',(22.09,0.0,-1.27));
#9685=VECTOR('',#12387,1.54);
#9686=CARTESIAN_POINT('',(22.09,0.0,-1.27));
#9687=VECTOR('',#12388,0.353553390593276);
#9688=CARTESIAN_POINT('',(22.09,0.0,1.27));
#9689=CARTESIAN_POINT('',(21.84,0.0,1.02));
#9690=VECTOR('',#12389,0.353553390593276);
#9691=CARTESIAN_POINT('',(23.63,0.0,1.27));
#9692=CARTESIAN_POINT('',(23.63,0.0,1.27));
#9693=VECTOR('',#12390,1.54);
#9694=CARTESIAN_POINT('',(23.63,0.0,1.27));
#9695=VECTOR('',#12391,0.353553390593301);
#9696=CARTESIAN_POINT('',(22.54,0.0,0.307));
#9697=CARTESIAN_POINT('',(23.148,0.0,0.307));
#9698=CARTESIAN_POINT('',(22.54,0.0,0.307));
#9699=VECTOR('',#12392,0.608);
#9700=CARTESIAN_POINT('',(22.54,0.0,-0.32));
#9701=CARTESIAN_POINT('',(22.54,0.0,-0.32));
#9702=VECTOR('',#12393,0.627);
#9703=CARTESIAN_POINT('',(23.148,0.0,-0.32));
#9704=CARTESIAN_POINT('',(23.148,0.0,-0.32));
#9705=VECTOR('',#12394,0.608);
#9706=CARTESIAN_POINT('',(23.148,0.0,0.307));
#9707=VECTOR('',#12395,0.627);
#9708=CARTESIAN_POINT('',(24.13,-0.25,0.77));
#9709=CARTESIAN_POINT('',(24.13,-0.25,-0.77));
#9710=CARTESIAN_POINT('',(24.13,-0.25,0.77));
#9711=VECTOR('',#12396,1.54);
#9712=CARTESIAN_POINT('',(23.88,0.0,-1.02));
#9713=VECTOR('',#12397,0.433012701892181);
#9714=CARTESIAN_POINT('',(23.88,0.0,1.02));
#9715=VECTOR('',#12398,0.433012701892181);
#9716=CARTESIAN_POINT('',(24.38,0.0,1.02));
#9717=CARTESIAN_POINT('',(24.38,0.0,-1.02));
#9718=CARTESIAN_POINT('',(24.38,0.0,1.02));
#9719=VECTOR('',#12399,2.04);
#9720=CARTESIAN_POINT('',(24.38,0.0,-1.02));
#9721=VECTOR('',#12400,0.433012701892181);
#9722=CARTESIAN_POINT('',(24.38,0.0,1.02));
#9723=VECTOR('',#12401,0.433012701892181);
#9724=CARTESIAN_POINT('',(26.42,0.0,-1.02));
#9725=CARTESIAN_POINT('',(26.42,0.0,1.02));
#9726=CARTESIAN_POINT('',(26.42,0.0,-1.02));
#9727=VECTOR('',#12402,2.04);
#9728=CARTESIAN_POINT('',(26.17,0.0,-1.27));
#9729=CARTESIAN_POINT('',(26.42,0.0,-1.02));
#9730=VECTOR('',#12403,0.353553390593276);
#9731=CARTESIAN_POINT('',(24.63,0.0,-1.27));
#9732=CARTESIAN_POINT('',(24.63,0.0,-1.27));
#9733=VECTOR('',#12404,1.54);
#9734=CARTESIAN_POINT('',(24.63,0.0,-1.27));
#9735=VECTOR('',#12405,0.353553390593276);
#9736=CARTESIAN_POINT('',(24.63,0.0,1.27));
#9737=CARTESIAN_POINT('',(24.38,0.0,1.02));
#9738=VECTOR('',#12406,0.353553390593276);
#9739=CARTESIAN_POINT('',(26.17,0.0,1.27));
#9740=CARTESIAN_POINT('',(26.17,0.0,1.27));
#9741=VECTOR('',#12407,1.54);
#9742=CARTESIAN_POINT('',(26.17,0.0,1.27));
#9743=VECTOR('',#12408,0.353553390593276);
#9744=CARTESIAN_POINT('',(25.08,0.0,0.307));
#9745=CARTESIAN_POINT('',(25.688,0.0,0.307));
#9746=CARTESIAN_POINT('',(25.08,0.0,0.307));
#9747=VECTOR('',#12409,0.608);
#9748=CARTESIAN_POINT('',(25.08,0.0,-0.32));
#9749=CARTESIAN_POINT('',(25.08,0.0,-0.32));
#9750=VECTOR('',#12410,0.627);
#9751=CARTESIAN_POINT('',(25.688,0.0,-0.32));
#9752=CARTESIAN_POINT('',(25.688,0.0,-0.32));
#9753=VECTOR('',#12411,0.608);
#9754=CARTESIAN_POINT('',(25.688,0.0,0.307));
#9755=VECTOR('',#12412,0.627);
#9756=CARTESIAN_POINT('',(26.67,-0.25,0.77));
#9757=CARTESIAN_POINT('',(26.67,-0.25,-0.77));
#9758=CARTESIAN_POINT('',(26.67,-0.25,0.77));
#9759=VECTOR('',#12413,1.54);
#9760=CARTESIAN_POINT('',(26.42,0.0,-1.02));
#9761=VECTOR('',#12414,0.433012701892181);
#9762=CARTESIAN_POINT('',(26.42,0.0,1.02));
#9763=VECTOR('',#12415,0.433012701892181);
#9764=CARTESIAN_POINT('',(26.92,0.0,1.02));
#9765=CARTESIAN_POINT('',(26.92,0.0,-1.02));
#9766=CARTESIAN_POINT('',(26.92,0.0,1.02));
#9767=VECTOR('',#12416,2.04);
#9768=CARTESIAN_POINT('',(26.92,0.0,-1.02));
#9769=VECTOR('',#12417,0.433012701892181);
#9770=CARTESIAN_POINT('',(26.92,0.0,1.02));
#9771=VECTOR('',#12418,0.433012701892181);
#9772=CARTESIAN_POINT('',(28.96,0.0,-1.02));
#9773=CARTESIAN_POINT('',(28.96,0.0,1.02));
#9774=CARTESIAN_POINT('',(28.96,0.0,-1.02));
#9775=VECTOR('',#12419,2.04);
#9776=CARTESIAN_POINT('',(28.71,0.0,-1.27));
#9777=CARTESIAN_POINT('',(28.96,0.0,-1.02));
#9778=VECTOR('',#12420,0.353553390593301);
#9779=CARTESIAN_POINT('',(27.17,0.0,-1.27));
#9780=CARTESIAN_POINT('',(27.17,0.0,-1.27));
#9781=VECTOR('',#12421,1.54);
#9782=CARTESIAN_POINT('',(27.17,0.0,-1.27));
#9783=VECTOR('',#12422,0.353553390593276);
#9784=CARTESIAN_POINT('',(27.17,0.0,1.27));
#9785=CARTESIAN_POINT('',(26.92,0.0,1.02));
#9786=VECTOR('',#12423,0.353553390593276);
#9787=CARTESIAN_POINT('',(28.71,0.0,1.27));
#9788=CARTESIAN_POINT('',(28.71,0.0,1.27));
#9789=VECTOR('',#12424,1.54);
#9790=CARTESIAN_POINT('',(28.71,0.0,1.27));
#9791=VECTOR('',#12425,0.353553390593276);
#9792=CARTESIAN_POINT('',(27.62,0.0,0.307));
#9793=CARTESIAN_POINT('',(28.228,0.0,0.307));
#9794=CARTESIAN_POINT('',(27.62,0.0,0.307));
#9795=VECTOR('',#12426,0.608);
#9796=CARTESIAN_POINT('',(27.62,0.0,-0.32));
#9797=CARTESIAN_POINT('',(27.62,0.0,-0.32));
#9798=VECTOR('',#12427,0.627);
#9799=CARTESIAN_POINT('',(28.228,0.0,-0.32));
#9800=CARTESIAN_POINT('',(28.228,0.0,-0.32));
#9801=VECTOR('',#12428,0.608);
#9802=CARTESIAN_POINT('',(28.228,0.0,0.307));
#9803=VECTOR('',#12429,0.627);
#9804=CARTESIAN_POINT('',(29.21,-0.25,0.77));
#9805=CARTESIAN_POINT('',(28.96,0.0,1.02));
#9806=VECTOR('',#12430,0.433012701892181);
#9807=CARTESIAN_POINT('',(29.21,-0.25,-0.77));
#9808=CARTESIAN_POINT('',(29.21,-0.25,-0.77));
#9809=VECTOR('',#12431,1.54);
#9810=CARTESIAN_POINT('',(28.96,0.0,-1.02));
#9811=VECTOR('',#12432,0.433012701892181);
#9812=CARTESIAN_POINT('',(28.96,-1.94,-1.02));
#9813=CARTESIAN_POINT('',(28.71,-1.94,-1.27));
#9814=CARTESIAN_POINT('',(28.96,-1.94,-1.02));
#9815=VECTOR('',#12433,0.353553390593301);
#9816=CARTESIAN_POINT('',(28.71,0.0,-1.27));
#9817=VECTOR('',#12434,1.94);
#9818=CARTESIAN_POINT('',(29.21,-1.69,-0.77));
#9819=CARTESIAN_POINT('',(29.21,-0.25,-0.77));
#9820=VECTOR('',#12435,1.44);
#9821=CARTESIAN_POINT('',(29.21,-1.69,-0.77));
#9822=VECTOR('',#12436,0.433012701892181);
#9823=CARTESIAN_POINT('',(28.71,-1.94,1.27));
#9824=CARTESIAN_POINT('',(28.71,-1.94,0.77));
#9825=CARTESIAN_POINT('',(28.71,-1.94,1.27));
#9826=VECTOR('',#12437,0.5);
#9827=CARTESIAN_POINT('',(27.17,-1.94,0.77));
#9828=CARTESIAN_POINT('',(28.71,-1.94,0.77));
#9829=VECTOR('',#12438,1.54);
#9830=CARTESIAN_POINT('',(27.17,-1.94,1.27));
#9831=CARTESIAN_POINT('',(27.17,-1.94,0.77));
#9832=VECTOR('',#12439,0.5);
#9833=CARTESIAN_POINT('',(26.92,-1.94,1.02));
#9834=CARTESIAN_POINT('',(26.92,-1.94,1.02));
#9835=VECTOR('',#12440,0.353553390593276);
#9836=CARTESIAN_POINT('',(26.92,-1.94,-1.02));
#9837=CARTESIAN_POINT('',(26.92,-1.94,1.02));
#9838=VECTOR('',#12441,2.04);
#9839=CARTESIAN_POINT('',(27.17,-1.94,-1.27));
#9840=CARTESIAN_POINT('',(27.17,-1.94,-1.27));
#9841=VECTOR('',#12442,0.353553390593276);
#9842=CARTESIAN_POINT('',(27.17,-1.94,-0.77));
#9843=CARTESIAN_POINT('',(27.17,-1.94,-1.27));
#9844=VECTOR('',#12443,0.5);
#9845=CARTESIAN_POINT('',(28.71,-1.94,-0.77));
#9846=CARTESIAN_POINT('',(27.17,-1.94,-0.77));
#9847=VECTOR('',#12444,1.54);
#9848=CARTESIAN_POINT('',(28.71,-1.94,-0.77));
#9849=VECTOR('',#12445,0.5);
#9850=CARTESIAN_POINT('',(28.96,-1.94,1.02));
#9851=CARTESIAN_POINT('',(28.96,-1.94,-1.02));
#9852=VECTOR('',#12446,2.04);
#9853=CARTESIAN_POINT('',(28.71,-1.94,1.27));
#9854=VECTOR('',#12447,0.353553390593276);
#9855=CARTESIAN_POINT('',(27.62,-1.94,0.307));
#9856=CARTESIAN_POINT('',(28.228,-1.94,0.307));
#9857=CARTESIAN_POINT('',(27.62,-1.94,0.307));
#9858=VECTOR('',#12448,0.608);
#9859=CARTESIAN_POINT('',(28.228,-1.94,-0.32));
#9860=CARTESIAN_POINT('',(28.228,-1.94,0.307));
#9861=VECTOR('',#12449,0.627);
#9862=CARTESIAN_POINT('',(27.62,-1.94,-0.32));
#9863=CARTESIAN_POINT('',(28.228,-1.94,-0.32));
#9864=VECTOR('',#12450,0.608);
#9865=CARTESIAN_POINT('',(27.62,-1.94,-0.32));
#9866=VECTOR('',#12451,0.627);
#9867=CARTESIAN_POINT('',(28.71,-2.54,1.27));
#9868=CARTESIAN_POINT('',(28.71,-2.54,1.27));
#9869=VECTOR('',#12452,0.6);
#9870=CARTESIAN_POINT('',(28.71,-2.54,0.77));
#9871=CARTESIAN_POINT('',(28.71,-2.54,1.27));
#9872=VECTOR('',#12453,0.5);
#9873=CARTESIAN_POINT('',(28.71,-2.54,0.77));
#9874=VECTOR('',#12454,0.6);
#9875=CARTESIAN_POINT('',(27.17,-2.54,0.77));
#9876=CARTESIAN_POINT('',(28.71,-2.54,0.77));
#9877=VECTOR('',#12455,1.54);
#9878=CARTESIAN_POINT('',(27.17,-2.54,0.77));
#9879=VECTOR('',#12456,0.6);
#9880=CARTESIAN_POINT('',(27.17,-2.54,1.27));
#9881=CARTESIAN_POINT('',(27.17,-2.54,1.27));
#9882=VECTOR('',#12457,0.5);
#9883=CARTESIAN_POINT('',(27.17,-2.54,1.27));
#9884=VECTOR('',#12458,0.6);
#9885=CARTESIAN_POINT('',(28.71,0.0,1.27));
#9886=VECTOR('',#12459,1.94);
#9887=CARTESIAN_POINT('',(27.17,0.0,1.27));
#9888=VECTOR('',#12460,1.94);
#9889=CARTESIAN_POINT('',(28.71,-2.54,1.27));
#9890=VECTOR('',#12461,1.54);
#9891=CARTESIAN_POINT('',(27.17,-2.54,-1.27));
#9892=CARTESIAN_POINT('',(27.17,-2.54,-0.77));
#9893=CARTESIAN_POINT('',(27.17,-2.54,-1.27));
#9894=VECTOR('',#12462,0.5);
#9895=CARTESIAN_POINT('',(28.71,-2.54,-1.27));
#9896=CARTESIAN_POINT('',(27.17,-2.54,-1.27));
#9897=VECTOR('',#12463,1.54);
#9898=CARTESIAN_POINT('',(28.71,-2.54,-0.77));
#9899=CARTESIAN_POINT('',(28.71,-2.54,-1.27));
#9900=VECTOR('',#12464,0.5);
#9901=CARTESIAN_POINT('',(27.17,-2.54,-0.77));
#9902=VECTOR('',#12465,1.54);
#9903=CARTESIAN_POINT('',(27.17,-2.54,-1.27));
#9904=VECTOR('',#12466,0.6);
#9905=CARTESIAN_POINT('',(27.17,-2.54,-0.77));
#9906=VECTOR('',#12467,0.6);
#9907=CARTESIAN_POINT('',(28.71,-2.54,-0.77));
#9908=VECTOR('',#12468,0.6);
#9909=CARTESIAN_POINT('',(28.71,-2.54,-1.27));
#9910=VECTOR('',#12469,0.6);
#9911=CARTESIAN_POINT('',(27.17,0.0,-1.27));
#9912=VECTOR('',#12470,1.94);
#9913=CARTESIAN_POINT('',(26.67,-1.69,-0.77));
#9914=CARTESIAN_POINT('',(26.67,-1.69,-0.77));
#9915=VECTOR('',#12471,0.433012701892181);
#9916=CARTESIAN_POINT('',(26.67,-0.25,-0.77));
#9917=VECTOR('',#12472,1.44);
#9918=CARTESIAN_POINT('',(26.42,-1.94,-1.02));
#9919=CARTESIAN_POINT('',(26.67,-1.69,-0.77));
#9920=VECTOR('',#12473,0.433012701892181);
#9921=CARTESIAN_POINT('',(26.17,-1.94,-1.27));
#9922=CARTESIAN_POINT('',(26.42,-1.94,-1.02));
#9923=VECTOR('',#12474,0.353553390593276);
#9924=CARTESIAN_POINT('',(26.17,0.0,-1.27));
#9925=VECTOR('',#12475,1.94);
#9926=CARTESIAN_POINT('',(24.63,-2.54,-1.27));
#9927=CARTESIAN_POINT('',(24.63,-1.94,-1.27));
#9928=CARTESIAN_POINT('',(24.63,-2.54,-1.27));
#9929=VECTOR('',#12476,0.6);
#9930=CARTESIAN_POINT('',(24.63,0.0,-1.27));
#9931=VECTOR('',#12477,1.94);
#9932=CARTESIAN_POINT('',(26.17,-2.54,-1.27));
#9933=CARTESIAN_POINT('',(26.17,-2.54,-1.27));
#9934=VECTOR('',#12478,0.6);
#9935=CARTESIAN_POINT('',(24.63,-2.54,-1.27));
#9936=VECTOR('',#12479,1.54);
#9937=CARTESIAN_POINT('',(24.63,-1.94,-0.77));
#9938=CARTESIAN_POINT('',(24.63,-1.94,-1.27));
#9939=VECTOR('',#12480,0.5);
#9940=CARTESIAN_POINT('',(24.63,-2.54,-0.77));
#9941=CARTESIAN_POINT('',(24.63,-2.54,-1.27));
#9942=VECTOR('',#12481,0.5);
#9943=CARTESIAN_POINT('',(24.63,-2.54,-0.77));
#9944=VECTOR('',#12482,0.6);
#9945=CARTESIAN_POINT('',(26.17,-1.94,1.27));
#9946=CARTESIAN_POINT('',(26.17,-1.94,0.77));
#9947=CARTESIAN_POINT('',(26.17,-1.94,1.27));
#9948=VECTOR('',#12483,0.5);
#9949=CARTESIAN_POINT('',(24.63,-1.94,0.77));
#9950=CARTESIAN_POINT('',(26.17,-1.94,0.77));
#9951=VECTOR('',#12484,1.54);
#9952=CARTESIAN_POINT('',(24.63,-1.94,1.27));
#9953=CARTESIAN_POINT('',(24.63,-1.94,0.77));
#9954=VECTOR('',#12485,0.5);
#9955=CARTESIAN_POINT('',(24.38,-1.94,1.02));
#9956=CARTESIAN_POINT('',(24.38,-1.94,1.02));
#9957=VECTOR('',#12486,0.353553390593276);
#9958=CARTESIAN_POINT('',(24.38,-1.94,-1.02));
#9959=CARTESIAN_POINT('',(24.38,-1.94,1.02));
#9960=VECTOR('',#12487,2.04);
#9961=CARTESIAN_POINT('',(24.63,-1.94,-1.27));
#9962=VECTOR('',#12488,0.353553390593276);
#9963=CARTESIAN_POINT('',(26.17,-1.94,-0.77));
#9964=CARTESIAN_POINT('',(24.63,-1.94,-0.77));
#9965=VECTOR('',#12489,1.54);
#9966=CARTESIAN_POINT('',(26.17,-1.94,-0.77));
#9967=VECTOR('',#12490,0.5);
#9968=CARTESIAN_POINT('',(26.42,-1.94,1.02));
#9969=CARTESIAN_POINT('',(26.42,-1.94,-1.02));
#9970=VECTOR('',#12491,2.04);
#9971=CARTESIAN_POINT('',(26.17,-1.94,1.27));
#9972=VECTOR('',#12492,0.353553390593301);
#9973=CARTESIAN_POINT('',(25.08,-1.94,0.307));
#9974=CARTESIAN_POINT('',(25.688,-1.94,0.307));
#9975=CARTESIAN_POINT('',(25.08,-1.94,0.307));
#9976=VECTOR('',#12493,0.608);
#9977=CARTESIAN_POINT('',(25.688,-1.94,-0.32));
#9978=CARTESIAN_POINT('',(25.688,-1.94,0.307));
#9979=VECTOR('',#12494,0.627);
#9980=CARTESIAN_POINT('',(25.08,-1.94,-0.32));
#9981=CARTESIAN_POINT('',(25.688,-1.94,-0.32));
#9982=VECTOR('',#12495,0.608);
#9983=CARTESIAN_POINT('',(25.08,-1.94,-0.32));
#9984=VECTOR('',#12496,0.627);
#9985=CARTESIAN_POINT('',(26.17,-2.54,1.27));
#9986=CARTESIAN_POINT('',(26.17,-2.54,1.27));
#9987=VECTOR('',#12497,0.6);
#9988=CARTESIAN_POINT('',(26.17,-2.54,0.77));
#9989=CARTESIAN_POINT('',(26.17,-2.54,1.27));
#9990=VECTOR('',#12498,0.5);
#9991=CARTESIAN_POINT('',(26.17,-2.54,0.77));
#9992=VECTOR('',#12499,0.6);
#9993=CARTESIAN_POINT('',(24.63,-2.54,0.77));
#9994=CARTESIAN_POINT('',(26.17,-2.54,0.77));
#9995=VECTOR('',#12500,1.54);
#9996=CARTESIAN_POINT('',(24.63,-2.54,0.77));
#9997=VECTOR('',#12501,0.6);
#9998=CARTESIAN_POINT('',(24.63,-2.54,1.27));
#9999=CARTESIAN_POINT('',(24.63,-2.54,1.27));
#10000=VECTOR('',#12502,0.5);
#10001=CARTESIAN_POINT('',(24.63,-2.54,1.27));
#10002=VECTOR('',#12503,0.6);
#10003=CARTESIAN_POINT('',(26.17,0.0,1.27));
#10004=VECTOR('',#12504,1.94);
#10005=CARTESIAN_POINT('',(24.63,0.0,1.27));
#10006=VECTOR('',#12505,1.94);
#10007=CARTESIAN_POINT('',(26.17,-2.54,1.27));
#10008=VECTOR('',#12506,1.54);
#10009=CARTESIAN_POINT('',(26.17,-2.54,-0.77));
#10010=CARTESIAN_POINT('',(26.17,-2.54,-1.27));
#10011=VECTOR('',#12507,0.5);
#10012=CARTESIAN_POINT('',(24.63,-2.54,-0.77));
#10013=VECTOR('',#12508,1.54);
#10014=CARTESIAN_POINT('',(26.17,-2.54,-0.77));
#10015=VECTOR('',#12509,0.6);
#10016=CARTESIAN_POINT('',(24.13,-1.69,0.77));
#10017=CARTESIAN_POINT('',(24.13,-0.25,0.77));
#10018=VECTOR('',#12510,1.44);
#10019=CARTESIAN_POINT('',(24.13,-1.69,0.77));
#10020=VECTOR('',#12511,0.433012701892181);
#10021=CARTESIAN_POINT('',(24.13,-1.69,-0.77));
#10022=CARTESIAN_POINT('',(24.13,-1.69,0.77));
#10023=VECTOR('',#12512,1.54);
#10024=CARTESIAN_POINT('',(24.13,-1.69,-0.77));
#10025=VECTOR('',#12513,0.433012701892181);
#10026=CARTESIAN_POINT('',(23.88,-1.94,1.02));
#10027=CARTESIAN_POINT('',(24.13,-1.69,0.77));
#10028=VECTOR('',#12514,0.433012701892181);
#10029=CARTESIAN_POINT('',(23.88,-1.94,-1.02));
#10030=CARTESIAN_POINT('',(23.88,-1.94,-1.02));
#10031=VECTOR('',#12515,2.04);
#10032=CARTESIAN_POINT('',(24.13,-1.69,-0.77));
#10033=VECTOR('',#12516,0.433012701892181);
#10034=CARTESIAN_POINT('',(24.13,-0.25,-0.77));
#10035=VECTOR('',#12517,1.44);
#10036=CARTESIAN_POINT('',(23.63,-1.94,-1.27));
#10037=CARTESIAN_POINT('',(23.88,-1.94,-1.02));
#10038=VECTOR('',#12518,0.353553390593276);
#10039=CARTESIAN_POINT('',(23.63,0.0,-1.27));
#10040=VECTOR('',#12519,1.94);
#10041=CARTESIAN_POINT('',(22.09,-2.54,-1.27));
#10042=CARTESIAN_POINT('',(22.09,-1.94,-1.27));
#10043=CARTESIAN_POINT('',(22.09,-2.54,-1.27));
#10044=VECTOR('',#12520,0.6);
#10045=CARTESIAN_POINT('',(22.09,0.0,-1.27));
#10046=VECTOR('',#12521,1.94);
#10047=CARTESIAN_POINT('',(23.63,-2.54,-1.27));
#10048=CARTESIAN_POINT('',(23.63,-2.54,-1.27));
#10049=VECTOR('',#12522,0.6);
#10050=CARTESIAN_POINT('',(22.09,-2.54,-1.27));
#10051=VECTOR('',#12523,1.54);
#10052=CARTESIAN_POINT('',(22.09,-1.94,-0.77));
#10053=CARTESIAN_POINT('',(22.09,-1.94,-1.27));
#10054=VECTOR('',#12524,0.5);
#10055=CARTESIAN_POINT('',(22.09,-2.54,-0.77));
#10056=CARTESIAN_POINT('',(22.09,-2.54,-1.27));
#10057=VECTOR('',#12525,0.5);
#10058=CARTESIAN_POINT('',(22.09,-2.54,-0.77));
#10059=VECTOR('',#12526,0.6);
#10060=CARTESIAN_POINT('',(23.63,-1.94,1.27));
#10061=CARTESIAN_POINT('',(23.63,-1.94,0.77));
#10062=CARTESIAN_POINT('',(23.63,-1.94,1.27));
#10063=VECTOR('',#12527,0.5);
#10064=CARTESIAN_POINT('',(22.09,-1.94,0.77));
#10065=CARTESIAN_POINT('',(23.63,-1.94,0.77));
#10066=VECTOR('',#12528,1.54);
#10067=CARTESIAN_POINT('',(22.09,-1.94,1.27));
#10068=CARTESIAN_POINT('',(22.09,-1.94,0.77));
#10069=VECTOR('',#12529,0.5);
#10070=CARTESIAN_POINT('',(21.84,-1.94,1.02));
#10071=CARTESIAN_POINT('',(21.84,-1.94,1.02));
#10072=VECTOR('',#12530,0.353553390593301);
#10073=CARTESIAN_POINT('',(21.84,-1.94,-1.02));
#10074=CARTESIAN_POINT('',(21.84,-1.94,1.02));
#10075=VECTOR('',#12531,2.04);
#10076=CARTESIAN_POINT('',(22.09,-1.94,-1.27));
#10077=VECTOR('',#12532,0.353553390593301);
#10078=CARTESIAN_POINT('',(23.63,-1.94,-0.77));
#10079=CARTESIAN_POINT('',(22.09,-1.94,-0.77));
#10080=VECTOR('',#12533,1.54);
#10081=CARTESIAN_POINT('',(23.63,-1.94,-0.77));
#10082=VECTOR('',#12534,0.5);
#10083=CARTESIAN_POINT('',(23.63,-1.94,1.27));
#10084=VECTOR('',#12535,0.353553390593276);
#10085=CARTESIAN_POINT('',(22.54,-1.94,0.307));
#10086=CARTESIAN_POINT('',(23.148,-1.94,0.307));
#10087=CARTESIAN_POINT('',(22.54,-1.94,0.307));
#10088=VECTOR('',#12536,0.608);
#10089=CARTESIAN_POINT('',(23.148,-1.94,-0.32));
#10090=CARTESIAN_POINT('',(23.148,-1.94,0.307));
#10091=VECTOR('',#12537,0.627);
#10092=CARTESIAN_POINT('',(22.54,-1.94,-0.32));
#10093=CARTESIAN_POINT('',(23.148,-1.94,-0.32));
#10094=VECTOR('',#12538,0.608);
#10095=CARTESIAN_POINT('',(22.54,-1.94,-0.32));
#10096=VECTOR('',#12539,0.627);
#10097=CARTESIAN_POINT('',(23.63,-2.54,1.27));
#10098=CARTESIAN_POINT('',(23.63,-2.54,1.27));
#10099=VECTOR('',#12540,0.6);
#10100=CARTESIAN_POINT('',(23.63,-2.54,0.77));
#10101=CARTESIAN_POINT('',(23.63,-2.54,1.27));
#10102=VECTOR('',#12541,0.5);
#10103=CARTESIAN_POINT('',(23.63,-2.54,0.77));
#10104=VECTOR('',#12542,0.6);
#10105=CARTESIAN_POINT('',(22.09,-2.54,0.77));
#10106=CARTESIAN_POINT('',(23.63,-2.54,0.77));
#10107=VECTOR('',#12543,1.54);
#10108=CARTESIAN_POINT('',(22.09,-2.54,0.77));
#10109=VECTOR('',#12544,0.6);
#10110=CARTESIAN_POINT('',(22.09,-2.54,1.27));
#10111=CARTESIAN_POINT('',(22.09,-2.54,1.27));
#10112=VECTOR('',#12545,0.5);
#10113=CARTESIAN_POINT('',(22.09,-2.54,1.27));
#10114=VECTOR('',#12546,0.6);
#10115=CARTESIAN_POINT('',(23.63,0.0,1.27));
#10116=VECTOR('',#12547,1.94);
#10117=CARTESIAN_POINT('',(22.09,0.0,1.27));
#10118=VECTOR('',#12548,1.94);
#10119=CARTESIAN_POINT('',(23.63,-2.54,1.27));
#10120=VECTOR('',#12549,1.54);
#10121=CARTESIAN_POINT('',(23.63,-2.54,-0.77));
#10122=CARTESIAN_POINT('',(23.63,-2.54,-1.27));
#10123=VECTOR('',#12550,0.5);
#10124=CARTESIAN_POINT('',(22.09,-2.54,-0.77));
#10125=VECTOR('',#12551,1.54);
#10126=CARTESIAN_POINT('',(23.63,-2.54,-0.77));
#10127=VECTOR('',#12552,0.6);
#10128=CARTESIAN_POINT('',(21.59,-1.69,0.77));
#10129=CARTESIAN_POINT('',(21.59,-0.25,0.77));
#10130=VECTOR('',#12553,1.44);
#10131=CARTESIAN_POINT('',(21.59,-1.69,0.77));
#10132=VECTOR('',#12554,0.433012701892181);
#10133=CARTESIAN_POINT('',(21.59,-1.69,-0.77));
#10134=CARTESIAN_POINT('',(21.59,-1.69,0.77));
#10135=VECTOR('',#12555,1.54);
#10136=CARTESIAN_POINT('',(21.59,-1.69,-0.77));
#10137=VECTOR('',#12556,0.433012701892181);
#10138=CARTESIAN_POINT('',(21.34,-1.94,1.02));
#10139=CARTESIAN_POINT('',(21.59,-1.69,0.77));
#10140=VECTOR('',#12557,0.433012701892181);
#10141=CARTESIAN_POINT('',(21.34,-1.94,-1.02));
#10142=CARTESIAN_POINT('',(21.34,-1.94,-1.02));
#10143=VECTOR('',#12558,2.04);
#10144=CARTESIAN_POINT('',(21.59,-1.69,-0.77));
#10145=VECTOR('',#12559,0.433012701892181);
#10146=CARTESIAN_POINT('',(21.59,-0.25,-0.77));
#10147=VECTOR('',#12560,1.44);
#10148=CARTESIAN_POINT('',(21.09,-1.94,-1.27));
#10149=CARTESIAN_POINT('',(21.34,-1.94,-1.02));
#10150=VECTOR('',#12561,0.353553390593301);
#10151=CARTESIAN_POINT('',(21.09,0.0,-1.27));
#10152=VECTOR('',#12562,1.94);
#10153=CARTESIAN_POINT('',(19.55,-2.54,-1.27));
#10154=CARTESIAN_POINT('',(19.55,-1.94,-1.27));
#10155=CARTESIAN_POINT('',(19.55,-2.54,-1.27));
#10156=VECTOR('',#12563,0.6);
#10157=CARTESIAN_POINT('',(19.55,0.0,-1.27));
#10158=VECTOR('',#12564,1.94);
#10159=CARTESIAN_POINT('',(21.09,-2.54,-1.27));
#10160=CARTESIAN_POINT('',(21.09,-2.54,-1.27));
#10161=VECTOR('',#12565,0.6);
#10162=CARTESIAN_POINT('',(19.55,-2.54,-1.27));
#10163=VECTOR('',#12566,1.54);
#10164=CARTESIAN_POINT('',(19.55,-2.54,-0.77));
#10165=CARTESIAN_POINT('',(19.55,-2.54,-1.27));
#10166=VECTOR('',#12567,0.5);
#10167=CARTESIAN_POINT('',(19.55,-1.94,-0.77));
#10168=CARTESIAN_POINT('',(19.55,-2.54,-0.77));
#10169=VECTOR('',#12568,0.6);
#10170=CARTESIAN_POINT('',(19.55,-1.94,-1.27));
#10171=VECTOR('',#12569,0.5);
#10172=CARTESIAN_POINT('',(21.09,-2.54,1.27));
#10173=CARTESIAN_POINT('',(21.09,-2.54,0.77));
#10174=CARTESIAN_POINT('',(21.09,-2.54,1.27));
#10175=VECTOR('',#12570,0.5);
#10176=CARTESIAN_POINT('',(19.55,-2.54,1.27));
#10177=CARTESIAN_POINT('',(21.09,-2.54,1.27));
#10178=VECTOR('',#12571,1.54);
#10179=CARTESIAN_POINT('',(19.55,-2.54,0.77));
#10180=CARTESIAN_POINT('',(19.55,-2.54,1.27));
#10181=VECTOR('',#12572,0.5);
#10182=CARTESIAN_POINT('',(21.09,-2.54,0.77));
#10183=VECTOR('',#12573,1.54);
#10184=CARTESIAN_POINT('',(21.09,-2.54,-0.77));
#10185=CARTESIAN_POINT('',(21.09,-2.54,-1.27));
#10186=VECTOR('',#12574,0.5);
#10187=CARTESIAN_POINT('',(19.55,-2.54,-0.77));
#10188=VECTOR('',#12575,1.54);
#10189=CARTESIAN_POINT('',(21.09,-1.94,0.77));
#10190=CARTESIAN_POINT('',(21.09,-2.54,0.77));
#10191=VECTOR('',#12576,0.6);
#10192=CARTESIAN_POINT('',(21.09,-1.94,1.27));
#10193=CARTESIAN_POINT('',(21.09,-1.94,1.27));
#10194=VECTOR('',#12577,0.5);
#10195=CARTESIAN_POINT('',(21.09,-2.54,1.27));
#10196=VECTOR('',#12578,0.6);
#10197=CARTESIAN_POINT('',(21.09,0.0,1.27));
#10198=VECTOR('',#12579,1.94);
#10199=CARTESIAN_POINT('',(19.55,-1.94,1.27));
#10200=CARTESIAN_POINT('',(19.55,0.0,1.27));
#10201=VECTOR('',#12580,1.94);
#10202=CARTESIAN_POINT('',(19.55,-2.54,1.27));
#10203=VECTOR('',#12581,0.6);
#10204=CARTESIAN_POINT('',(19.55,-1.94,0.77));
#10205=CARTESIAN_POINT('',(19.55,-1.94,0.77));
#10206=VECTOR('',#12582,0.5);
#10207=CARTESIAN_POINT('',(19.55,-2.54,0.77));
#10208=VECTOR('',#12583,0.6);
#10209=CARTESIAN_POINT('',(21.09,-1.94,0.77));
#10210=VECTOR('',#12584,1.54);
#10211=CARTESIAN_POINT('',(21.09,-1.94,1.27));
#10212=VECTOR('',#12585,0.353553390593301);
#10213=CARTESIAN_POINT('',(19.3,-1.94,1.02));
#10214=CARTESIAN_POINT('',(19.3,-1.94,1.02));
#10215=VECTOR('',#12586,0.353553390593276);
#10216=CARTESIAN_POINT('',(19.3,-1.94,-1.02));
#10217=CARTESIAN_POINT('',(19.3,-1.94,1.02));
#10218=VECTOR('',#12587,2.04);
#10219=CARTESIAN_POINT('',(19.55,-1.94,-1.27));
#10220=VECTOR('',#12588,0.353553390593301);
#10221=CARTESIAN_POINT('',(21.09,-1.94,-0.77));
#10222=CARTESIAN_POINT('',(19.55,-1.94,-0.77));
#10223=VECTOR('',#12589,1.54);
#10224=CARTESIAN_POINT('',(21.09,-1.94,-0.77));
#10225=VECTOR('',#12590,0.5);
#10226=CARTESIAN_POINT('',(20.0,-1.94,0.307));
#10227=CARTESIAN_POINT('',(20.608,-1.94,0.307));
#10228=CARTESIAN_POINT('',(20.0,-1.94,0.307));
#10229=VECTOR('',#12591,0.608);
#10230=CARTESIAN_POINT('',(20.608,-1.94,-0.32));
#10231=CARTESIAN_POINT('',(20.608,-1.94,0.307));
#10232=VECTOR('',#12592,0.627);
#10233=CARTESIAN_POINT('',(20.0,-1.94,-0.32));
#10234=CARTESIAN_POINT('',(20.608,-1.94,-0.32));
#10235=VECTOR('',#12593,0.608);
#10236=CARTESIAN_POINT('',(20.0,-1.94,-0.32));
#10237=VECTOR('',#12594,0.627);
#10238=CARTESIAN_POINT('',(21.09,-2.54,-0.77));
#10239=VECTOR('',#12595,0.6);
#10240=CARTESIAN_POINT('',(19.05,-1.69,-0.77));
#10241=CARTESIAN_POINT('',(19.05,-1.69,-0.77));
#10242=VECTOR('',#12596,0.433012701892181);
#10243=CARTESIAN_POINT('',(19.05,-0.25,-0.77));
#10244=VECTOR('',#12597,1.44);
#10245=CARTESIAN_POINT('',(18.8,-1.94,-1.02));
#10246=CARTESIAN_POINT('',(19.05,-1.69,-0.77));
#10247=VECTOR('',#12598,0.433012701892181);
#10248=CARTESIAN_POINT('',(18.55,-1.94,-1.27));
#10249=CARTESIAN_POINT('',(18.8,-1.94,-1.02));
#10250=VECTOR('',#12599,0.353553390593301);
#10251=CARTESIAN_POINT('',(18.55,0.0,-1.27));
#10252=VECTOR('',#12600,1.94);
#10253=CARTESIAN_POINT('',(17.01,-2.54,-1.27));
#10254=CARTESIAN_POINT('',(17.01,-1.94,-1.27));
#10255=CARTESIAN_POINT('',(17.01,-2.54,-1.27));
#10256=VECTOR('',#12601,0.6);
#10257=CARTESIAN_POINT('',(17.01,0.0,-1.27));
#10258=VECTOR('',#12602,1.94);
#10259=CARTESIAN_POINT('',(18.55,-2.54,-1.27));
#10260=CARTESIAN_POINT('',(18.55,-2.54,-1.27));
#10261=VECTOR('',#12603,0.6);
#10262=CARTESIAN_POINT('',(17.01,-2.54,-1.27));
#10263=VECTOR('',#12604,1.54);
#10264=CARTESIAN_POINT('',(17.01,-2.54,-0.77));
#10265=CARTESIAN_POINT('',(17.01,-2.54,-1.27));
#10266=VECTOR('',#12605,0.5);
#10267=CARTESIAN_POINT('',(17.01,-1.94,-0.77));
#10268=CARTESIAN_POINT('',(17.01,-2.54,-0.77));
#10269=VECTOR('',#12606,0.6);
#10270=CARTESIAN_POINT('',(17.01,-1.94,-1.27));
#10271=VECTOR('',#12607,0.5);
#10272=CARTESIAN_POINT('',(18.55,-2.54,1.27));
#10273=CARTESIAN_POINT('',(18.55,-2.54,0.77));
#10274=CARTESIAN_POINT('',(18.55,-2.54,1.27));
#10275=VECTOR('',#12608,0.5);
#10276=CARTESIAN_POINT('',(17.01,-2.54,1.27));
#10277=CARTESIAN_POINT('',(18.55,-2.54,1.27));
#10278=VECTOR('',#12609,1.54);
#10279=CARTESIAN_POINT('',(17.01,-2.54,0.77));
#10280=CARTESIAN_POINT('',(17.01,-2.54,1.27));
#10281=VECTOR('',#12610,0.5);
#10282=CARTESIAN_POINT('',(18.55,-2.54,0.77));
#10283=VECTOR('',#12611,1.54);
#10284=CARTESIAN_POINT('',(18.55,-2.54,-0.77));
#10285=CARTESIAN_POINT('',(18.55,-2.54,-1.27));
#10286=VECTOR('',#12612,0.5);
#10287=CARTESIAN_POINT('',(17.01,-2.54,-0.77));
#10288=VECTOR('',#12613,1.54);
#10289=CARTESIAN_POINT('',(18.55,-1.94,0.77));
#10290=CARTESIAN_POINT('',(18.55,-2.54,0.77));
#10291=VECTOR('',#12614,0.6);
#10292=CARTESIAN_POINT('',(18.55,-1.94,1.27));
#10293=CARTESIAN_POINT('',(18.55,-1.94,1.27));
#10294=VECTOR('',#12615,0.5);
#10295=CARTESIAN_POINT('',(18.55,-2.54,1.27));
#10296=VECTOR('',#12616,0.6);
#10297=CARTESIAN_POINT('',(18.55,0.0,1.27));
#10298=VECTOR('',#12617,1.94);
#10299=CARTESIAN_POINT('',(17.01,-1.94,1.27));
#10300=CARTESIAN_POINT('',(17.01,0.0,1.27));
#10301=VECTOR('',#12618,1.94);
#10302=CARTESIAN_POINT('',(17.01,-2.54,1.27));
#10303=VECTOR('',#12619,0.6);
#10304=CARTESIAN_POINT('',(17.01,-1.94,0.77));
#10305=CARTESIAN_POINT('',(17.01,-1.94,0.77));
#10306=VECTOR('',#12620,0.5);
#10307=CARTESIAN_POINT('',(17.01,-2.54,0.77));
#10308=VECTOR('',#12621,0.6);
#10309=CARTESIAN_POINT('',(18.55,-1.94,0.77));
#10310=VECTOR('',#12622,1.54);
#10311=CARTESIAN_POINT('',(18.8,-1.94,1.02));
#10312=CARTESIAN_POINT('',(18.8,-1.94,-1.02));
#10313=VECTOR('',#12623,2.04);
#10314=CARTESIAN_POINT('',(18.55,-1.94,1.27));
#10315=VECTOR('',#12624,0.353553390593301);
#10316=CARTESIAN_POINT('',(16.76,-1.94,1.02));
#10317=CARTESIAN_POINT('',(16.76,-1.94,1.02));
#10318=VECTOR('',#12625,0.353553390593276);
#10319=CARTESIAN_POINT('',(16.76,-1.94,-1.02));
#10320=CARTESIAN_POINT('',(16.76,-1.94,1.02));
#10321=VECTOR('',#12626,2.04);
#10322=CARTESIAN_POINT('',(17.01,-1.94,-1.27));
#10323=VECTOR('',#12627,0.353553390593276);
#10324=CARTESIAN_POINT('',(18.55,-1.94,-0.77));
#10325=CARTESIAN_POINT('',(17.01,-1.94,-0.77));
#10326=VECTOR('',#12628,1.54);
#10327=CARTESIAN_POINT('',(18.55,-1.94,-0.77));
#10328=VECTOR('',#12629,0.5);
#10329=CARTESIAN_POINT('',(17.46,-1.94,0.307));
#10330=CARTESIAN_POINT('',(18.068,-1.94,0.307));
#10331=CARTESIAN_POINT('',(17.46,-1.94,0.307));
#10332=VECTOR('',#12630,0.608);
#10333=CARTESIAN_POINT('',(18.068,-1.94,-0.32));
#10334=CARTESIAN_POINT('',(18.068,-1.94,0.307));
#10335=VECTOR('',#12631,0.627);
#10336=CARTESIAN_POINT('',(17.46,-1.94,-0.32));
#10337=CARTESIAN_POINT('',(18.068,-1.94,-0.32));
#10338=VECTOR('',#12632,0.608);
#10339=CARTESIAN_POINT('',(17.46,-1.94,-0.32));
#10340=VECTOR('',#12633,0.627);
#10341=CARTESIAN_POINT('',(19.05,-1.69,0.77));
#10342=CARTESIAN_POINT('',(19.05,-1.69,0.77));
#10343=VECTOR('',#12634,1.54);
#10344=CARTESIAN_POINT('',(19.05,-1.69,0.77));
#10345=VECTOR('',#12635,0.433012701892181);
#10346=CARTESIAN_POINT('',(19.05,-1.69,0.77));
#10347=VECTOR('',#12636,0.433012701892181);
#10348=CARTESIAN_POINT('',(19.05,-0.25,0.77));
#10349=VECTOR('',#12637,1.44);
#10350=CARTESIAN_POINT('',(18.55,-2.54,-0.77));
#10351=VECTOR('',#12638,0.6);
#10352=CARTESIAN_POINT('',(16.51,-1.69,-0.77));
#10353=CARTESIAN_POINT('',(16.51,-1.69,-0.77));
#10354=VECTOR('',#12639,0.433012701892181);
#10355=CARTESIAN_POINT('',(16.51,-0.25,-0.77));
#10356=VECTOR('',#12640,1.44);
#10357=CARTESIAN_POINT('',(16.26,-1.94,-1.02));
#10358=CARTESIAN_POINT('',(16.51,-1.69,-0.77));
#10359=VECTOR('',#12641,0.433012701892181);
#10360=CARTESIAN_POINT('',(16.01,-1.94,-1.27));
#10361=CARTESIAN_POINT('',(16.26,-1.94,-1.02));
#10362=VECTOR('',#12642,0.353553390593276);
#10363=CARTESIAN_POINT('',(16.01,0.0,-1.27));
#10364=VECTOR('',#12643,1.94);
#10365=CARTESIAN_POINT('',(14.47,-2.54,-1.27));
#10366=CARTESIAN_POINT('',(14.47,-1.94,-1.27));
#10367=CARTESIAN_POINT('',(14.47,-2.54,-1.27));
#10368=VECTOR('',#12644,0.6);
#10369=CARTESIAN_POINT('',(14.47,0.0,-1.27));
#10370=VECTOR('',#12645,1.94);
#10371=CARTESIAN_POINT('',(16.01,-2.54,-1.27));
#10372=CARTESIAN_POINT('',(16.01,-2.54,-1.27));
#10373=VECTOR('',#12646,0.6);
#10374=CARTESIAN_POINT('',(14.47,-2.54,-1.27));
#10375=VECTOR('',#12647,1.54);
#10376=CARTESIAN_POINT('',(14.47,-2.54,-0.77));
#10377=CARTESIAN_POINT('',(14.47,-2.54,-1.27));
#10378=VECTOR('',#12648,0.5);
#10379=CARTESIAN_POINT('',(14.47,-1.94,-0.77));
#10380=CARTESIAN_POINT('',(14.47,-2.54,-0.77));
#10381=VECTOR('',#12649,0.6);
#10382=CARTESIAN_POINT('',(14.47,-1.94,-1.27));
#10383=VECTOR('',#12650,0.5);
#10384=CARTESIAN_POINT('',(16.01,-2.54,1.27));
#10385=CARTESIAN_POINT('',(16.01,-2.54,0.77));
#10386=CARTESIAN_POINT('',(16.01,-2.54,1.27));
#10387=VECTOR('',#12651,0.5);
#10388=CARTESIAN_POINT('',(14.47,-2.54,1.27));
#10389=CARTESIAN_POINT('',(16.01,-2.54,1.27));
#10390=VECTOR('',#12652,1.54);
#10391=CARTESIAN_POINT('',(14.47,-2.54,0.77));
#10392=CARTESIAN_POINT('',(14.47,-2.54,1.27));
#10393=VECTOR('',#12653,0.5);
#10394=CARTESIAN_POINT('',(16.01,-2.54,0.77));
#10395=VECTOR('',#12654,1.54);
#10396=CARTESIAN_POINT('',(16.01,-2.54,-0.77));
#10397=CARTESIAN_POINT('',(16.01,-2.54,-1.27));
#10398=VECTOR('',#12655,0.5);
#10399=CARTESIAN_POINT('',(14.47,-2.54,-0.77));
#10400=VECTOR('',#12656,1.54);
#10401=CARTESIAN_POINT('',(16.01,-1.94,0.77));
#10402=CARTESIAN_POINT('',(16.01,-2.54,0.77));
#10403=VECTOR('',#12657,0.6);
#10404=CARTESIAN_POINT('',(16.01,-1.94,1.27));
#10405=CARTESIAN_POINT('',(16.01,-1.94,1.27));
#10406=VECTOR('',#12658,0.5);
#10407=CARTESIAN_POINT('',(16.01,-2.54,1.27));
#10408=VECTOR('',#12659,0.6);
#10409=CARTESIAN_POINT('',(16.01,0.0,1.27));
#10410=VECTOR('',#12660,1.94);
#10411=CARTESIAN_POINT('',(14.47,-1.94,1.27));
#10412=CARTESIAN_POINT('',(14.47,0.0,1.27));
#10413=VECTOR('',#12661,1.94);
#10414=CARTESIAN_POINT('',(14.47,-2.54,1.27));
#10415=VECTOR('',#12662,0.6);
#10416=CARTESIAN_POINT('',(14.47,-1.94,0.77));
#10417=CARTESIAN_POINT('',(14.47,-1.94,0.77));
#10418=VECTOR('',#12663,0.5);
#10419=CARTESIAN_POINT('',(14.47,-2.54,0.77));
#10420=VECTOR('',#12664,0.6);
#10421=CARTESIAN_POINT('',(16.01,-1.94,0.77));
#10422=VECTOR('',#12665,1.54);
#10423=CARTESIAN_POINT('',(16.26,-1.94,1.02));
#10424=CARTESIAN_POINT('',(16.26,-1.94,-1.02));
#10425=VECTOR('',#12666,2.04);
#10426=CARTESIAN_POINT('',(16.01,-1.94,1.27));
#10427=VECTOR('',#12667,0.353553390593301);
#10428=CARTESIAN_POINT('',(14.22,-1.94,1.02));
#10429=CARTESIAN_POINT('',(14.22,-1.94,1.02));
#10430=VECTOR('',#12668,0.353553390593276);
#10431=CARTESIAN_POINT('',(14.22,-1.94,-1.02));
#10432=CARTESIAN_POINT('',(14.22,-1.94,1.02));
#10433=VECTOR('',#12669,2.04);
#10434=CARTESIAN_POINT('',(14.47,-1.94,-1.27));
#10435=VECTOR('',#12670,0.353553390593276);
#10436=CARTESIAN_POINT('',(16.01,-1.94,-0.77));
#10437=CARTESIAN_POINT('',(14.47,-1.94,-0.77));
#10438=VECTOR('',#12671,1.54);
#10439=CARTESIAN_POINT('',(16.01,-1.94,-0.77));
#10440=VECTOR('',#12672,0.5);
#10441=CARTESIAN_POINT('',(14.92,-1.94,0.307));
#10442=CARTESIAN_POINT('',(15.528,-1.94,0.307));
#10443=CARTESIAN_POINT('',(14.92,-1.94,0.307));
#10444=VECTOR('',#12673,0.608);
#10445=CARTESIAN_POINT('',(15.528,-1.94,-0.32));
#10446=CARTESIAN_POINT('',(15.528,-1.94,0.307));
#10447=VECTOR('',#12674,0.627);
#10448=CARTESIAN_POINT('',(14.92,-1.94,-0.32));
#10449=CARTESIAN_POINT('',(15.528,-1.94,-0.32));
#10450=VECTOR('',#12675,0.608);
#10451=CARTESIAN_POINT('',(14.92,-1.94,-0.32));
#10452=VECTOR('',#12676,0.627);
#10453=CARTESIAN_POINT('',(16.51,-1.69,0.77));
#10454=CARTESIAN_POINT('',(16.51,-1.69,0.77));
#10455=VECTOR('',#12677,1.54);
#10456=CARTESIAN_POINT('',(16.51,-1.69,0.77));
#10457=VECTOR('',#12678,0.433012701892181);
#10458=CARTESIAN_POINT('',(16.51,-1.69,0.77));
#10459=VECTOR('',#12679,0.433012701892181);
#10460=CARTESIAN_POINT('',(16.51,-0.25,0.77));
#10461=VECTOR('',#12680,1.44);
#10462=CARTESIAN_POINT('',(16.01,-2.54,-0.77));
#10463=VECTOR('',#12681,0.6);
#10464=CARTESIAN_POINT('',(13.97,-1.69,-0.77));
#10465=CARTESIAN_POINT('',(13.97,-1.69,-0.77));
#10466=VECTOR('',#12682,0.433012701892181);
#10467=CARTESIAN_POINT('',(13.97,-0.25,-0.77));
#10468=VECTOR('',#12683,1.44);
#10469=CARTESIAN_POINT('',(13.72,-1.94,-1.02));
#10470=CARTESIAN_POINT('',(13.97,-1.69,-0.77));
#10471=VECTOR('',#12684,0.433012701892181);
#10472=CARTESIAN_POINT('',(13.47,-1.94,-1.27));
#10473=CARTESIAN_POINT('',(13.72,-1.94,-1.02));
#10474=VECTOR('',#12685,0.353553390593276);
#10475=CARTESIAN_POINT('',(13.47,0.0,-1.27));
#10476=VECTOR('',#12686,1.94);
#10477=CARTESIAN_POINT('',(11.93,-2.54,-1.27));
#10478=CARTESIAN_POINT('',(11.93,-1.94,-1.27));
#10479=CARTESIAN_POINT('',(11.93,-2.54,-1.27));
#10480=VECTOR('',#12687,0.6);
#10481=CARTESIAN_POINT('',(11.93,0.0,-1.27));
#10482=VECTOR('',#12688,1.94);
#10483=CARTESIAN_POINT('',(13.47,-2.54,-1.27));
#10484=CARTESIAN_POINT('',(13.47,-2.54,-1.27));
#10485=VECTOR('',#12689,0.6);
#10486=CARTESIAN_POINT('',(11.93,-2.54,-1.27));
#10487=VECTOR('',#12690,1.54);
#10488=CARTESIAN_POINT('',(11.93,-2.54,-0.77));
#10489=CARTESIAN_POINT('',(11.93,-2.54,-1.27));
#10490=VECTOR('',#12691,0.5);
#10491=CARTESIAN_POINT('',(11.93,-1.94,-0.77));
#10492=CARTESIAN_POINT('',(11.93,-2.54,-0.77));
#10493=VECTOR('',#12692,0.6);
#10494=CARTESIAN_POINT('',(11.93,-1.94,-1.27));
#10495=VECTOR('',#12693,0.5);
#10496=CARTESIAN_POINT('',(13.47,-2.54,1.27));
#10497=CARTESIAN_POINT('',(13.47,-2.54,0.77));
#10498=CARTESIAN_POINT('',(13.47,-2.54,1.27));
#10499=VECTOR('',#12694,0.5);
#10500=CARTESIAN_POINT('',(11.93,-2.54,1.27));
#10501=CARTESIAN_POINT('',(13.47,-2.54,1.27));
#10502=VECTOR('',#12695,1.54);
#10503=CARTESIAN_POINT('',(11.93,-2.54,0.77));
#10504=CARTESIAN_POINT('',(11.93,-2.54,1.27));
#10505=VECTOR('',#12696,0.5);
#10506=CARTESIAN_POINT('',(13.47,-2.54,0.77));
#10507=VECTOR('',#12697,1.54);
#10508=CARTESIAN_POINT('',(13.47,-2.54,-0.77));
#10509=CARTESIAN_POINT('',(13.47,-2.54,-1.27));
#10510=VECTOR('',#12698,0.5);
#10511=CARTESIAN_POINT('',(11.93,-2.54,-0.77));
#10512=VECTOR('',#12699,1.54);
#10513=CARTESIAN_POINT('',(13.47,-1.94,0.77));
#10514=CARTESIAN_POINT('',(13.47,-2.54,0.77));
#10515=VECTOR('',#12700,0.6);
#10516=CARTESIAN_POINT('',(13.47,-1.94,1.27));
#10517=CARTESIAN_POINT('',(13.47,-1.94,1.27));
#10518=VECTOR('',#12701,0.5);
#10519=CARTESIAN_POINT('',(13.47,-2.54,1.27));
#10520=VECTOR('',#12702,0.6);
#10521=CARTESIAN_POINT('',(13.47,0.0,1.27));
#10522=VECTOR('',#12703,1.94);
#10523=CARTESIAN_POINT('',(11.93,-1.94,1.27));
#10524=CARTESIAN_POINT('',(11.93,0.0,1.27));
#10525=VECTOR('',#12704,1.94);
#10526=CARTESIAN_POINT('',(11.93,-2.54,1.27));
#10527=VECTOR('',#12705,0.6);
#10528=CARTESIAN_POINT('',(11.93,-1.94,0.77));
#10529=CARTESIAN_POINT('',(11.93,-1.94,0.77));
#10530=VECTOR('',#12706,0.5);
#10531=CARTESIAN_POINT('',(11.93,-2.54,0.77));
#10532=VECTOR('',#12707,0.6);
#10533=CARTESIAN_POINT('',(13.47,-1.94,0.77));
#10534=VECTOR('',#12708,1.54);
#10535=CARTESIAN_POINT('',(13.72,-1.94,1.02));
#10536=CARTESIAN_POINT('',(13.72,-1.94,-1.02));
#10537=VECTOR('',#12709,2.04);
#10538=CARTESIAN_POINT('',(13.47,-1.94,1.27));
#10539=VECTOR('',#12710,0.353553390593276);
#10540=CARTESIAN_POINT('',(11.68,-1.94,1.02));
#10541=CARTESIAN_POINT('',(11.68,-1.94,1.02));
#10542=VECTOR('',#12711,0.353553390593276);
#10543=CARTESIAN_POINT('',(11.68,-1.94,-1.02));
#10544=CARTESIAN_POINT('',(11.68,-1.94,1.02));
#10545=VECTOR('',#12712,2.04);
#10546=CARTESIAN_POINT('',(11.93,-1.94,-1.27));
#10547=VECTOR('',#12713,0.353553390593276);
#10548=CARTESIAN_POINT('',(13.47,-1.94,-0.77));
#10549=CARTESIAN_POINT('',(11.93,-1.94,-0.77));
#10550=VECTOR('',#12714,1.54);
#10551=CARTESIAN_POINT('',(13.47,-1.94,-0.77));
#10552=VECTOR('',#12715,0.5);
#10553=CARTESIAN_POINT('',(12.38,-1.94,0.307));
#10554=CARTESIAN_POINT('',(12.988,-1.94,0.307));
#10555=CARTESIAN_POINT('',(12.38,-1.94,0.307));
#10556=VECTOR('',#12716,0.608);
#10557=CARTESIAN_POINT('',(12.988,-1.94,-0.32));
#10558=CARTESIAN_POINT('',(12.988,-1.94,0.307));
#10559=VECTOR('',#12717,0.627);
#10560=CARTESIAN_POINT('',(12.38,-1.94,-0.32));
#10561=CARTESIAN_POINT('',(12.988,-1.94,-0.32));
#10562=VECTOR('',#12718,0.608);
#10563=CARTESIAN_POINT('',(12.38,-1.94,-0.32));
#10564=VECTOR('',#12719,0.627);
#10565=CARTESIAN_POINT('',(13.97,-1.69,0.77));
#10566=CARTESIAN_POINT('',(13.97,-1.69,0.77));
#10567=VECTOR('',#12720,1.54);
#10568=CARTESIAN_POINT('',(13.97,-1.69,0.77));
#10569=VECTOR('',#12721,0.433012701892181);
#10570=CARTESIAN_POINT('',(13.97,-1.69,0.77));
#10571=VECTOR('',#12722,0.433012701892181);
#10572=CARTESIAN_POINT('',(13.97,-0.25,0.77));
#10573=VECTOR('',#12723,1.44);
#10574=CARTESIAN_POINT('',(13.47,-2.54,-0.77));
#10575=VECTOR('',#12724,0.6);
#10576=CARTESIAN_POINT('',(11.43,-1.69,-0.77));
#10577=CARTESIAN_POINT('',(11.43,-1.69,-0.77));
#10578=VECTOR('',#12725,0.433012701892181);
#10579=CARTESIAN_POINT('',(11.43,-0.25,-0.77));
#10580=VECTOR('',#12726,1.44);
#10581=CARTESIAN_POINT('',(11.18,-1.94,-1.02));
#10582=CARTESIAN_POINT('',(11.43,-1.69,-0.77));
#10583=VECTOR('',#12727,0.433012701892181);
#10584=CARTESIAN_POINT('',(10.93,-1.94,-1.27));
#10585=CARTESIAN_POINT('',(11.18,-1.94,-1.02));
#10586=VECTOR('',#12728,0.353553390593301);
#10587=CARTESIAN_POINT('',(10.93,0.0,-1.27));
#10588=VECTOR('',#12729,1.94);
#10589=CARTESIAN_POINT('',(9.39,-2.54,-1.27));
#10590=CARTESIAN_POINT('',(9.39,-1.94,-1.27));
#10591=CARTESIAN_POINT('',(9.39,-2.54,-1.27));
#10592=VECTOR('',#12730,0.6);
#10593=CARTESIAN_POINT('',(9.39,0.0,-1.27));
#10594=VECTOR('',#12731,1.94);
#10595=CARTESIAN_POINT('',(10.93,-2.54,-1.27));
#10596=CARTESIAN_POINT('',(10.93,-2.54,-1.27));
#10597=VECTOR('',#12732,0.6);
#10598=CARTESIAN_POINT('',(9.39,-2.54,-1.27));
#10599=VECTOR('',#12733,1.54);
#10600=CARTESIAN_POINT('',(9.39,-2.54,-0.77));
#10601=CARTESIAN_POINT('',(9.39,-2.54,-1.27));
#10602=VECTOR('',#12734,0.5);
#10603=CARTESIAN_POINT('',(9.39,-1.94,-0.77));
#10604=CARTESIAN_POINT('',(9.39,-2.54,-0.77));
#10605=VECTOR('',#12735,0.6);
#10606=CARTESIAN_POINT('',(9.39,-1.94,-1.27));
#10607=VECTOR('',#12736,0.5);
#10608=CARTESIAN_POINT('',(10.93,-2.54,1.27));
#10609=CARTESIAN_POINT('',(10.93,-2.54,0.77));
#10610=CARTESIAN_POINT('',(10.93,-2.54,1.27));
#10611=VECTOR('',#12737,0.5);
#10612=CARTESIAN_POINT('',(9.39,-2.54,1.27));
#10613=CARTESIAN_POINT('',(10.93,-2.54,1.27));
#10614=VECTOR('',#12738,1.54);
#10615=CARTESIAN_POINT('',(9.39,-2.54,0.77));
#10616=CARTESIAN_POINT('',(9.39,-2.54,1.27));
#10617=VECTOR('',#12739,0.5);
#10618=CARTESIAN_POINT('',(10.93,-2.54,0.77));
#10619=VECTOR('',#12740,1.54);
#10620=CARTESIAN_POINT('',(10.93,-2.54,-0.77));
#10621=CARTESIAN_POINT('',(10.93,-2.54,-1.27));
#10622=VECTOR('',#12741,0.5);
#10623=CARTESIAN_POINT('',(9.39,-2.54,-0.77));
#10624=VECTOR('',#12742,1.54);
#10625=CARTESIAN_POINT('',(10.93,-1.94,0.77));
#10626=CARTESIAN_POINT('',(10.93,-2.54,0.77));
#10627=VECTOR('',#12743,0.6);
#10628=CARTESIAN_POINT('',(10.93,-1.94,1.27));
#10629=CARTESIAN_POINT('',(10.93,-1.94,1.27));
#10630=VECTOR('',#12744,0.5);
#10631=CARTESIAN_POINT('',(10.93,-2.54,1.27));
#10632=VECTOR('',#12745,0.6);
#10633=CARTESIAN_POINT('',(10.93,0.0,1.27));
#10634=VECTOR('',#12746,1.94);
#10635=CARTESIAN_POINT('',(9.39,-1.94,1.27));
#10636=CARTESIAN_POINT('',(9.39,0.0,1.27));
#10637=VECTOR('',#12747,1.94);
#10638=CARTESIAN_POINT('',(9.39,-2.54,1.27));
#10639=VECTOR('',#12748,0.6);
#10640=CARTESIAN_POINT('',(9.39,-1.94,0.77));
#10641=CARTESIAN_POINT('',(9.39,-1.94,0.77));
#10642=VECTOR('',#12749,0.5);
#10643=CARTESIAN_POINT('',(9.39,-2.54,0.77));
#10644=VECTOR('',#12750,0.6);
#10645=CARTESIAN_POINT('',(10.93,-1.94,0.77));
#10646=VECTOR('',#12751,1.54);
#10647=CARTESIAN_POINT('',(11.18,-1.94,1.02));
#10648=CARTESIAN_POINT('',(11.18,-1.94,-1.02));
#10649=VECTOR('',#12752,2.04);
#10650=CARTESIAN_POINT('',(10.93,-1.94,1.27));
#10651=VECTOR('',#12753,0.353553390593276);
#10652=CARTESIAN_POINT('',(9.14,-1.94,1.02));
#10653=CARTESIAN_POINT('',(9.14,-1.94,1.02));
#10654=VECTOR('',#12754,0.353553390593276);
#10655=CARTESIAN_POINT('',(9.14,-1.94,-1.02));
#10656=CARTESIAN_POINT('',(9.14,-1.94,1.02));
#10657=VECTOR('',#12755,2.04);
#10658=CARTESIAN_POINT('',(9.39,-1.94,-1.27));
#10659=VECTOR('',#12756,0.353553390593276);
#10660=CARTESIAN_POINT('',(10.93,-1.94,-0.77));
#10661=CARTESIAN_POINT('',(9.39,-1.94,-0.77));
#10662=VECTOR('',#12757,1.54);
#10663=CARTESIAN_POINT('',(10.93,-1.94,-0.77));
#10664=VECTOR('',#12758,0.5);
#10665=CARTESIAN_POINT('',(9.84,-1.94,0.307));
#10666=CARTESIAN_POINT('',(10.448,-1.94,0.307));
#10667=CARTESIAN_POINT('',(9.84,-1.94,0.307));
#10668=VECTOR('',#12759,0.608);
#10669=CARTESIAN_POINT('',(10.448,-1.94,-0.32));
#10670=CARTESIAN_POINT('',(10.448,-1.94,0.307));
#10671=VECTOR('',#12760,0.627);
#10672=CARTESIAN_POINT('',(9.84,-1.94,-0.32));
#10673=CARTESIAN_POINT('',(10.448,-1.94,-0.32));
#10674=VECTOR('',#12761,0.608);
#10675=CARTESIAN_POINT('',(9.84,-1.94,-0.32));
#10676=VECTOR('',#12762,0.627);
#10677=CARTESIAN_POINT('',(11.43,-1.69,0.77));
#10678=CARTESIAN_POINT('',(11.43,-1.69,0.77));
#10679=VECTOR('',#12763,1.54);
#10680=CARTESIAN_POINT('',(11.43,-1.69,0.77));
#10681=VECTOR('',#12764,0.433012701892181);
#10682=CARTESIAN_POINT('',(11.43,-1.69,0.77));
#10683=VECTOR('',#12765,0.433012701892181);
#10684=CARTESIAN_POINT('',(11.43,-0.25,0.77));
#10685=VECTOR('',#12766,1.44);
#10686=CARTESIAN_POINT('',(10.93,-2.54,-0.77));
#10687=VECTOR('',#12767,0.6);
#10688=CARTESIAN_POINT('',(8.89,-1.69,-0.77));
#10689=CARTESIAN_POINT('',(8.89,-1.69,-0.77));
#10690=VECTOR('',#12768,0.433012701892181);
#10691=CARTESIAN_POINT('',(8.89,-0.25,-0.77));
#10692=VECTOR('',#12769,1.44);
#10693=CARTESIAN_POINT('',(8.64,-1.94,-1.02));
#10694=CARTESIAN_POINT('',(8.89,-1.69,-0.77));
#10695=VECTOR('',#12770,0.433012701892181);
#10696=CARTESIAN_POINT('',(8.39,-1.94,-1.27));
#10697=CARTESIAN_POINT('',(8.64,-1.94,-1.02));
#10698=VECTOR('',#12771,0.353553390593276);
#10699=CARTESIAN_POINT('',(8.39,0.0,-1.27));
#10700=VECTOR('',#12772,1.94);
#10701=CARTESIAN_POINT('',(6.85,-2.54,-1.27));
#10702=CARTESIAN_POINT('',(6.85,-1.94,-1.27));
#10703=CARTESIAN_POINT('',(6.85,-2.54,-1.27));
#10704=VECTOR('',#12773,0.6);
#10705=CARTESIAN_POINT('',(6.85,0.0,-1.27));
#10706=VECTOR('',#12774,1.94);
#10707=CARTESIAN_POINT('',(8.39,-2.54,-1.27));
#10708=CARTESIAN_POINT('',(8.39,-2.54,-1.27));
#10709=VECTOR('',#12775,0.6);
#10710=CARTESIAN_POINT('',(6.85,-2.54,-1.27));
#10711=VECTOR('',#12776,1.54);
#10712=CARTESIAN_POINT('',(6.85,-2.54,-0.77));
#10713=CARTESIAN_POINT('',(6.85,-2.54,-1.27));
#10714=VECTOR('',#12777,0.5);
#10715=CARTESIAN_POINT('',(6.85,-1.94,-0.77));
#10716=CARTESIAN_POINT('',(6.85,-2.54,-0.77));
#10717=VECTOR('',#12778,0.6);
#10718=CARTESIAN_POINT('',(6.85,-1.94,-1.27));
#10719=VECTOR('',#12779,0.5);
#10720=CARTESIAN_POINT('',(8.39,-2.54,1.27));
#10721=CARTESIAN_POINT('',(8.39,-2.54,0.77));
#10722=CARTESIAN_POINT('',(8.39,-2.54,1.27));
#10723=VECTOR('',#12780,0.5);
#10724=CARTESIAN_POINT('',(6.85,-2.54,1.27));
#10725=CARTESIAN_POINT('',(8.39,-2.54,1.27));
#10726=VECTOR('',#12781,1.54);
#10727=CARTESIAN_POINT('',(6.85,-2.54,0.77));
#10728=CARTESIAN_POINT('',(6.85,-2.54,1.27));
#10729=VECTOR('',#12782,0.5);
#10730=CARTESIAN_POINT('',(8.39,-2.54,0.77));
#10731=VECTOR('',#12783,1.54);
#10732=CARTESIAN_POINT('',(8.39,-2.54,-0.77));
#10733=CARTESIAN_POINT('',(8.39,-2.54,-1.27));
#10734=VECTOR('',#12784,0.5);
#10735=CARTESIAN_POINT('',(6.85,-2.54,-0.77));
#10736=VECTOR('',#12785,1.54);
#10737=CARTESIAN_POINT('',(8.39,-1.94,0.77));
#10738=CARTESIAN_POINT('',(8.39,-2.54,0.77));
#10739=VECTOR('',#12786,0.6);
#10740=CARTESIAN_POINT('',(8.39,-1.94,1.27));
#10741=CARTESIAN_POINT('',(8.39,-1.94,1.27));
#10742=VECTOR('',#12787,0.5);
#10743=CARTESIAN_POINT('',(8.39,-2.54,1.27));
#10744=VECTOR('',#12788,0.6);
#10745=CARTESIAN_POINT('',(8.39,0.0,1.27));
#10746=VECTOR('',#12789,1.94);
#10747=CARTESIAN_POINT('',(6.85,-1.94,1.27));
#10748=CARTESIAN_POINT('',(6.85,0.0,1.27));
#10749=VECTOR('',#12790,1.94);
#10750=CARTESIAN_POINT('',(6.85,-2.54,1.27));
#10751=VECTOR('',#12791,0.6);
#10752=CARTESIAN_POINT('',(6.85,-1.94,0.77));
#10753=CARTESIAN_POINT('',(6.85,-1.94,0.77));
#10754=VECTOR('',#12792,0.5);
#10755=CARTESIAN_POINT('',(6.85,-2.54,0.77));
#10756=VECTOR('',#12793,0.6);
#10757=CARTESIAN_POINT('',(8.39,-1.94,0.77));
#10758=VECTOR('',#12794,1.54);
#10759=CARTESIAN_POINT('',(8.64,-1.94,1.02));
#10760=CARTESIAN_POINT('',(8.64,-1.94,-1.02));
#10761=VECTOR('',#12795,2.04);
#10762=CARTESIAN_POINT('',(8.39,-1.94,1.27));
#10763=VECTOR('',#12796,0.353553390593276);
#10764=CARTESIAN_POINT('',(6.6,-1.94,1.02));
#10765=CARTESIAN_POINT('',(6.6,-1.94,1.02));
#10766=VECTOR('',#12797,0.353553390593276);
#10767=CARTESIAN_POINT('',(6.6,-1.94,-1.02));
#10768=CARTESIAN_POINT('',(6.6,-1.94,1.02));
#10769=VECTOR('',#12798,2.04);
#10770=CARTESIAN_POINT('',(6.85,-1.94,-1.27));
#10771=VECTOR('',#12799,0.353553390593276);
#10772=CARTESIAN_POINT('',(8.39,-1.94,-0.77));
#10773=CARTESIAN_POINT('',(6.85,-1.94,-0.77));
#10774=VECTOR('',#12800,1.54);
#10775=CARTESIAN_POINT('',(8.39,-1.94,-0.77));
#10776=VECTOR('',#12801,0.5);
#10777=CARTESIAN_POINT('',(7.3,-1.94,0.307));
#10778=CARTESIAN_POINT('',(7.908,-1.94,0.307));
#10779=CARTESIAN_POINT('',(7.3,-1.94,0.307));
#10780=VECTOR('',#12802,0.608);
#10781=CARTESIAN_POINT('',(7.908,-1.94,-0.32));
#10782=CARTESIAN_POINT('',(7.908,-1.94,0.307));
#10783=VECTOR('',#12803,0.627);
#10784=CARTESIAN_POINT('',(7.3,-1.94,-0.32));
#10785=CARTESIAN_POINT('',(7.908,-1.94,-0.32));
#10786=VECTOR('',#12804,0.608);
#10787=CARTESIAN_POINT('',(7.3,-1.94,-0.32));
#10788=VECTOR('',#12805,0.627);
#10789=CARTESIAN_POINT('',(8.89,-1.69,0.77));
#10790=CARTESIAN_POINT('',(8.89,-1.69,0.77));
#10791=VECTOR('',#12806,1.54);
#10792=CARTESIAN_POINT('',(8.89,-1.69,0.77));
#10793=VECTOR('',#12807,0.433012701892181);
#10794=CARTESIAN_POINT('',(8.89,-1.69,0.77));
#10795=VECTOR('',#12808,0.433012701892181);
#10796=CARTESIAN_POINT('',(8.89,-0.25,0.77));
#10797=VECTOR('',#12809,1.44);
#10798=CARTESIAN_POINT('',(8.39,-2.54,-0.77));
#10799=VECTOR('',#12810,0.6);
#10800=CARTESIAN_POINT('',(6.35,-1.69,-0.77));
#10801=CARTESIAN_POINT('',(6.35,-1.69,-0.77));
#10802=VECTOR('',#12811,0.433012701892181);
#10803=CARTESIAN_POINT('',(6.35,-0.25,-0.77));
#10804=VECTOR('',#12812,1.44);
#10805=CARTESIAN_POINT('',(6.1,-1.94,-1.02));
#10806=CARTESIAN_POINT('',(6.35,-1.69,-0.77));
#10807=VECTOR('',#12813,0.433012701892181);
#10808=CARTESIAN_POINT('',(5.85,-1.94,-1.27));
#10809=CARTESIAN_POINT('',(6.1,-1.94,-1.02));
#10810=VECTOR('',#12814,0.353553390593276);
#10811=CARTESIAN_POINT('',(5.85,0.0,-1.27));
#10812=VECTOR('',#12815,1.94);
#10813=CARTESIAN_POINT('',(4.31,-2.54,-1.27));
#10814=CARTESIAN_POINT('',(4.31,-1.94,-1.27));
#10815=CARTESIAN_POINT('',(4.31,-2.54,-1.27));
#10816=VECTOR('',#12816,0.6);
#10817=CARTESIAN_POINT('',(4.31,0.0,-1.27));
#10818=VECTOR('',#12817,1.94);
#10819=CARTESIAN_POINT('',(5.85,-2.54,-1.27));
#10820=CARTESIAN_POINT('',(5.85,-2.54,-1.27));
#10821=VECTOR('',#12818,0.6);
#10822=CARTESIAN_POINT('',(4.31,-2.54,-1.27));
#10823=VECTOR('',#12819,1.54);
#10824=CARTESIAN_POINT('',(4.31,-2.54,-0.77));
#10825=CARTESIAN_POINT('',(4.31,-2.54,-1.27));
#10826=VECTOR('',#12820,0.5);
#10827=CARTESIAN_POINT('',(4.31,-1.94,-0.77));
#10828=CARTESIAN_POINT('',(4.31,-2.54,-0.77));
#10829=VECTOR('',#12821,0.6);
#10830=CARTESIAN_POINT('',(4.31,-1.94,-1.27));
#10831=VECTOR('',#12822,0.5);
#10832=CARTESIAN_POINT('',(5.85,-2.54,1.27));
#10833=CARTESIAN_POINT('',(5.85,-2.54,0.77));
#10834=CARTESIAN_POINT('',(5.85,-2.54,1.27));
#10835=VECTOR('',#12823,0.5);
#10836=CARTESIAN_POINT('',(4.31,-2.54,1.27));
#10837=CARTESIAN_POINT('',(5.85,-2.54,1.27));
#10838=VECTOR('',#12824,1.54);
#10839=CARTESIAN_POINT('',(4.31,-2.54,0.77));
#10840=CARTESIAN_POINT('',(4.31,-2.54,1.27));
#10841=VECTOR('',#12825,0.5);
#10842=CARTESIAN_POINT('',(5.85,-2.54,0.77));
#10843=VECTOR('',#12826,1.54);
#10844=CARTESIAN_POINT('',(5.85,-2.54,-0.77));
#10845=CARTESIAN_POINT('',(5.85,-2.54,-1.27));
#10846=VECTOR('',#12827,0.5);
#10847=CARTESIAN_POINT('',(4.31,-2.54,-0.77));
#10848=VECTOR('',#12828,1.54);
#10849=CARTESIAN_POINT('',(5.85,-1.94,0.77));
#10850=CARTESIAN_POINT('',(5.85,-2.54,0.77));
#10851=VECTOR('',#12829,0.6);
#10852=CARTESIAN_POINT('',(5.85,-1.94,1.27));
#10853=CARTESIAN_POINT('',(5.85,-1.94,1.27));
#10854=VECTOR('',#12830,0.5);
#10855=CARTESIAN_POINT('',(5.85,-2.54,1.27));
#10856=VECTOR('',#12831,0.6);
#10857=CARTESIAN_POINT('',(5.85,0.0,1.27));
#10858=VECTOR('',#12832,1.94);
#10859=CARTESIAN_POINT('',(4.31,-1.94,1.27));
#10860=CARTESIAN_POINT('',(4.31,0.0,1.27));
#10861=VECTOR('',#12833,1.94);
#10862=CARTESIAN_POINT('',(4.31,-2.54,1.27));
#10863=VECTOR('',#12834,0.6);
#10864=CARTESIAN_POINT('',(4.31,-1.94,0.77));
#10865=CARTESIAN_POINT('',(4.31,-1.94,0.77));
#10866=VECTOR('',#12835,0.5);
#10867=CARTESIAN_POINT('',(4.31,-2.54,0.77));
#10868=VECTOR('',#12836,0.6);
#10869=CARTESIAN_POINT('',(5.85,-1.94,0.77));
#10870=VECTOR('',#12837,1.54);
#10871=CARTESIAN_POINT('',(6.1,-1.94,1.02));
#10872=CARTESIAN_POINT('',(6.1,-1.94,-1.02));
#10873=VECTOR('',#12838,2.04);
#10874=CARTESIAN_POINT('',(5.85,-1.94,1.27));
#10875=VECTOR('',#12839,0.353553390593276);
#10876=CARTESIAN_POINT('',(4.06,-1.94,1.02));
#10877=CARTESIAN_POINT('',(4.06,-1.94,1.02));
#10878=VECTOR('',#12840,0.353553390593276);
#10879=CARTESIAN_POINT('',(4.06,-1.94,-1.02));
#10880=CARTESIAN_POINT('',(4.06,-1.94,1.02));
#10881=VECTOR('',#12841,2.04);
#10882=CARTESIAN_POINT('',(4.31,-1.94,-1.27));
#10883=VECTOR('',#12842,0.353553390593276);
#10884=CARTESIAN_POINT('',(5.85,-1.94,-0.77));
#10885=CARTESIAN_POINT('',(4.31,-1.94,-0.77));
#10886=VECTOR('',#12843,1.54);
#10887=CARTESIAN_POINT('',(5.85,-1.94,-0.77));
#10888=VECTOR('',#12844,0.5);
#10889=CARTESIAN_POINT('',(4.76,-1.94,0.307));
#10890=CARTESIAN_POINT('',(5.368,-1.94,0.307));
#10891=CARTESIAN_POINT('',(4.76,-1.94,0.307));
#10892=VECTOR('',#12845,0.608);
#10893=CARTESIAN_POINT('',(5.368,-1.94,-0.32));
#10894=CARTESIAN_POINT('',(5.368,-1.94,0.307));
#10895=VECTOR('',#12846,0.627);
#10896=CARTESIAN_POINT('',(4.76,-1.94,-0.32));
#10897=CARTESIAN_POINT('',(5.368,-1.94,-0.32));
#10898=VECTOR('',#12847,0.608);
#10899=CARTESIAN_POINT('',(4.76,-1.94,-0.32));
#10900=VECTOR('',#12848,0.627);
#10901=CARTESIAN_POINT('',(6.35,-1.69,0.77));
#10902=CARTESIAN_POINT('',(6.35,-1.69,0.77));
#10903=VECTOR('',#12849,1.54);
#10904=CARTESIAN_POINT('',(6.35,-1.69,0.77));
#10905=VECTOR('',#12850,0.433012701892181);
#10906=CARTESIAN_POINT('',(6.35,-1.69,0.77));
#10907=VECTOR('',#12851,0.433012701892181);
#10908=CARTESIAN_POINT('',(6.35,-0.25,0.77));
#10909=VECTOR('',#12852,1.44);
#10910=CARTESIAN_POINT('',(5.85,-2.54,-0.77));
#10911=VECTOR('',#12853,0.6);
#10912=CARTESIAN_POINT('',(3.81,-1.69,-0.77));
#10913=CARTESIAN_POINT('',(3.81,-1.69,-0.77));
#10914=VECTOR('',#12854,0.433012701892181);
#10915=CARTESIAN_POINT('',(3.81,-0.25,-0.77));
#10916=VECTOR('',#12855,1.44);
#10917=CARTESIAN_POINT('',(3.56,-1.94,-1.02));
#10918=CARTESIAN_POINT('',(3.81,-1.69,-0.77));
#10919=VECTOR('',#12856,0.433012701892181);
#10920=CARTESIAN_POINT('',(3.31,-1.94,-1.27));
#10921=CARTESIAN_POINT('',(3.56,-1.94,-1.02));
#10922=VECTOR('',#12857,0.353553390593276);
#10923=CARTESIAN_POINT('',(3.31,0.0,-1.27));
#10924=VECTOR('',#12858,1.94);
#10925=CARTESIAN_POINT('',(1.77,-2.54,-1.27));
#10926=CARTESIAN_POINT('',(1.77,-1.94,-1.27));
#10927=CARTESIAN_POINT('',(1.77,-2.54,-1.27));
#10928=VECTOR('',#12859,0.6);
#10929=CARTESIAN_POINT('',(1.77,0.0,-1.27));
#10930=VECTOR('',#12860,1.94);
#10931=CARTESIAN_POINT('',(3.31,-2.54,-1.27));
#10932=CARTESIAN_POINT('',(3.31,-2.54,-1.27));
#10933=VECTOR('',#12861,0.6);
#10934=CARTESIAN_POINT('',(1.77,-2.54,-1.27));
#10935=VECTOR('',#12862,1.54);
#10936=CARTESIAN_POINT('',(1.77,-2.54,-0.77));
#10937=CARTESIAN_POINT('',(1.77,-2.54,-1.27));
#10938=VECTOR('',#12863,0.5);
#10939=CARTESIAN_POINT('',(1.77,-1.94,-0.77));
#10940=CARTESIAN_POINT('',(1.77,-2.54,-0.77));
#10941=VECTOR('',#12864,0.6);
#10942=CARTESIAN_POINT('',(1.77,-1.94,-1.27));
#10943=VECTOR('',#12865,0.5);
#10944=CARTESIAN_POINT('',(3.31,-2.54,1.27));
#10945=CARTESIAN_POINT('',(3.31,-2.54,0.77));
#10946=CARTESIAN_POINT('',(3.31,-2.54,1.27));
#10947=VECTOR('',#12866,0.5);
#10948=CARTESIAN_POINT('',(1.77,-2.54,1.27));
#10949=CARTESIAN_POINT('',(3.31,-2.54,1.27));
#10950=VECTOR('',#12867,1.54);
#10951=CARTESIAN_POINT('',(1.77,-2.54,0.77));
#10952=CARTESIAN_POINT('',(1.77,-2.54,1.27));
#10953=VECTOR('',#12868,0.5);
#10954=CARTESIAN_POINT('',(3.31,-2.54,0.77));
#10955=VECTOR('',#12869,1.54);
#10956=CARTESIAN_POINT('',(3.31,-2.54,-0.77));
#10957=CARTESIAN_POINT('',(3.31,-2.54,-1.27));
#10958=VECTOR('',#12870,0.5);
#10959=CARTESIAN_POINT('',(1.77,-2.54,-0.77));
#10960=VECTOR('',#12871,1.54);
#10961=CARTESIAN_POINT('',(3.31,-1.94,0.77));
#10962=CARTESIAN_POINT('',(3.31,-2.54,0.77));
#10963=VECTOR('',#12872,0.6);
#10964=CARTESIAN_POINT('',(3.31,-1.94,1.27));
#10965=CARTESIAN_POINT('',(3.31,-1.94,1.27));
#10966=VECTOR('',#12873,0.5);
#10967=CARTESIAN_POINT('',(3.31,-2.54,1.27));
#10968=VECTOR('',#12874,0.6);
#10969=CARTESIAN_POINT('',(3.31,0.0,1.27));
#10970=VECTOR('',#12875,1.94);
#10971=CARTESIAN_POINT('',(1.77,-1.94,1.27));
#10972=CARTESIAN_POINT('',(1.77,0.0,1.27));
#10973=VECTOR('',#12876,1.94);
#10974=CARTESIAN_POINT('',(1.77,-2.54,1.27));
#10975=VECTOR('',#12877,0.6);
#10976=CARTESIAN_POINT('',(1.77,-1.94,0.77));
#10977=CARTESIAN_POINT('',(1.77,-1.94,0.77));
#10978=VECTOR('',#12878,0.5);
#10979=CARTESIAN_POINT('',(1.77,-2.54,0.77));
#10980=VECTOR('',#12879,0.6);
#10981=CARTESIAN_POINT('',(3.31,-1.94,0.77));
#10982=VECTOR('',#12880,1.54);
#10983=CARTESIAN_POINT('',(3.56,-1.94,1.02));
#10984=CARTESIAN_POINT('',(3.56,-1.94,-1.02));
#10985=VECTOR('',#12881,2.04);
#10986=CARTESIAN_POINT('',(3.31,-1.94,1.27));
#10987=VECTOR('',#12882,0.353553390593276);
#10988=CARTESIAN_POINT('',(1.52,-1.94,1.02));
#10989=CARTESIAN_POINT('',(1.52,-1.94,1.02));
#10990=VECTOR('',#12883,0.353553390593276);
#10991=CARTESIAN_POINT('',(1.52,-1.94,-1.02));
#10992=CARTESIAN_POINT('',(1.52,-1.94,1.02));
#10993=VECTOR('',#12884,2.04);
#10994=CARTESIAN_POINT('',(1.77,-1.94,-1.27));
#10995=VECTOR('',#12885,0.353553390593276);
#10996=CARTESIAN_POINT('',(3.31,-1.94,-0.77));
#10997=CARTESIAN_POINT('',(1.77,-1.94,-0.77));
#10998=VECTOR('',#12886,1.54);
#10999=CARTESIAN_POINT('',(3.31,-1.94,-0.77));
#11000=VECTOR('',#12887,0.5);
#11001=CARTESIAN_POINT('',(2.22,-1.94,0.307));
#11002=CARTESIAN_POINT('',(2.828,-1.94,0.307));
#11003=CARTESIAN_POINT('',(2.22,-1.94,0.307));
#11004=VECTOR('',#12888,0.608);
#11005=CARTESIAN_POINT('',(2.828,-1.94,-0.32));
#11006=CARTESIAN_POINT('',(2.828,-1.94,0.307));
#11007=VECTOR('',#12889,0.627);
#11008=CARTESIAN_POINT('',(2.22,-1.94,-0.32));
#11009=CARTESIAN_POINT('',(2.828,-1.94,-0.32));
#11010=VECTOR('',#12890,0.608);
#11011=CARTESIAN_POINT('',(2.22,-1.94,-0.32));
#11012=VECTOR('',#12891,0.627);
#11013=CARTESIAN_POINT('',(3.81,-1.69,0.77));
#11014=CARTESIAN_POINT('',(3.81,-1.69,0.77));
#11015=VECTOR('',#12892,1.54);
#11016=CARTESIAN_POINT('',(3.81,-1.69,0.77));
#11017=VECTOR('',#12893,0.433012701892181);
#11018=CARTESIAN_POINT('',(3.81,-1.69,0.77));
#11019=VECTOR('',#12894,0.433012701892181);
#11020=CARTESIAN_POINT('',(3.81,-0.25,0.77));
#11021=VECTOR('',#12895,1.44);
#11022=CARTESIAN_POINT('',(3.31,-2.54,-0.77));
#11023=VECTOR('',#12896,0.6);
#11024=CARTESIAN_POINT('',(1.27,-1.69,-0.77));
#11025=CARTESIAN_POINT('',(1.27,-1.69,-0.77));
#11026=VECTOR('',#12897,0.433012701892181);
#11027=CARTESIAN_POINT('',(1.27,-0.25,-0.77));
#11028=CARTESIAN_POINT('',(1.27,-0.25,-0.77));
#11029=VECTOR('',#12898,1.44);
#11030=CARTESIAN_POINT('',(1.52,0.0,-1.02));
#11031=VECTOR('',#12899,0.433012701892181);
#11032=CARTESIAN_POINT('',(1.27,-0.25,0.77));
#11033=CARTESIAN_POINT('',(1.27,-0.25,0.77));
#11034=VECTOR('',#12900,1.54);
#11035=CARTESIAN_POINT('',(1.52,0.0,1.02));
#11036=VECTOR('',#12901,0.433012701892181);
#11037=CARTESIAN_POINT('',(1.27,-1.69,0.77));
#11038=CARTESIAN_POINT('',(1.27,-0.25,0.77));
#11039=VECTOR('',#12902,1.44);
#11040=CARTESIAN_POINT('',(1.27,-1.69,0.77));
#11041=VECTOR('',#12903,0.433012701892181);
#11042=CARTESIAN_POINT('',(1.27,-1.69,0.77));
#11043=VECTOR('',#12904,1.54);
#11044=CARTESIAN_POINT('',(2.828,0.0,0.307));
#11045=VECTOR('',#12905,1.94);
#11046=CARTESIAN_POINT('',(2.22,0.0,0.307));
#11047=VECTOR('',#12906,1.94);
#11048=CARTESIAN_POINT('',(2.22,0.0,-0.32));
#11049=VECTOR('',#12907,1.94);
#11050=CARTESIAN_POINT('',(2.828,0.0,-0.32));
#11051=VECTOR('',#12908,1.94);
#11052=CARTESIAN_POINT('',(5.368,0.0,0.307));
#11053=VECTOR('',#12909,1.94);
#11054=CARTESIAN_POINT('',(4.76,0.0,0.307));
#11055=VECTOR('',#12910,1.94);
#11056=CARTESIAN_POINT('',(4.76,0.0,-0.32));
#11057=VECTOR('',#12911,1.94);
#11058=CARTESIAN_POINT('',(5.368,0.0,-0.32));
#11059=VECTOR('',#12912,1.94);
#11060=CARTESIAN_POINT('',(7.908,0.0,0.307));
#11061=VECTOR('',#12913,1.94);
#11062=CARTESIAN_POINT('',(7.3,0.0,0.307));
#11063=VECTOR('',#12914,1.94);
#11064=CARTESIAN_POINT('',(7.3,0.0,-0.32));
#11065=VECTOR('',#12915,1.94);
#11066=CARTESIAN_POINT('',(7.908,0.0,-0.32));
#11067=VECTOR('',#12916,1.94);
#11068=CARTESIAN_POINT('',(10.448,0.0,0.307));
#11069=VECTOR('',#12917,1.94);
#11070=CARTESIAN_POINT('',(9.84,0.0,0.307));
#11071=VECTOR('',#12918,1.94);
#11072=CARTESIAN_POINT('',(9.84,0.0,-0.32));
#11073=VECTOR('',#12919,1.94);
#11074=CARTESIAN_POINT('',(10.448,0.0,-0.32));
#11075=VECTOR('',#12920,1.94);
#11076=CARTESIAN_POINT('',(12.988,0.0,0.307));
#11077=VECTOR('',#12921,1.94);
#11078=CARTESIAN_POINT('',(12.38,0.0,0.307));
#11079=VECTOR('',#12922,1.94);
#11080=CARTESIAN_POINT('',(12.38,0.0,-0.32));
#11081=VECTOR('',#12923,1.94);
#11082=CARTESIAN_POINT('',(12.988,0.0,-0.32));
#11083=VECTOR('',#12924,1.94);
#11084=CARTESIAN_POINT('',(15.528,0.0,0.307));
#11085=VECTOR('',#12925,1.94);
#11086=CARTESIAN_POINT('',(14.92,0.0,0.307));
#11087=VECTOR('',#12926,1.94);
#11088=CARTESIAN_POINT('',(14.92,0.0,-0.32));
#11089=VECTOR('',#12927,1.94);
#11090=CARTESIAN_POINT('',(15.528,0.0,-0.32));
#11091=VECTOR('',#12928,1.94);
#11092=CARTESIAN_POINT('',(18.068,0.0,0.307));
#11093=VECTOR('',#12929,1.94);
#11094=CARTESIAN_POINT('',(17.46,0.0,0.307));
#11095=VECTOR('',#12930,1.94);
#11096=CARTESIAN_POINT('',(17.46,0.0,-0.32));
#11097=VECTOR('',#12931,1.94);
#11098=CARTESIAN_POINT('',(18.068,0.0,-0.32));
#11099=VECTOR('',#12932,1.94);
#11100=CARTESIAN_POINT('',(20.608,0.0,0.307));
#11101=VECTOR('',#12933,1.94);
#11102=CARTESIAN_POINT('',(20.0,0.0,0.307));
#11103=VECTOR('',#12934,1.94);
#11104=CARTESIAN_POINT('',(20.0,0.0,-0.32));
#11105=VECTOR('',#12935,1.94);
#11106=CARTESIAN_POINT('',(20.608,0.0,-0.32));
#11107=VECTOR('',#12936,1.94);
#11108=CARTESIAN_POINT('',(22.54,0.0,0.307));
#11109=VECTOR('',#12937,1.94);
#11110=CARTESIAN_POINT('',(23.148,0.0,0.307));
#11111=VECTOR('',#12938,1.94);
#11112=CARTESIAN_POINT('',(22.54,0.0,-0.32));
#11113=VECTOR('',#12939,1.94);
#11114=CARTESIAN_POINT('',(23.148,0.0,-0.32));
#11115=VECTOR('',#12940,1.94);
#11116=CARTESIAN_POINT('',(26.67,-1.69,0.77));
#11117=CARTESIAN_POINT('',(26.67,-0.25,0.77));
#11118=VECTOR('',#12941,1.44);
#11119=CARTESIAN_POINT('',(26.67,-1.69,0.77));
#11120=VECTOR('',#12942,0.433012701892181);
#11121=CARTESIAN_POINT('',(26.67,-1.69,0.77));
#11122=VECTOR('',#12943,0.433012701892181);
#11123=CARTESIAN_POINT('',(26.67,-1.69,0.77));
#11124=VECTOR('',#12944,1.54);
#11125=CARTESIAN_POINT('',(25.08,0.0,0.307));
#11126=VECTOR('',#12945,1.94);
#11127=CARTESIAN_POINT('',(25.688,0.0,0.307));
#11128=VECTOR('',#12946,1.94);
#11129=CARTESIAN_POINT('',(25.08,0.0,-0.32));
#11130=VECTOR('',#12947,1.94);
#11131=CARTESIAN_POINT('',(25.688,0.0,-0.32));
#11132=VECTOR('',#12948,1.94);
#11133=CARTESIAN_POINT('',(29.21,-1.69,0.77));
#11134=CARTESIAN_POINT('',(29.21,-1.69,0.77));
#11135=VECTOR('',#12949,0.433012701892181);
#11136=CARTESIAN_POINT('',(29.21,-0.25,0.77));
#11137=VECTOR('',#12950,1.44);
#11138=CARTESIAN_POINT('',(29.21,-1.69,-0.77));
#11139=VECTOR('',#12951,1.54);
#11140=CARTESIAN_POINT('',(27.62,0.0,0.307));
#11141=VECTOR('',#12952,1.94);
#11142=CARTESIAN_POINT('',(28.228,0.0,0.307));
#11143=VECTOR('',#12953,1.94);
#11144=CARTESIAN_POINT('',(27.62,0.0,-0.32));
#11145=VECTOR('',#12954,1.94);
#11146=CARTESIAN_POINT('',(28.228,0.0,-0.32));
#11147=VECTOR('',#12955,1.94);
#11148=CARTESIAN_POINT('',(2.415,5.8,-0.125));
#11149=CARTESIAN_POINT('',(2.665,5.8,-0.125));
#11150=CARTESIAN_POINT('',(2.415,5.8,-0.125));
#11151=VECTOR('',#12956,0.25);
#11152=CARTESIAN_POINT('',(2.415,5.8,0.125));
#11153=CARTESIAN_POINT('',(2.415,5.8,0.125));
#11154=VECTOR('',#12957,0.25);
#11155=CARTESIAN_POINT('',(2.665,5.8,0.125));
#11156=CARTESIAN_POINT('',(2.665,5.8,0.125));
#11157=VECTOR('',#12958,0.25);
#11158=CARTESIAN_POINT('',(2.665,5.8,-0.125));
#11159=VECTOR('',#12959,0.25);
#11160=CARTESIAN_POINT('',(2.86,5.462250092524,-0.32));
#11161=CARTESIAN_POINT('',(2.665,5.8,-0.125));
#11162=VECTOR('',#12960,0.436033255612522);
#11163=CARTESIAN_POINT('',(2.22,5.462250092524,-0.32));
#11164=CARTESIAN_POINT('',(2.22,5.462250092524,-0.32));
#11165=VECTOR('',#12961,0.64);
#11166=CARTESIAN_POINT('',(2.415,5.8,-0.125));
#11167=VECTOR('',#12962,0.436033255612522);
#11168=CARTESIAN_POINT('',(2.22,5.462250092524,0.32));
#11169=CARTESIAN_POINT('',(2.22,5.462250092524,0.32));
#11170=VECTOR('',#12963,0.64);
#11171=CARTESIAN_POINT('',(2.415,5.8,0.125));
#11172=VECTOR('',#12964,0.436033255612522);
#11173=CARTESIAN_POINT('',(2.86,5.462250092524,0.32));
#11174=CARTESIAN_POINT('',(2.86,5.462250092524,0.32));
#11175=VECTOR('',#12965,0.64);
#11176=CARTESIAN_POINT('',(2.665,5.8,0.125));
#11177=VECTOR('',#12966,0.436033255612522);
#11178=CARTESIAN_POINT('',(2.86,5.462250092524,-0.32));
#11179=VECTOR('',#12967,0.64);
#11180=CARTESIAN_POINT('',(2.86,-2.49,0.32));
#11181=CARTESIAN_POINT('',(2.86,5.462250092524,0.32));
#11182=VECTOR('',#12968,7.952250092524);
#11183=CARTESIAN_POINT('',(2.86,-4.13,-1.32));
#11184=AXIS2_PLACEMENT_3D('',#12969,#12970,#12971);
#11185=CARTESIAN_POINT('',(2.86,-4.13,-2.202250092524));
#11186=CARTESIAN_POINT('',(2.86,-4.13,-1.32));
#11187=VECTOR('',#12972,0.8822500925241);
#11188=CARTESIAN_POINT('',(2.86,-3.49,-2.202250092524));
#11189=CARTESIAN_POINT('',(2.86,-3.49,-2.202250092524));
#11190=VECTOR('',#12973,0.64);
#11191=CARTESIAN_POINT('',(2.86,-3.49,-1.32));
#11192=CARTESIAN_POINT('',(2.86,-3.49,-1.32));
#11193=VECTOR('',#12974,0.8822500925241);
#11194=CARTESIAN_POINT('',(2.86,-2.49,-0.32));
#11195=AXIS2_PLACEMENT_3D('',#12975,#12976,#12977);
#11196=CARTESIAN_POINT('',(2.86,5.462250092524,-0.32));
#11197=VECTOR('',#12978,7.952250092524);
#11198=CARTESIAN_POINT('',(2.22,-2.49,-0.32));
#11199=CARTESIAN_POINT('',(2.22,-2.49,-0.32));
#11200=VECTOR('',#12979,0.64);
#11201=CARTESIAN_POINT('',(2.22,5.462250092524,-0.32));
#11202=VECTOR('',#12980,7.952250092524);
#11203=CARTESIAN_POINT('',(2.22,-3.49,-1.32));
#11204=AXIS2_PLACEMENT_3D('',#12981,#12982,#12983);
#11205=CARTESIAN_POINT('',(2.22,-3.49,-2.202250092524));
#11206=CARTESIAN_POINT('',(2.22,-3.49,-1.32));
#11207=VECTOR('',#12984,0.8822500925241);
#11208=CARTESIAN_POINT('',(2.22,-4.13,-2.202250092524));
#11209=CARTESIAN_POINT('',(2.22,-4.13,-2.202250092524));
#11210=VECTOR('',#12985,0.64);
#11211=CARTESIAN_POINT('',(2.22,-4.13,-1.32));
#11212=CARTESIAN_POINT('',(2.22,-4.13,-1.32));
#11213=VECTOR('',#12986,0.8822500925241);
#11214=CARTESIAN_POINT('',(2.22,-2.49,0.32));
#11215=AXIS2_PLACEMENT_3D('',#12987,#12988,#12989);
#11216=CARTESIAN_POINT('',(2.22,5.462250092524,0.32));
#11217=VECTOR('',#12990,7.952250092524);
#11218=CARTESIAN_POINT('',(2.86,-2.49,0.32));
#11219=VECTOR('',#12991,0.64);
#11220=CARTESIAN_POINT('',(2.86,-4.13,-1.32));
#11221=VECTOR('',#12992,0.64);
#11222=CARTESIAN_POINT('',(2.86,-4.13,-2.202250092524));
#11223=VECTOR('',#12993,0.64);
#11224=CARTESIAN_POINT('',(2.665,-3.935,-2.54));
#11225=CARTESIAN_POINT('',(2.415,-3.935,-2.54));
#11226=CARTESIAN_POINT('',(2.665,-3.935,-2.54));
#11227=VECTOR('',#12994,0.25);
#11228=CARTESIAN_POINT('',(2.665,-3.935,-2.54));
#11229=VECTOR('',#12995,0.436033255612522);
#11230=CARTESIAN_POINT('',(2.415,-3.935,-2.54));
#11231=VECTOR('',#12996,0.436033255612522);
#11232=CARTESIAN_POINT('',(2.415,-3.685,-2.54));
#11233=CARTESIAN_POINT('',(2.665,-3.685,-2.54));
#11234=CARTESIAN_POINT('',(2.415,-3.685,-2.54));
#11235=VECTOR('',#12997,0.25);
#11236=CARTESIAN_POINT('',(2.665,-3.685,-2.54));
#11237=VECTOR('',#12998,0.25);
#11238=CARTESIAN_POINT('',(2.415,-3.935,-2.54));
#11239=VECTOR('',#12999,0.25);
#11240=CARTESIAN_POINT('',(2.415,-3.685,-2.54));
#11241=VECTOR('',#13000,0.436033255612522);
#11242=CARTESIAN_POINT('',(2.22,-3.49,-2.202250092524));
#11243=VECTOR('',#13001,0.64);
#11244=CARTESIAN_POINT('',(2.665,-3.685,-2.54));
#11245=VECTOR('',#13002,0.436033255612522);
#11246=CARTESIAN_POINT('',(2.22,-3.49,-1.32));
#11247=VECTOR('',#13003,0.64);
#11248=CARTESIAN_POINT('',(7.495,5.8,-0.125));
#11249=CARTESIAN_POINT('',(7.745,5.8,-0.125));
#11250=CARTESIAN_POINT('',(7.495,5.8,-0.125));
#11251=VECTOR('',#13004,0.25);
#11252=CARTESIAN_POINT('',(7.495,5.8,0.125));
#11253=CARTESIAN_POINT('',(7.495,5.8,0.125));
#11254=VECTOR('',#13005,0.25);
#11255=CARTESIAN_POINT('',(7.745,5.8,0.125));
#11256=CARTESIAN_POINT('',(7.745,5.8,0.125));
#11257=VECTOR('',#13006,0.25);
#11258=CARTESIAN_POINT('',(7.745,5.8,-0.125));
#11259=VECTOR('',#13007,0.25);
#11260=CARTESIAN_POINT('',(7.94,5.462250092524,-0.32));
#11261=CARTESIAN_POINT('',(7.745,5.8,-0.125));
#11262=VECTOR('',#13008,0.436033255612522);
#11263=CARTESIAN_POINT('',(7.3,5.462250092524,-0.32));
#11264=CARTESIAN_POINT('',(7.3,5.462250092524,-0.32));
#11265=VECTOR('',#13009,0.64);
#11266=CARTESIAN_POINT('',(7.495,5.8,-0.125));
#11267=VECTOR('',#13010,0.436033255612522);
#11268=CARTESIAN_POINT('',(7.3,5.462250092524,0.32));
#11269=CARTESIAN_POINT('',(7.3,5.462250092524,0.32));
#11270=VECTOR('',#13011,0.64);
#11271=CARTESIAN_POINT('',(7.495,5.8,0.125));
#11272=VECTOR('',#13012,0.436033255612522);
#11273=CARTESIAN_POINT('',(7.94,5.462250092524,0.32));
#11274=CARTESIAN_POINT('',(7.94,5.462250092524,0.32));
#11275=VECTOR('',#13013,0.64);
#11276=CARTESIAN_POINT('',(7.745,5.8,0.125));
#11277=VECTOR('',#13014,0.436033255612522);
#11278=CARTESIAN_POINT('',(7.94,5.462250092524,-0.32));
#11279=VECTOR('',#13015,0.64);
#11280=CARTESIAN_POINT('',(7.94,-2.49,0.32));
#11281=CARTESIAN_POINT('',(7.94,5.462250092524,0.32));
#11282=VECTOR('',#13016,7.952250092524);
#11283=CARTESIAN_POINT('',(7.94,-4.13,-1.32));
#11284=AXIS2_PLACEMENT_3D('',#13017,#13018,#13019);
#11285=CARTESIAN_POINT('',(7.94,-4.13,-2.202250092524));
#11286=CARTESIAN_POINT('',(7.94,-4.13,-1.32));
#11287=VECTOR('',#13020,0.8822500925241);
#11288=CARTESIAN_POINT('',(7.94,-3.49,-2.202250092524));
#11289=CARTESIAN_POINT('',(7.94,-3.49,-2.202250092524));
#11290=VECTOR('',#13021,0.64);
#11291=CARTESIAN_POINT('',(7.94,-3.49,-1.32));
#11292=CARTESIAN_POINT('',(7.94,-3.49,-1.32));
#11293=VECTOR('',#13022,0.8822500925241);
#11294=CARTESIAN_POINT('',(7.94,-2.49,-0.32));
#11295=AXIS2_PLACEMENT_3D('',#13023,#13024,#13025);
#11296=CARTESIAN_POINT('',(7.94,5.462250092524,-0.32));
#11297=VECTOR('',#13026,7.952250092524);
#11298=CARTESIAN_POINT('',(7.3,-2.49,-0.32));
#11299=CARTESIAN_POINT('',(7.3,-2.49,-0.32));
#11300=VECTOR('',#13027,0.64);
#11301=CARTESIAN_POINT('',(7.3,5.462250092524,-0.32));
#11302=VECTOR('',#13028,7.952250092524);
#11303=CARTESIAN_POINT('',(7.3,-3.49,-1.32));
#11304=AXIS2_PLACEMENT_3D('',#13029,#13030,#13031);
#11305=CARTESIAN_POINT('',(7.3,-3.49,-2.202250092524));
#11306=CARTESIAN_POINT('',(7.3,-3.49,-1.32));
#11307=VECTOR('',#13032,0.8822500925241);
#11308=CARTESIAN_POINT('',(7.3,-4.13,-2.202250092524));
#11309=CARTESIAN_POINT('',(7.3,-4.13,-2.202250092524));
#11310=VECTOR('',#13033,0.64);
#11311=CARTESIAN_POINT('',(7.3,-4.13,-1.32));
#11312=CARTESIAN_POINT('',(7.3,-4.13,-1.32));
#11313=VECTOR('',#13034,0.8822500925241);
#11314=CARTESIAN_POINT('',(7.3,-2.49,0.32));
#11315=AXIS2_PLACEMENT_3D('',#13035,#13036,#13037);
#11316=CARTESIAN_POINT('',(7.3,5.462250092524,0.32));
#11317=VECTOR('',#13038,7.952250092524);
#11318=CARTESIAN_POINT('',(7.94,-2.49,0.32));
#11319=VECTOR('',#13039,0.64);
#11320=CARTESIAN_POINT('',(7.94,-4.13,-1.32));
#11321=VECTOR('',#13040,0.64);
#11322=CARTESIAN_POINT('',(7.94,-4.13,-2.202250092524));
#11323=VECTOR('',#13041,0.64);
#11324=CARTESIAN_POINT('',(7.745,-3.935,-2.54));
#11325=CARTESIAN_POINT('',(7.495,-3.935,-2.54));
#11326=CARTESIAN_POINT('',(7.745,-3.935,-2.54));
#11327=VECTOR('',#13042,0.25);
#11328=CARTESIAN_POINT('',(7.745,-3.935,-2.54));
#11329=VECTOR('',#13043,0.436033255612522);
#11330=CARTESIAN_POINT('',(7.495,-3.935,-2.54));
#11331=VECTOR('',#13044,0.436033255612522);
#11332=CARTESIAN_POINT('',(7.495,-3.685,-2.54));
#11333=CARTESIAN_POINT('',(7.745,-3.685,-2.54));
#11334=CARTESIAN_POINT('',(7.495,-3.685,-2.54));
#11335=VECTOR('',#13045,0.25);
#11336=CARTESIAN_POINT('',(7.745,-3.685,-2.54));
#11337=VECTOR('',#13046,0.25);
#11338=CARTESIAN_POINT('',(7.495,-3.935,-2.54));
#11339=VECTOR('',#13047,0.25);
#11340=CARTESIAN_POINT('',(7.495,-3.685,-2.54));
#11341=VECTOR('',#13048,0.436033255612522);
#11342=CARTESIAN_POINT('',(7.3,-3.49,-2.202250092524));
#11343=VECTOR('',#13049,0.64);
#11344=CARTESIAN_POINT('',(7.745,-3.685,-2.54));
#11345=VECTOR('',#13050,0.436033255612522);
#11346=CARTESIAN_POINT('',(7.3,-3.49,-1.32));
#11347=VECTOR('',#13051,0.64);
#11348=CARTESIAN_POINT('',(12.575,5.8,-0.125));
#11349=CARTESIAN_POINT('',(12.825,5.8,-0.125));
#11350=CARTESIAN_POINT('',(12.575,5.8,-0.125));
#11351=VECTOR('',#13052,0.25);
#11352=CARTESIAN_POINT('',(12.575,5.8,0.125));
#11353=CARTESIAN_POINT('',(12.575,5.8,0.125));
#11354=VECTOR('',#13053,0.25);
#11355=CARTESIAN_POINT('',(12.825,5.8,0.125));
#11356=CARTESIAN_POINT('',(12.825,5.8,0.125));
#11357=VECTOR('',#13054,0.25);
#11358=CARTESIAN_POINT('',(12.825,5.8,-0.125));
#11359=VECTOR('',#13055,0.25);
#11360=CARTESIAN_POINT('',(13.02,5.462250092524,-0.32));
#11361=CARTESIAN_POINT('',(12.825,5.8,-0.125));
#11362=VECTOR('',#13056,0.436033255612522);
#11363=CARTESIAN_POINT('',(12.38,5.462250092524,-0.32));
#11364=CARTESIAN_POINT('',(12.38,5.462250092524,-0.32));
#11365=VECTOR('',#13057,0.64);
#11366=CARTESIAN_POINT('',(12.575,5.8,-0.125));
#11367=VECTOR('',#13058,0.436033255612522);
#11368=CARTESIAN_POINT('',(12.38,5.462250092524,0.32));
#11369=CARTESIAN_POINT('',(12.38,5.462250092524,0.32));
#11370=VECTOR('',#13059,0.64);
#11371=CARTESIAN_POINT('',(12.575,5.8,0.125));
#11372=VECTOR('',#13060,0.436033255612522);
#11373=CARTESIAN_POINT('',(13.02,5.462250092524,0.32));
#11374=CARTESIAN_POINT('',(13.02,5.462250092524,0.32));
#11375=VECTOR('',#13061,0.64);
#11376=CARTESIAN_POINT('',(12.825,5.8,0.125));
#11377=VECTOR('',#13062,0.436033255612522);
#11378=CARTESIAN_POINT('',(13.02,5.462250092524,-0.32));
#11379=VECTOR('',#13063,0.64);
#11380=CARTESIAN_POINT('',(13.02,-2.49,0.32));
#11381=CARTESIAN_POINT('',(13.02,5.462250092524,0.32));
#11382=VECTOR('',#13064,7.952250092524);
#11383=CARTESIAN_POINT('',(13.02,-4.13,-1.32));
#11384=AXIS2_PLACEMENT_3D('',#13065,#13066,#13067);
#11385=CARTESIAN_POINT('',(13.02,-4.13,-2.202250092524));
#11386=CARTESIAN_POINT('',(13.02,-4.13,-1.32));
#11387=VECTOR('',#13068,0.8822500925241);
#11388=CARTESIAN_POINT('',(13.02,-3.49,-2.202250092524));
#11389=CARTESIAN_POINT('',(13.02,-3.49,-2.202250092524));
#11390=VECTOR('',#13069,0.64);
#11391=CARTESIAN_POINT('',(13.02,-3.49,-1.32));
#11392=CARTESIAN_POINT('',(13.02,-3.49,-1.32));
#11393=VECTOR('',#13070,0.8822500925241);
#11394=CARTESIAN_POINT('',(13.02,-2.49,-0.32));
#11395=AXIS2_PLACEMENT_3D('',#13071,#13072,#13073);
#11396=CARTESIAN_POINT('',(13.02,5.462250092524,-0.32));
#11397=VECTOR('',#13074,7.952250092524);
#11398=CARTESIAN_POINT('',(12.38,-2.49,-0.32));
#11399=CARTESIAN_POINT('',(12.38,-2.49,-0.32));
#11400=VECTOR('',#13075,0.64);
#11401=CARTESIAN_POINT('',(12.38,5.462250092524,-0.32));
#11402=VECTOR('',#13076,7.952250092524);
#11403=CARTESIAN_POINT('',(12.38,-3.49,-1.32));
#11404=AXIS2_PLACEMENT_3D('',#13077,#13078,#13079);
#11405=CARTESIAN_POINT('',(12.38,-3.49,-2.202250092524));
#11406=CARTESIAN_POINT('',(12.38,-3.49,-1.32));
#11407=VECTOR('',#13080,0.8822500925241);
#11408=CARTESIAN_POINT('',(12.38,-4.13,-2.202250092524));
#11409=CARTESIAN_POINT('',(12.38,-4.13,-2.202250092524));
#11410=VECTOR('',#13081,0.64);
#11411=CARTESIAN_POINT('',(12.38,-4.13,-1.32));
#11412=CARTESIAN_POINT('',(12.38,-4.13,-1.32));
#11413=VECTOR('',#13082,0.8822500925241);
#11414=CARTESIAN_POINT('',(12.38,-2.49,0.32));
#11415=AXIS2_PLACEMENT_3D('',#13083,#13084,#13085);
#11416=CARTESIAN_POINT('',(12.38,5.462250092524,0.32));
#11417=VECTOR('',#13086,7.952250092524);
#11418=CARTESIAN_POINT('',(13.02,-2.49,0.32));
#11419=VECTOR('',#13087,0.64);
#11420=CARTESIAN_POINT('',(13.02,-4.13,-1.32));
#11421=VECTOR('',#13088,0.64);
#11422=CARTESIAN_POINT('',(13.02,-4.13,-2.202250092524));
#11423=VECTOR('',#13089,0.64);
#11424=CARTESIAN_POINT('',(12.825,-3.935,-2.54));
#11425=CARTESIAN_POINT('',(12.575,-3.935,-2.54));
#11426=CARTESIAN_POINT('',(12.825,-3.935,-2.54));
#11427=VECTOR('',#13090,0.25);
#11428=CARTESIAN_POINT('',(12.825,-3.935,-2.54));
#11429=VECTOR('',#13091,0.436033255612522);
#11430=CARTESIAN_POINT('',(12.575,-3.935,-2.54));
#11431=VECTOR('',#13092,0.436033255612522);
#11432=CARTESIAN_POINT('',(12.575,-3.685,-2.54));
#11433=CARTESIAN_POINT('',(12.825,-3.685,-2.54));
#11434=CARTESIAN_POINT('',(12.575,-3.685,-2.54));
#11435=VECTOR('',#13093,0.25);
#11436=CARTESIAN_POINT('',(12.825,-3.685,-2.54));
#11437=VECTOR('',#13094,0.25);
#11438=CARTESIAN_POINT('',(12.575,-3.935,-2.54));
#11439=VECTOR('',#13095,0.25);
#11440=CARTESIAN_POINT('',(12.575,-3.685,-2.54));
#11441=VECTOR('',#13096,0.436033255612522);
#11442=CARTESIAN_POINT('',(12.38,-3.49,-2.202250092524));
#11443=VECTOR('',#13097,0.64);
#11444=CARTESIAN_POINT('',(12.825,-3.685,-2.54));
#11445=VECTOR('',#13098,0.436033255612522);
#11446=CARTESIAN_POINT('',(12.38,-3.49,-1.32));
#11447=VECTOR('',#13099,0.64);
#11448=CARTESIAN_POINT('',(17.655,5.8,-0.125));
#11449=CARTESIAN_POINT('',(17.905,5.8,-0.125));
#11450=CARTESIAN_POINT('',(17.655,5.8,-0.125));
#11451=VECTOR('',#13100,0.25);
#11452=CARTESIAN_POINT('',(17.655,5.8,0.125));
#11453=CARTESIAN_POINT('',(17.655,5.8,0.125));
#11454=VECTOR('',#13101,0.25);
#11455=CARTESIAN_POINT('',(17.905,5.8,0.125));
#11456=CARTESIAN_POINT('',(17.905,5.8,0.125));
#11457=VECTOR('',#13102,0.25);
#11458=CARTESIAN_POINT('',(17.905,5.8,-0.125));
#11459=VECTOR('',#13103,0.25);
#11460=CARTESIAN_POINT('',(18.1,5.462250092524,-0.32));
#11461=CARTESIAN_POINT('',(17.905,5.8,-0.125));
#11462=VECTOR('',#13104,0.436033255612522);
#11463=CARTESIAN_POINT('',(17.46,5.462250092524,-0.32));
#11464=CARTESIAN_POINT('',(17.46,5.462250092524,-0.32));
#11465=VECTOR('',#13105,0.64);
#11466=CARTESIAN_POINT('',(17.655,5.8,-0.125));
#11467=VECTOR('',#13106,0.436033255612522);
#11468=CARTESIAN_POINT('',(17.46,5.462250092524,0.32));
#11469=CARTESIAN_POINT('',(17.46,5.462250092524,0.32));
#11470=VECTOR('',#13107,0.64);
#11471=CARTESIAN_POINT('',(17.655,5.8,0.125));
#11472=VECTOR('',#13108,0.436033255612522);
#11473=CARTESIAN_POINT('',(18.1,5.462250092524,0.32));
#11474=CARTESIAN_POINT('',(18.1,5.462250092524,0.32));
#11475=VECTOR('',#13109,0.64);
#11476=CARTESIAN_POINT('',(17.905,5.8,0.125));
#11477=VECTOR('',#13110,0.436033255612522);
#11478=CARTESIAN_POINT('',(18.1,5.462250092524,-0.32));
#11479=VECTOR('',#13111,0.64);
#11480=CARTESIAN_POINT('',(18.1,-2.49,0.32));
#11481=CARTESIAN_POINT('',(18.1,5.462250092524,0.32));
#11482=VECTOR('',#13112,7.952250092524);
#11483=CARTESIAN_POINT('',(18.1,-4.13,-1.32));
#11484=AXIS2_PLACEMENT_3D('',#13113,#13114,#13115);
#11485=CARTESIAN_POINT('',(18.1,-4.13,-2.202250092524));
#11486=CARTESIAN_POINT('',(18.1,-4.13,-1.32));
#11487=VECTOR('',#13116,0.8822500925241);
#11488=CARTESIAN_POINT('',(18.1,-3.49,-2.202250092524));
#11489=CARTESIAN_POINT('',(18.1,-3.49,-2.202250092524));
#11490=VECTOR('',#13117,0.64);
#11491=CARTESIAN_POINT('',(18.1,-3.49,-1.32));
#11492=CARTESIAN_POINT('',(18.1,-3.49,-1.32));
#11493=VECTOR('',#13118,0.8822500925241);
#11494=CARTESIAN_POINT('',(18.1,-2.49,-0.32));
#11495=AXIS2_PLACEMENT_3D('',#13119,#13120,#13121);
#11496=CARTESIAN_POINT('',(18.1,5.462250092524,-0.32));
#11497=VECTOR('',#13122,7.952250092524);
#11498=CARTESIAN_POINT('',(17.46,-2.49,-0.32));
#11499=CARTESIAN_POINT('',(17.46,-2.49,-0.32));
#11500=VECTOR('',#13123,0.64);
#11501=CARTESIAN_POINT('',(17.46,5.462250092524,-0.32));
#11502=VECTOR('',#13124,7.952250092524);
#11503=CARTESIAN_POINT('',(17.46,-3.49,-1.32));
#11504=AXIS2_PLACEMENT_3D('',#13125,#13126,#13127);
#11505=CARTESIAN_POINT('',(17.46,-3.49,-2.202250092524));
#11506=CARTESIAN_POINT('',(17.46,-3.49,-1.32));
#11507=VECTOR('',#13128,0.8822500925241);
#11508=CARTESIAN_POINT('',(17.46,-4.13,-2.202250092524));
#11509=CARTESIAN_POINT('',(17.46,-4.13,-2.202250092524));
#11510=VECTOR('',#13129,0.64);
#11511=CARTESIAN_POINT('',(17.46,-4.13,-1.32));
#11512=CARTESIAN_POINT('',(17.46,-4.13,-1.32));
#11513=VECTOR('',#13130,0.8822500925241);
#11514=CARTESIAN_POINT('',(17.46,-2.49,0.32));
#11515=AXIS2_PLACEMENT_3D('',#13131,#13132,#13133);
#11516=CARTESIAN_POINT('',(17.46,5.462250092524,0.32));
#11517=VECTOR('',#13134,7.952250092524);
#11518=CARTESIAN_POINT('',(18.1,-2.49,0.32));
#11519=VECTOR('',#13135,0.64);
#11520=CARTESIAN_POINT('',(18.1,-4.13,-1.32));
#11521=VECTOR('',#13136,0.64);
#11522=CARTESIAN_POINT('',(18.1,-4.13,-2.202250092524));
#11523=VECTOR('',#13137,0.64);
#11524=CARTESIAN_POINT('',(17.905,-3.935,-2.54));
#11525=CARTESIAN_POINT('',(17.655,-3.935,-2.54));
#11526=CARTESIAN_POINT('',(17.905,-3.935,-2.54));
#11527=VECTOR('',#13138,0.25);
#11528=CARTESIAN_POINT('',(17.905,-3.935,-2.54));
#11529=VECTOR('',#13139,0.436033255612522);
#11530=CARTESIAN_POINT('',(17.655,-3.935,-2.54));
#11531=VECTOR('',#13140,0.436033255612522);
#11532=CARTESIAN_POINT('',(17.655,-3.685,-2.54));
#11533=CARTESIAN_POINT('',(17.905,-3.685,-2.54));
#11534=CARTESIAN_POINT('',(17.655,-3.685,-2.54));
#11535=VECTOR('',#13141,0.25);
#11536=CARTESIAN_POINT('',(17.905,-3.685,-2.54));
#11537=VECTOR('',#13142,0.25);
#11538=CARTESIAN_POINT('',(17.655,-3.935,-2.54));
#11539=VECTOR('',#13143,0.25);
#11540=CARTESIAN_POINT('',(17.655,-3.685,-2.54));
#11541=VECTOR('',#13144,0.436033255612522);
#11542=CARTESIAN_POINT('',(17.46,-3.49,-2.202250092524));
#11543=VECTOR('',#13145,0.64);
#11544=CARTESIAN_POINT('',(17.905,-3.685,-2.54));
#11545=VECTOR('',#13146,0.436033255612522);
#11546=CARTESIAN_POINT('',(17.46,-3.49,-1.32));
#11547=VECTOR('',#13147,0.64);
#11548=CARTESIAN_POINT('',(22.735,5.8,-0.125));
#11549=CARTESIAN_POINT('',(22.985,5.8,-0.125));
#11550=CARTESIAN_POINT('',(22.735,5.8,-0.125));
#11551=VECTOR('',#13148,0.25);
#11552=CARTESIAN_POINT('',(22.735,5.8,0.125));
#11553=CARTESIAN_POINT('',(22.735,5.8,0.125));
#11554=VECTOR('',#13149,0.25);
#11555=CARTESIAN_POINT('',(22.985,5.8,0.125));
#11556=CARTESIAN_POINT('',(22.985,5.8,0.125));
#11557=VECTOR('',#13150,0.25);
#11558=CARTESIAN_POINT('',(22.985,5.8,-0.125));
#11559=VECTOR('',#13151,0.25);
#11560=CARTESIAN_POINT('',(23.18,5.462250092524,-0.32));
#11561=CARTESIAN_POINT('',(22.985,5.8,-0.125));
#11562=VECTOR('',#13152,0.436033255612522);
#11563=CARTESIAN_POINT('',(22.54,5.462250092524,-0.32));
#11564=CARTESIAN_POINT('',(22.54,5.462250092524,-0.32));
#11565=VECTOR('',#13153,0.64);
#11566=CARTESIAN_POINT('',(22.735,5.8,-0.125));
#11567=VECTOR('',#13154,0.436033255612522);
#11568=CARTESIAN_POINT('',(22.54,5.462250092524,0.32));
#11569=CARTESIAN_POINT('',(22.54,5.462250092524,0.32));
#11570=VECTOR('',#13155,0.64);
#11571=CARTESIAN_POINT('',(22.735,5.8,0.125));
#11572=VECTOR('',#13156,0.436033255612522);
#11573=CARTESIAN_POINT('',(23.18,5.462250092524,0.32));
#11574=CARTESIAN_POINT('',(23.18,5.462250092524,0.32));
#11575=VECTOR('',#13157,0.64);
#11576=CARTESIAN_POINT('',(22.985,5.8,0.125));
#11577=VECTOR('',#13158,0.436033255612522);
#11578=CARTESIAN_POINT('',(23.18,5.462250092524,-0.32));
#11579=VECTOR('',#13159,0.64);
#11580=CARTESIAN_POINT('',(23.18,-2.49,0.32));
#11581=CARTESIAN_POINT('',(23.18,5.462250092524,0.32));
#11582=VECTOR('',#13160,7.952250092524);
#11583=CARTESIAN_POINT('',(23.18,-4.13,-1.32));
#11584=AXIS2_PLACEMENT_3D('',#13161,#13162,#13163);
#11585=CARTESIAN_POINT('',(23.18,-4.13,-2.202250092524));
#11586=CARTESIAN_POINT('',(23.18,-4.13,-1.32));
#11587=VECTOR('',#13164,0.8822500925241);
#11588=CARTESIAN_POINT('',(23.18,-3.49,-2.202250092524));
#11589=CARTESIAN_POINT('',(23.18,-3.49,-2.202250092524));
#11590=VECTOR('',#13165,0.64);
#11591=CARTESIAN_POINT('',(23.18,-3.49,-1.32));
#11592=CARTESIAN_POINT('',(23.18,-3.49,-1.32));
#11593=VECTOR('',#13166,0.8822500925241);
#11594=CARTESIAN_POINT('',(23.18,-2.49,-0.32));
#11595=AXIS2_PLACEMENT_3D('',#13167,#13168,#13169);
#11596=CARTESIAN_POINT('',(23.18,5.462250092524,-0.32));
#11597=VECTOR('',#13170,7.952250092524);
#11598=CARTESIAN_POINT('',(22.54,-2.49,-0.32));
#11599=CARTESIAN_POINT('',(22.54,-2.49,-0.32));
#11600=VECTOR('',#13171,0.64);
#11601=CARTESIAN_POINT('',(22.54,5.462250092524,-0.32));
#11602=VECTOR('',#13172,7.952250092524);
#11603=CARTESIAN_POINT('',(22.54,-3.49,-1.32));
#11604=AXIS2_PLACEMENT_3D('',#13173,#13174,#13175);
#11605=CARTESIAN_POINT('',(22.54,-3.49,-2.202250092524));
#11606=CARTESIAN_POINT('',(22.54,-3.49,-1.32));
#11607=VECTOR('',#13176,0.8822500925241);
#11608=CARTESIAN_POINT('',(22.54,-4.13,-2.202250092524));
#11609=CARTESIAN_POINT('',(22.54,-4.13,-2.202250092524));
#11610=VECTOR('',#13177,0.64);
#11611=CARTESIAN_POINT('',(22.54,-4.13,-1.32));
#11612=CARTESIAN_POINT('',(22.54,-4.13,-1.32));
#11613=VECTOR('',#13178,0.8822500925241);
#11614=CARTESIAN_POINT('',(22.54,-2.49,0.32));
#11615=AXIS2_PLACEMENT_3D('',#13179,#13180,#13181);
#11616=CARTESIAN_POINT('',(22.54,5.462250092524,0.32));
#11617=VECTOR('',#13182,7.952250092524);
#11618=CARTESIAN_POINT('',(23.18,-2.49,0.32));
#11619=VECTOR('',#13183,0.64);
#11620=CARTESIAN_POINT('',(23.18,-4.13,-1.32));
#11621=VECTOR('',#13184,0.64);
#11622=CARTESIAN_POINT('',(23.18,-4.13,-2.202250092524));
#11623=VECTOR('',#13185,0.64);
#11624=CARTESIAN_POINT('',(22.985,-3.935,-2.54));
#11625=CARTESIAN_POINT('',(22.735,-3.935,-2.54));
#11626=CARTESIAN_POINT('',(22.985,-3.935,-2.54));
#11627=VECTOR('',#13186,0.25);
#11628=CARTESIAN_POINT('',(22.985,-3.935,-2.54));
#11629=VECTOR('',#13187,0.436033255612522);
#11630=CARTESIAN_POINT('',(22.735,-3.935,-2.54));
#11631=VECTOR('',#13188,0.436033255612522);
#11632=CARTESIAN_POINT('',(22.735,-3.685,-2.54));
#11633=CARTESIAN_POINT('',(22.985,-3.685,-2.54));
#11634=CARTESIAN_POINT('',(22.735,-3.685,-2.54));
#11635=VECTOR('',#13189,0.25);
#11636=CARTESIAN_POINT('',(22.985,-3.685,-2.54));
#11637=VECTOR('',#13190,0.25);
#11638=CARTESIAN_POINT('',(22.735,-3.935,-2.54));
#11639=VECTOR('',#13191,0.25);
#11640=CARTESIAN_POINT('',(22.735,-3.685,-2.54));
#11641=VECTOR('',#13192,0.436033255612522);
#11642=CARTESIAN_POINT('',(22.54,-3.49,-2.202250092524));
#11643=VECTOR('',#13193,0.64);
#11644=CARTESIAN_POINT('',(22.985,-3.685,-2.54));
#11645=VECTOR('',#13194,0.436033255612522);
#11646=CARTESIAN_POINT('',(22.54,-3.49,-1.32));
#11647=VECTOR('',#13195,0.64);
#11648=CARTESIAN_POINT('',(27.815,5.8,-0.125));
#11649=CARTESIAN_POINT('',(28.065,5.8,-0.125));
#11650=CARTESIAN_POINT('',(27.815,5.8,-0.125));
#11651=VECTOR('',#13196,0.25);
#11652=CARTESIAN_POINT('',(27.815,5.8,0.125));
#11653=CARTESIAN_POINT('',(27.815,5.8,0.125));
#11654=VECTOR('',#13197,0.25);
#11655=CARTESIAN_POINT('',(28.065,5.8,0.125));
#11656=CARTESIAN_POINT('',(28.065,5.8,0.125));
#11657=VECTOR('',#13198,0.25);
#11658=CARTESIAN_POINT('',(28.065,5.8,-0.125));
#11659=VECTOR('',#13199,0.25);
#11660=CARTESIAN_POINT('',(28.26,5.462250092524,-0.32));
#11661=CARTESIAN_POINT('',(28.065,5.8,-0.125));
#11662=VECTOR('',#13200,0.436033255612522);
#11663=CARTESIAN_POINT('',(27.62,5.462250092524,-0.32));
#11664=CARTESIAN_POINT('',(27.62,5.462250092524,-0.32));
#11665=VECTOR('',#13201,0.64);
#11666=CARTESIAN_POINT('',(27.815,5.8,-0.125));
#11667=VECTOR('',#13202,0.436033255612522);
#11668=CARTESIAN_POINT('',(27.62,5.462250092524,0.32));
#11669=CARTESIAN_POINT('',(27.62,5.462250092524,0.32));
#11670=VECTOR('',#13203,0.64);
#11671=CARTESIAN_POINT('',(27.815,5.8,0.125));
#11672=VECTOR('',#13204,0.436033255612522);
#11673=CARTESIAN_POINT('',(28.26,5.462250092524,0.32));
#11674=CARTESIAN_POINT('',(28.26,5.462250092524,0.32));
#11675=VECTOR('',#13205,0.64);
#11676=CARTESIAN_POINT('',(28.065,5.8,0.125));
#11677=VECTOR('',#13206,0.436033255612522);
#11678=CARTESIAN_POINT('',(28.26,5.462250092524,-0.32));
#11679=VECTOR('',#13207,0.64);
#11680=CARTESIAN_POINT('',(28.26,-2.49,0.32));
#11681=CARTESIAN_POINT('',(28.26,5.462250092524,0.32));
#11682=VECTOR('',#13208,7.952250092524);
#11683=CARTESIAN_POINT('',(28.26,-4.13,-1.32));
#11684=AXIS2_PLACEMENT_3D('',#13209,#13210,#13211);
#11685=CARTESIAN_POINT('',(28.26,-4.13,-2.202250092524));
#11686=CARTESIAN_POINT('',(28.26,-4.13,-1.32));
#11687=VECTOR('',#13212,0.8822500925241);
#11688=CARTESIAN_POINT('',(28.26,-3.49,-2.202250092524));
#11689=CARTESIAN_POINT('',(28.26,-3.49,-2.202250092524));
#11690=VECTOR('',#13213,0.64);
#11691=CARTESIAN_POINT('',(28.26,-3.49,-1.32));
#11692=CARTESIAN_POINT('',(28.26,-3.49,-1.32));
#11693=VECTOR('',#13214,0.8822500925241);
#11694=CARTESIAN_POINT('',(28.26,-2.49,-0.32));
#11695=AXIS2_PLACEMENT_3D('',#13215,#13216,#13217);
#11696=CARTESIAN_POINT('',(28.26,5.462250092524,-0.32));
#11697=VECTOR('',#13218,7.952250092524);
#11698=CARTESIAN_POINT('',(27.62,-2.49,-0.32));
#11699=CARTESIAN_POINT('',(27.62,-2.49,-0.32));
#11700=VECTOR('',#13219,0.64);
#11701=CARTESIAN_POINT('',(27.62,5.462250092524,-0.32));
#11702=VECTOR('',#13220,7.952250092524);
#11703=CARTESIAN_POINT('',(27.62,-3.49,-1.32));
#11704=AXIS2_PLACEMENT_3D('',#13221,#13222,#13223);
#11705=CARTESIAN_POINT('',(27.62,-3.49,-2.202250092524));
#11706=CARTESIAN_POINT('',(27.62,-3.49,-1.32));
#11707=VECTOR('',#13224,0.8822500925241);
#11708=CARTESIAN_POINT('',(27.62,-4.13,-2.202250092524));
#11709=CARTESIAN_POINT('',(27.62,-4.13,-2.202250092524));
#11710=VECTOR('',#13225,0.64);
#11711=CARTESIAN_POINT('',(27.62,-4.13,-1.32));
#11712=CARTESIAN_POINT('',(27.62,-4.13,-1.32));
#11713=VECTOR('',#13226,0.8822500925241);
#11714=CARTESIAN_POINT('',(27.62,-2.49,0.32));
#11715=AXIS2_PLACEMENT_3D('',#13227,#13228,#13229);
#11716=CARTESIAN_POINT('',(27.62,5.462250092524,0.32));
#11717=VECTOR('',#13230,7.952250092524);
#11718=CARTESIAN_POINT('',(28.26,-2.49,0.32));
#11719=VECTOR('',#13231,0.64);
#11720=CARTESIAN_POINT('',(28.26,-4.13,-1.32));
#11721=VECTOR('',#13232,0.64);
#11722=CARTESIAN_POINT('',(28.26,-4.13,-2.202250092524));
#11723=VECTOR('',#13233,0.64);
#11724=CARTESIAN_POINT('',(28.065,-3.935,-2.54));
#11725=CARTESIAN_POINT('',(27.815,-3.935,-2.54));
#11726=CARTESIAN_POINT('',(28.065,-3.935,-2.54));
#11727=VECTOR('',#13234,0.25);
#11728=CARTESIAN_POINT('',(28.065,-3.935,-2.54));
#11729=VECTOR('',#13235,0.436033255612522);
#11730=CARTESIAN_POINT('',(27.815,-3.935,-2.54));
#11731=VECTOR('',#13236,0.436033255612522);
#11732=CARTESIAN_POINT('',(27.815,-3.685,-2.54));
#11733=CARTESIAN_POINT('',(28.065,-3.685,-2.54));
#11734=CARTESIAN_POINT('',(27.815,-3.685,-2.54));
#11735=VECTOR('',#13237,0.25);
#11736=CARTESIAN_POINT('',(28.065,-3.685,-2.54));
#11737=VECTOR('',#13238,0.25);
#11738=CARTESIAN_POINT('',(27.815,-3.935,-2.54));
#11739=VECTOR('',#13239,0.25);
#11740=CARTESIAN_POINT('',(27.815,-3.685,-2.54));
#11741=VECTOR('',#13240,0.436033255612522);
#11742=CARTESIAN_POINT('',(27.62,-3.49,-2.202250092524));
#11743=VECTOR('',#13241,0.64);
#11744=CARTESIAN_POINT('',(28.065,-3.685,-2.54));
#11745=VECTOR('',#13242,0.436033255612522);
#11746=CARTESIAN_POINT('',(27.62,-3.49,-1.32));
#11747=VECTOR('',#13243,0.64);
#11748=CARTESIAN_POINT('',(5.205,5.8,0.125));
#11749=CARTESIAN_POINT('',(4.955,5.8,0.125));
#11750=CARTESIAN_POINT('',(5.205,5.8,0.125));
#11751=VECTOR('',#13244,0.25);
#11752=CARTESIAN_POINT('',(5.205,5.8,-0.125));
#11753=CARTESIAN_POINT('',(5.205,5.8,-0.125));
#11754=VECTOR('',#13245,0.25);
#11755=CARTESIAN_POINT('',(4.955,5.8,-0.125));
#11756=CARTESIAN_POINT('',(4.955,5.8,-0.125));
#11757=VECTOR('',#13246,0.25);
#11758=CARTESIAN_POINT('',(4.955,5.8,0.125));
#11759=VECTOR('',#13247,0.25);
#11760=CARTESIAN_POINT('',(4.76,5.462250092524,0.32));
#11761=CARTESIAN_POINT('',(4.955,5.8,0.125));
#11762=VECTOR('',#13248,0.436033255612522);
#11763=CARTESIAN_POINT('',(5.4,5.462250092524,0.32));
#11764=CARTESIAN_POINT('',(5.4,5.462250092524,0.32));
#11765=VECTOR('',#13249,0.64);
#11766=CARTESIAN_POINT('',(5.205,5.8,0.125));
#11767=VECTOR('',#13250,0.436033255612522);
#11768=CARTESIAN_POINT('',(5.4,5.462250092524,-0.32));
#11769=CARTESIAN_POINT('',(5.4,5.462250092524,-0.32));
#11770=VECTOR('',#13251,0.64);
#11771=CARTESIAN_POINT('',(5.205,5.8,-0.125));
#11772=VECTOR('',#13252,0.436033255612522);
#11773=CARTESIAN_POINT('',(4.76,5.462250092524,-0.32));
#11774=CARTESIAN_POINT('',(4.76,5.462250092524,-0.32));
#11775=VECTOR('',#13253,0.64);
#11776=CARTESIAN_POINT('',(4.955,5.8,-0.125));
#11777=VECTOR('',#13254,0.436033255612522);
#11778=CARTESIAN_POINT('',(4.76,5.462250092524,0.32));
#11779=VECTOR('',#13255,0.64);
#11780=CARTESIAN_POINT('',(4.76,-2.49,-0.32));
#11781=CARTESIAN_POINT('',(4.76,5.462250092524,-0.32));
#11782=VECTOR('',#13256,7.952250092524);
#11783=CARTESIAN_POINT('',(4.76,-4.13,1.32));
#11784=AXIS2_PLACEMENT_3D('',#13257,#13258,#13259);
#11785=CARTESIAN_POINT('',(4.76,-4.13,2.202250092524));
#11786=CARTESIAN_POINT('',(4.76,-4.13,1.32));
#11787=VECTOR('',#13260,0.8822500925241);
#11788=CARTESIAN_POINT('',(4.76,-3.49,2.202250092524));
#11789=CARTESIAN_POINT('',(4.76,-3.49,2.202250092524));
#11790=VECTOR('',#13261,0.64);
#11791=CARTESIAN_POINT('',(4.76,-3.49,1.32));
#11792=CARTESIAN_POINT('',(4.76,-3.49,1.32));
#11793=VECTOR('',#13262,0.8822500925241);
#11794=CARTESIAN_POINT('',(4.76,-2.49,0.32));
#11795=AXIS2_PLACEMENT_3D('',#13263,#13264,#13265);
#11796=CARTESIAN_POINT('',(4.76,5.462250092524,0.32));
#11797=VECTOR('',#13266,7.952250092524);
#11798=CARTESIAN_POINT('',(5.4,-2.49,0.32));
#11799=CARTESIAN_POINT('',(5.4,-2.49,0.32));
#11800=VECTOR('',#13267,0.64);
#11801=CARTESIAN_POINT('',(5.4,5.462250092524,0.32));
#11802=VECTOR('',#13268,7.952250092524);
#11803=CARTESIAN_POINT('',(5.4,-3.49,1.32));
#11804=AXIS2_PLACEMENT_3D('',#13269,#13270,#13271);
#11805=CARTESIAN_POINT('',(5.4,-3.49,2.202250092524));
#11806=CARTESIAN_POINT('',(5.4,-3.49,1.32));
#11807=VECTOR('',#13272,0.8822500925241);
#11808=CARTESIAN_POINT('',(5.4,-4.13,2.202250092524));
#11809=CARTESIAN_POINT('',(5.4,-4.13,2.202250092524));
#11810=VECTOR('',#13273,0.64);
#11811=CARTESIAN_POINT('',(5.4,-4.13,1.32));
#11812=CARTESIAN_POINT('',(5.4,-4.13,1.32));
#11813=VECTOR('',#13274,0.8822500925241);
#11814=CARTESIAN_POINT('',(5.4,-2.49,-0.32));
#11815=AXIS2_PLACEMENT_3D('',#13275,#13276,#13277);
#11816=CARTESIAN_POINT('',(5.4,5.462250092524,-0.32));
#11817=VECTOR('',#13278,7.952250092524);
#11818=CARTESIAN_POINT('',(4.76,-2.49,-0.32));
#11819=VECTOR('',#13279,0.64);
#11820=CARTESIAN_POINT('',(4.76,-4.13,1.32));
#11821=VECTOR('',#13280,0.64);
#11822=CARTESIAN_POINT('',(4.76,-4.13,2.202250092524));
#11823=VECTOR('',#13281,0.64);
#11824=CARTESIAN_POINT('',(4.955,-3.935,2.54));
#11825=CARTESIAN_POINT('',(5.205,-3.935,2.54));
#11826=CARTESIAN_POINT('',(4.955,-3.935,2.54));
#11827=VECTOR('',#13282,0.25);
#11828=CARTESIAN_POINT('',(4.955,-3.935,2.54));
#11829=VECTOR('',#13283,0.436033255612522);
#11830=CARTESIAN_POINT('',(5.205,-3.935,2.54));
#11831=VECTOR('',#13284,0.436033255612522);
#11832=CARTESIAN_POINT('',(5.205,-3.685,2.54));
#11833=CARTESIAN_POINT('',(4.955,-3.685,2.54));
#11834=CARTESIAN_POINT('',(5.205,-3.685,2.54));
#11835=VECTOR('',#13285,0.25);
#11836=CARTESIAN_POINT('',(4.955,-3.685,2.54));
#11837=VECTOR('',#13286,0.25);
#11838=CARTESIAN_POINT('',(5.205,-3.935,2.54));
#11839=VECTOR('',#13287,0.25);
#11840=CARTESIAN_POINT('',(5.205,-3.685,2.54));
#11841=VECTOR('',#13288,0.436033255612522);
#11842=CARTESIAN_POINT('',(5.4,-3.49,2.202250092524));
#11843=VECTOR('',#13289,0.64);
#11844=CARTESIAN_POINT('',(4.955,-3.685,2.54));
#11845=VECTOR('',#13290,0.436033255612522);
#11846=CARTESIAN_POINT('',(5.4,-3.49,1.32));
#11847=VECTOR('',#13291,0.64);
#11848=CARTESIAN_POINT('',(10.285,5.8,0.125));
#11849=CARTESIAN_POINT('',(10.035,5.8,0.125));
#11850=CARTESIAN_POINT('',(10.285,5.8,0.125));
#11851=VECTOR('',#13292,0.25);
#11852=CARTESIAN_POINT('',(10.285,5.8,-0.125));
#11853=CARTESIAN_POINT('',(10.285,5.8,-0.125));
#11854=VECTOR('',#13293,0.25);
#11855=CARTESIAN_POINT('',(10.035,5.8,-0.125));
#11856=CARTESIAN_POINT('',(10.035,5.8,-0.125));
#11857=VECTOR('',#13294,0.25);
#11858=CARTESIAN_POINT('',(10.035,5.8,0.125));
#11859=VECTOR('',#13295,0.25);
#11860=CARTESIAN_POINT('',(9.84,5.462250092524,0.32));
#11861=CARTESIAN_POINT('',(10.035,5.8,0.125));
#11862=VECTOR('',#13296,0.436033255612522);
#11863=CARTESIAN_POINT('',(10.48,5.462250092524,0.32));
#11864=CARTESIAN_POINT('',(10.48,5.462250092524,0.32));
#11865=VECTOR('',#13297,0.64);
#11866=CARTESIAN_POINT('',(10.285,5.8,0.125));
#11867=VECTOR('',#13298,0.436033255612522);
#11868=CARTESIAN_POINT('',(10.48,5.462250092524,-0.32));
#11869=CARTESIAN_POINT('',(10.48,5.462250092524,-0.32));
#11870=VECTOR('',#13299,0.64);
#11871=CARTESIAN_POINT('',(10.285,5.8,-0.125));
#11872=VECTOR('',#13300,0.436033255612522);
#11873=CARTESIAN_POINT('',(9.84,5.462250092524,-0.32));
#11874=CARTESIAN_POINT('',(9.84,5.462250092524,-0.32));
#11875=VECTOR('',#13301,0.64);
#11876=CARTESIAN_POINT('',(10.035,5.8,-0.125));
#11877=VECTOR('',#13302,0.436033255612522);
#11878=CARTESIAN_POINT('',(9.84,5.462250092524,0.32));
#11879=VECTOR('',#13303,0.64);
#11880=CARTESIAN_POINT('',(9.84,-2.49,-0.32));
#11881=CARTESIAN_POINT('',(9.84,5.462250092524,-0.32));
#11882=VECTOR('',#13304,7.952250092524);
#11883=CARTESIAN_POINT('',(9.84,-4.13,1.32));
#11884=AXIS2_PLACEMENT_3D('',#13305,#13306,#13307);
#11885=CARTESIAN_POINT('',(9.84,-4.13,2.202250092524));
#11886=CARTESIAN_POINT('',(9.84,-4.13,1.32));
#11887=VECTOR('',#13308,0.8822500925241);
#11888=CARTESIAN_POINT('',(9.84,-3.49,2.202250092524));
#11889=CARTESIAN_POINT('',(9.84,-3.49,2.202250092524));
#11890=VECTOR('',#13309,0.64);
#11891=CARTESIAN_POINT('',(9.84,-3.49,1.32));
#11892=CARTESIAN_POINT('',(9.84,-3.49,1.32));
#11893=VECTOR('',#13310,0.8822500925241);
#11894=CARTESIAN_POINT('',(9.84,-2.49,0.32));
#11895=AXIS2_PLACEMENT_3D('',#13311,#13312,#13313);
#11896=CARTESIAN_POINT('',(9.84,5.462250092524,0.32));
#11897=VECTOR('',#13314,7.952250092524);
#11898=CARTESIAN_POINT('',(10.48,-2.49,0.32));
#11899=CARTESIAN_POINT('',(10.48,-2.49,0.32));
#11900=VECTOR('',#13315,0.64);
#11901=CARTESIAN_POINT('',(10.48,5.462250092524,0.32));
#11902=VECTOR('',#13316,7.952250092524);
#11903=CARTESIAN_POINT('',(10.48,-3.49,1.32));
#11904=AXIS2_PLACEMENT_3D('',#13317,#13318,#13319);
#11905=CARTESIAN_POINT('',(10.48,-3.49,2.202250092524));
#11906=CARTESIAN_POINT('',(10.48,-3.49,1.32));
#11907=VECTOR('',#13320,0.8822500925241);
#11908=CARTESIAN_POINT('',(10.48,-4.13,2.202250092524));
#11909=CARTESIAN_POINT('',(10.48,-4.13,2.202250092524));
#11910=VECTOR('',#13321,0.64);
#11911=CARTESIAN_POINT('',(10.48,-4.13,1.32));
#11912=CARTESIAN_POINT('',(10.48,-4.13,1.32));
#11913=VECTOR('',#13322,0.8822500925241);
#11914=CARTESIAN_POINT('',(10.48,-2.49,-0.32));
#11915=AXIS2_PLACEMENT_3D('',#13323,#13324,#13325);
#11916=CARTESIAN_POINT('',(10.48,5.462250092524,-0.32));
#11917=VECTOR('',#13326,7.952250092524);
#11918=CARTESIAN_POINT('',(9.84,-2.49,-0.32));
#11919=VECTOR('',#13327,0.64);
#11920=CARTESIAN_POINT('',(9.84,-4.13,1.32));
#11921=VECTOR('',#13328,0.64);
#11922=CARTESIAN_POINT('',(9.84,-4.13,2.202250092524));
#11923=VECTOR('',#13329,0.64);
#11924=CARTESIAN_POINT('',(10.035,-3.935,2.54));
#11925=CARTESIAN_POINT('',(10.285,-3.935,2.54));
#11926=CARTESIAN_POINT('',(10.035,-3.935,2.54));
#11927=VECTOR('',#13330,0.25);
#11928=CARTESIAN_POINT('',(10.035,-3.935,2.54));
#11929=VECTOR('',#13331,0.436033255612522);
#11930=CARTESIAN_POINT('',(10.285,-3.935,2.54));
#11931=VECTOR('',#13332,0.436033255612522);
#11932=CARTESIAN_POINT('',(10.285,-3.685,2.54));
#11933=CARTESIAN_POINT('',(10.035,-3.685,2.54));
#11934=CARTESIAN_POINT('',(10.285,-3.685,2.54));
#11935=VECTOR('',#13333,0.25);
#11936=CARTESIAN_POINT('',(10.035,-3.685,2.54));
#11937=VECTOR('',#13334,0.25);
#11938=CARTESIAN_POINT('',(10.285,-3.935,2.54));
#11939=VECTOR('',#13335,0.25);
#11940=CARTESIAN_POINT('',(10.285,-3.685,2.54));
#11941=VECTOR('',#13336,0.436033255612522);
#11942=CARTESIAN_POINT('',(10.48,-3.49,2.202250092524));
#11943=VECTOR('',#13337,0.64);
#11944=CARTESIAN_POINT('',(10.035,-3.685,2.54));
#11945=VECTOR('',#13338,0.436033255612522);
#11946=CARTESIAN_POINT('',(10.48,-3.49,1.32));
#11947=VECTOR('',#13339,0.64);
#11948=CARTESIAN_POINT('',(15.365,5.8,0.125));
#11949=CARTESIAN_POINT('',(15.115,5.8,0.125));
#11950=CARTESIAN_POINT('',(15.365,5.8,0.125));
#11951=VECTOR('',#13340,0.25);
#11952=CARTESIAN_POINT('',(15.365,5.8,-0.125));
#11953=CARTESIAN_POINT('',(15.365,5.8,-0.125));
#11954=VECTOR('',#13341,0.25);
#11955=CARTESIAN_POINT('',(15.115,5.8,-0.125));
#11956=CARTESIAN_POINT('',(15.115,5.8,-0.125));
#11957=VECTOR('',#13342,0.25);
#11958=CARTESIAN_POINT('',(15.115,5.8,0.125));
#11959=VECTOR('',#13343,0.25);
#11960=CARTESIAN_POINT('',(14.92,5.462250092524,0.32));
#11961=CARTESIAN_POINT('',(15.115,5.8,0.125));
#11962=VECTOR('',#13344,0.436033255612522);
#11963=CARTESIAN_POINT('',(15.56,5.462250092524,0.32));
#11964=CARTESIAN_POINT('',(15.56,5.462250092524,0.32));
#11965=VECTOR('',#13345,0.64);
#11966=CARTESIAN_POINT('',(15.365,5.8,0.125));
#11967=VECTOR('',#13346,0.436033255612522);
#11968=CARTESIAN_POINT('',(15.56,5.462250092524,-0.32));
#11969=CARTESIAN_POINT('',(15.56,5.462250092524,-0.32));
#11970=VECTOR('',#13347,0.64);
#11971=CARTESIAN_POINT('',(15.365,5.8,-0.125));
#11972=VECTOR('',#13348,0.436033255612522);
#11973=CARTESIAN_POINT('',(14.92,5.462250092524,-0.32));
#11974=CARTESIAN_POINT('',(14.92,5.462250092524,-0.32));
#11975=VECTOR('',#13349,0.64);
#11976=CARTESIAN_POINT('',(15.115,5.8,-0.125));
#11977=VECTOR('',#13350,0.436033255612522);
#11978=CARTESIAN_POINT('',(14.92,5.462250092524,0.32));
#11979=VECTOR('',#13351,0.64);
#11980=CARTESIAN_POINT('',(14.92,-2.49,-0.32));
#11981=CARTESIAN_POINT('',(14.92,5.462250092524,-0.32));
#11982=VECTOR('',#13352,7.952250092524);
#11983=CARTESIAN_POINT('',(14.92,-4.13,1.32));
#11984=AXIS2_PLACEMENT_3D('',#13353,#13354,#13355);
#11985=CARTESIAN_POINT('',(14.92,-4.13,2.202250092524));
#11986=CARTESIAN_POINT('',(14.92,-4.13,1.32));
#11987=VECTOR('',#13356,0.8822500925241);
#11988=CARTESIAN_POINT('',(14.92,-3.49,2.202250092524));
#11989=CARTESIAN_POINT('',(14.92,-3.49,2.202250092524));
#11990=VECTOR('',#13357,0.64);
#11991=CARTESIAN_POINT('',(14.92,-3.49,1.32));
#11992=CARTESIAN_POINT('',(14.92,-3.49,1.32));
#11993=VECTOR('',#13358,0.8822500925241);
#11994=CARTESIAN_POINT('',(14.92,-2.49,0.32));
#11995=AXIS2_PLACEMENT_3D('',#13359,#13360,#13361);
#11996=CARTESIAN_POINT('',(14.92,5.462250092524,0.32));
#11997=VECTOR('',#13362,7.952250092524);
#11998=CARTESIAN_POINT('',(15.56,-2.49,0.32));
#11999=CARTESIAN_POINT('',(15.56,-2.49,0.32));
#12000=VECTOR('',#13363,0.64);
#12001=CARTESIAN_POINT('',(15.56,5.462250092524,0.32));
#12002=VECTOR('',#13364,7.952250092524);
#12003=CARTESIAN_POINT('',(15.56,-3.49,1.32));
#12004=AXIS2_PLACEMENT_3D('',#13365,#13366,#13367);
#12005=CARTESIAN_POINT('',(15.56,-3.49,2.202250092524));
#12006=CARTESIAN_POINT('',(15.56,-3.49,1.32));
#12007=VECTOR('',#13368,0.8822500925241);
#12008=CARTESIAN_POINT('',(15.56,-4.13,2.202250092524));
#12009=CARTESIAN_POINT('',(15.56,-4.13,2.202250092524));
#12010=VECTOR('',#13369,0.64);
#12011=CARTESIAN_POINT('',(15.56,-4.13,1.32));
#12012=CARTESIAN_POINT('',(15.56,-4.13,1.32));
#12013=VECTOR('',#13370,0.8822500925241);
#12014=CARTESIAN_POINT('',(15.56,-2.49,-0.32));
#12015=AXIS2_PLACEMENT_3D('',#13371,#13372,#13373);
#12016=CARTESIAN_POINT('',(15.56,5.462250092524,-0.32));
#12017=VECTOR('',#13374,7.952250092524);
#12018=CARTESIAN_POINT('',(14.92,-2.49,-0.32));
#12019=VECTOR('',#13375,0.64);
#12020=CARTESIAN_POINT('',(14.92,-4.13,1.32));
#12021=VECTOR('',#13376,0.64);
#12022=CARTESIAN_POINT('',(14.92,-4.13,2.202250092524));
#12023=VECTOR('',#13377,0.64);
#12024=CARTESIAN_POINT('',(15.115,-3.935,2.54));
#12025=CARTESIAN_POINT('',(15.365,-3.935,2.54));
#12026=CARTESIAN_POINT('',(15.115,-3.935,2.54));
#12027=VECTOR('',#13378,0.25);
#12028=CARTESIAN_POINT('',(15.115,-3.935,2.54));
#12029=VECTOR('',#13379,0.436033255612522);
#12030=CARTESIAN_POINT('',(15.365,-3.935,2.54));
#12031=VECTOR('',#13380,0.436033255612522);
#12032=CARTESIAN_POINT('',(15.365,-3.685,2.54));
#12033=CARTESIAN_POINT('',(15.115,-3.685,2.54));
#12034=CARTESIAN_POINT('',(15.365,-3.685,2.54));
#12035=VECTOR('',#13381,0.25);
#12036=CARTESIAN_POINT('',(15.115,-3.685,2.54));
#12037=VECTOR('',#13382,0.25);
#12038=CARTESIAN_POINT('',(15.365,-3.935,2.54));
#12039=VECTOR('',#13383,0.25);
#12040=CARTESIAN_POINT('',(15.365,-3.685,2.54));
#12041=VECTOR('',#13384,0.436033255612522);
#12042=CARTESIAN_POINT('',(15.56,-3.49,2.202250092524));
#12043=VECTOR('',#13385,0.64);
#12044=CARTESIAN_POINT('',(15.115,-3.685,2.54));
#12045=VECTOR('',#13386,0.436033255612522);
#12046=CARTESIAN_POINT('',(15.56,-3.49,1.32));
#12047=VECTOR('',#13387,0.64);
#12048=CARTESIAN_POINT('',(20.445,5.8,0.125));
#12049=CARTESIAN_POINT('',(20.195,5.8,0.125));
#12050=CARTESIAN_POINT('',(20.445,5.8,0.125));
#12051=VECTOR('',#13388,0.25);
#12052=CARTESIAN_POINT('',(20.445,5.8,-0.125));
#12053=CARTESIAN_POINT('',(20.445,5.8,-0.125));
#12054=VECTOR('',#13389,0.25);
#12055=CARTESIAN_POINT('',(20.195,5.8,-0.125));
#12056=CARTESIAN_POINT('',(20.195,5.8,-0.125));
#12057=VECTOR('',#13390,0.25);
#12058=CARTESIAN_POINT('',(20.195,5.8,0.125));
#12059=VECTOR('',#13391,0.25);
#12060=CARTESIAN_POINT('',(20.0,5.462250092524,0.32));
#12061=CARTESIAN_POINT('',(20.195,5.8,0.125));
#12062=VECTOR('',#13392,0.436033255612522);
#12063=CARTESIAN_POINT('',(20.64,5.462250092524,0.32));
#12064=CARTESIAN_POINT('',(20.64,5.462250092524,0.32));
#12065=VECTOR('',#13393,0.64);
#12066=CARTESIAN_POINT('',(20.445,5.8,0.125));
#12067=VECTOR('',#13394,0.436033255612522);
#12068=CARTESIAN_POINT('',(20.64,5.462250092524,-0.32));
#12069=CARTESIAN_POINT('',(20.64,5.462250092524,-0.32));
#12070=VECTOR('',#13395,0.64);
#12071=CARTESIAN_POINT('',(20.445,5.8,-0.125));
#12072=VECTOR('',#13396,0.436033255612522);
#12073=CARTESIAN_POINT('',(20.0,5.462250092524,-0.32));
#12074=CARTESIAN_POINT('',(20.0,5.462250092524,-0.32));
#12075=VECTOR('',#13397,0.64);
#12076=CARTESIAN_POINT('',(20.195,5.8,-0.125));
#12077=VECTOR('',#13398,0.436033255612522);
#12078=CARTESIAN_POINT('',(20.0,5.462250092524,0.32));
#12079=VECTOR('',#13399,0.64);
#12080=CARTESIAN_POINT('',(20.0,-2.49,-0.32));
#12081=CARTESIAN_POINT('',(20.0,5.462250092524,-0.32));
#12082=VECTOR('',#13400,7.952250092524);
#12083=CARTESIAN_POINT('',(20.0,-4.13,1.32));
#12084=AXIS2_PLACEMENT_3D('',#13401,#13402,#13403);
#12085=CARTESIAN_POINT('',(20.0,-4.13,2.202250092524));
#12086=CARTESIAN_POINT('',(20.0,-4.13,1.32));
#12087=VECTOR('',#13404,0.8822500925241);
#12088=CARTESIAN_POINT('',(20.0,-3.49,2.202250092524));
#12089=CARTESIAN_POINT('',(20.0,-3.49,2.202250092524));
#12090=VECTOR('',#13405,0.64);
#12091=CARTESIAN_POINT('',(20.0,-3.49,1.32));
#12092=CARTESIAN_POINT('',(20.0,-3.49,1.32));
#12093=VECTOR('',#13406,0.8822500925241);
#12094=CARTESIAN_POINT('',(20.0,-2.49,0.32));
#12095=AXIS2_PLACEMENT_3D('',#13407,#13408,#13409);
#12096=CARTESIAN_POINT('',(20.0,5.462250092524,0.32));
#12097=VECTOR('',#13410,7.952250092524);
#12098=CARTESIAN_POINT('',(20.64,-2.49,0.32));
#12099=CARTESIAN_POINT('',(20.64,-2.49,0.32));
#12100=VECTOR('',#13411,0.64);
#12101=CARTESIAN_POINT('',(20.64,5.462250092524,0.32));
#12102=VECTOR('',#13412,7.952250092524);
#12103=CARTESIAN_POINT('',(20.64,-3.49,1.32));
#12104=AXIS2_PLACEMENT_3D('',#13413,#13414,#13415);
#12105=CARTESIAN_POINT('',(20.64,-3.49,2.202250092524));
#12106=CARTESIAN_POINT('',(20.64,-3.49,1.32));
#12107=VECTOR('',#13416,0.8822500925241);
#12108=CARTESIAN_POINT('',(20.64,-4.13,2.202250092524));
#12109=CARTESIAN_POINT('',(20.64,-4.13,2.202250092524));
#12110=VECTOR('',#13417,0.64);
#12111=CARTESIAN_POINT('',(20.64,-4.13,1.32));
#12112=CARTESIAN_POINT('',(20.64,-4.13,1.32));
#12113=VECTOR('',#13418,0.8822500925241);
#12114=CARTESIAN_POINT('',(20.64,-2.49,-0.32));
#12115=AXIS2_PLACEMENT_3D('',#13419,#13420,#13421);
#12116=CARTESIAN_POINT('',(20.64,5.462250092524,-0.32));
#12117=VECTOR('',#13422,7.952250092524);
#12118=CARTESIAN_POINT('',(20.0,-2.49,-0.32));
#12119=VECTOR('',#13423,0.64);
#12120=CARTESIAN_POINT('',(20.0,-4.13,1.32));
#12121=VECTOR('',#13424,0.64);
#12122=CARTESIAN_POINT('',(20.0,-4.13,2.202250092524));
#12123=VECTOR('',#13425,0.64);
#12124=CARTESIAN_POINT('',(20.195,-3.935,2.54));
#12125=CARTESIAN_POINT('',(20.445,-3.935,2.54));
#12126=CARTESIAN_POINT('',(20.195,-3.935,2.54));
#12127=VECTOR('',#13426,0.25);
#12128=CARTESIAN_POINT('',(20.195,-3.935,2.54));
#12129=VECTOR('',#13427,0.436033255612522);
#12130=CARTESIAN_POINT('',(20.445,-3.935,2.54));
#12131=VECTOR('',#13428,0.436033255612522);
#12132=CARTESIAN_POINT('',(20.445,-3.685,2.54));
#12133=CARTESIAN_POINT('',(20.195,-3.685,2.54));
#12134=CARTESIAN_POINT('',(20.445,-3.685,2.54));
#12135=VECTOR('',#13429,0.25);
#12136=CARTESIAN_POINT('',(20.195,-3.685,2.54));
#12137=VECTOR('',#13430,0.25);
#12138=CARTESIAN_POINT('',(20.445,-3.935,2.54));
#12139=VECTOR('',#13431,0.25);
#12140=CARTESIAN_POINT('',(20.445,-3.685,2.54));
#12141=VECTOR('',#13432,0.436033255612522);
#12142=CARTESIAN_POINT('',(20.64,-3.49,2.202250092524));
#12143=VECTOR('',#13433,0.64);
#12144=CARTESIAN_POINT('',(20.195,-3.685,2.54));
#12145=VECTOR('',#13434,0.436033255612522);
#12146=CARTESIAN_POINT('',(20.64,-3.49,1.32));
#12147=VECTOR('',#13435,0.64);
#12148=CARTESIAN_POINT('',(25.525,5.8,0.125));
#12149=CARTESIAN_POINT('',(25.275,5.8,0.125));
#12150=CARTESIAN_POINT('',(25.525,5.8,0.125));
#12151=VECTOR('',#13436,0.25);
#12152=CARTESIAN_POINT('',(25.525,5.8,-0.125));
#12153=CARTESIAN_POINT('',(25.525,5.8,-0.125));
#12154=VECTOR('',#13437,0.25);
#12155=CARTESIAN_POINT('',(25.275,5.8,-0.125));
#12156=CARTESIAN_POINT('',(25.275,5.8,-0.125));
#12157=VECTOR('',#13438,0.25);
#12158=CARTESIAN_POINT('',(25.275,5.8,0.125));
#12159=VECTOR('',#13439,0.25);
#12160=CARTESIAN_POINT('',(25.08,5.462250092524,0.32));
#12161=CARTESIAN_POINT('',(25.275,5.8,0.125));
#12162=VECTOR('',#13440,0.436033255612522);
#12163=CARTESIAN_POINT('',(25.72,5.462250092524,0.32));
#12164=CARTESIAN_POINT('',(25.72,5.462250092524,0.32));
#12165=VECTOR('',#13441,0.64);
#12166=CARTESIAN_POINT('',(25.525,5.8,0.125));
#12167=VECTOR('',#13442,0.436033255612522);
#12168=CARTESIAN_POINT('',(25.72,5.462250092524,-0.32));
#12169=CARTESIAN_POINT('',(25.72,5.462250092524,-0.32));
#12170=VECTOR('',#13443,0.64);
#12171=CARTESIAN_POINT('',(25.525,5.8,-0.125));
#12172=VECTOR('',#13444,0.436033255612522);
#12173=CARTESIAN_POINT('',(25.08,5.462250092524,-0.32));
#12174=CARTESIAN_POINT('',(25.08,5.462250092524,-0.32));
#12175=VECTOR('',#13445,0.64);
#12176=CARTESIAN_POINT('',(25.275,5.8,-0.125));
#12177=VECTOR('',#13446,0.436033255612522);
#12178=CARTESIAN_POINT('',(25.08,5.462250092524,0.32));
#12179=VECTOR('',#13447,0.64);
#12180=CARTESIAN_POINT('',(25.08,-2.49,-0.32));
#12181=CARTESIAN_POINT('',(25.08,5.462250092524,-0.32));
#12182=VECTOR('',#13448,7.952250092524);
#12183=CARTESIAN_POINT('',(25.08,-4.13,1.32));
#12184=AXIS2_PLACEMENT_3D('',#13449,#13450,#13451);
#12185=CARTESIAN_POINT('',(25.08,-4.13,2.202250092524));
#12186=CARTESIAN_POINT('',(25.08,-4.13,1.32));
#12187=VECTOR('',#13452,0.8822500925241);
#12188=CARTESIAN_POINT('',(25.08,-3.49,2.202250092524));
#12189=CARTESIAN_POINT('',(25.08,-3.49,2.202250092524));
#12190=VECTOR('',#13453,0.64);
#12191=CARTESIAN_POINT('',(25.08,-3.49,1.32));
#12192=CARTESIAN_POINT('',(25.08,-3.49,1.32));
#12193=VECTOR('',#13454,0.8822500925241);
#12194=CARTESIAN_POINT('',(25.08,-2.49,0.32));
#12195=AXIS2_PLACEMENT_3D('',#13455,#13456,#13457);
#12196=CARTESIAN_POINT('',(25.08,5.462250092524,0.32));
#12197=VECTOR('',#13458,7.952250092524);
#12198=CARTESIAN_POINT('',(25.72,-2.49,0.32));
#12199=CARTESIAN_POINT('',(25.72,-2.49,0.32));
#12200=VECTOR('',#13459,0.64);
#12201=CARTESIAN_POINT('',(25.72,5.462250092524,0.32));
#12202=VECTOR('',#13460,7.952250092524);
#12203=CARTESIAN_POINT('',(25.72,-3.49,1.32));
#12204=AXIS2_PLACEMENT_3D('',#13461,#13462,#13463);
#12205=CARTESIAN_POINT('',(25.72,-3.49,2.202250092524));
#12206=CARTESIAN_POINT('',(25.72,-3.49,1.32));
#12207=VECTOR('',#13464,0.8822500925241);
#12208=CARTESIAN_POINT('',(25.72,-4.13,2.202250092524));
#12209=CARTESIAN_POINT('',(25.72,-4.13,2.202250092524));
#12210=VECTOR('',#13465,0.64);
#12211=CARTESIAN_POINT('',(25.72,-4.13,1.32));
#12212=CARTESIAN_POINT('',(25.72,-4.13,1.32));
#12213=VECTOR('',#13466,0.8822500925241);
#12214=CARTESIAN_POINT('',(25.72,-2.49,-0.32));
#12215=AXIS2_PLACEMENT_3D('',#13467,#13468,#13469);
#12216=CARTESIAN_POINT('',(25.72,5.462250092524,-0.32));
#12217=VECTOR('',#13470,7.952250092524);
#12218=CARTESIAN_POINT('',(25.08,-2.49,-0.32));
#12219=VECTOR('',#13471,0.64);
#12220=CARTESIAN_POINT('',(25.08,-4.13,1.32));
#12221=VECTOR('',#13472,0.64);
#12222=CARTESIAN_POINT('',(25.08,-4.13,2.202250092524));
#12223=VECTOR('',#13473,0.64);
#12224=CARTESIAN_POINT('',(25.275,-3.935,2.54));
#12225=CARTESIAN_POINT('',(25.525,-3.935,2.54));
#12226=CARTESIAN_POINT('',(25.275,-3.935,2.54));
#12227=VECTOR('',#13474,0.25);
#12228=CARTESIAN_POINT('',(25.275,-3.935,2.54));
#12229=VECTOR('',#13475,0.436033255612522);
#12230=CARTESIAN_POINT('',(25.525,-3.935,2.54));
#12231=VECTOR('',#13476,0.436033255612522);
#12232=CARTESIAN_POINT('',(25.525,-3.685,2.54));
#12233=CARTESIAN_POINT('',(25.275,-3.685,2.54));
#12234=CARTESIAN_POINT('',(25.525,-3.685,2.54));
#12235=VECTOR('',#13477,0.25);
#12236=CARTESIAN_POINT('',(25.275,-3.685,2.54));
#12237=VECTOR('',#13478,0.25);
#12238=CARTESIAN_POINT('',(25.525,-3.935,2.54));
#12239=VECTOR('',#13479,0.25);
#12240=CARTESIAN_POINT('',(25.525,-3.685,2.54));
#12241=VECTOR('',#13480,0.436033255612522);
#12242=CARTESIAN_POINT('',(25.72,-3.49,2.202250092524));
#12243=VECTOR('',#13481,0.64);
#12244=CARTESIAN_POINT('',(25.275,-3.685,2.54));
#12245=VECTOR('',#13482,0.436033255612522);
#12246=CARTESIAN_POINT('',(25.72,-3.49,1.32));
#12247=VECTOR('',#13483,0.64);
#12248=DIRECTION('',(0.0,0.0,1.0));
#12249=DIRECTION('',(-0.707106781186548,0.0,-0.707106781186548));
#12250=DIRECTION('',(1.0,0.0,0.0));
#12251=DIRECTION('',(-0.707106781186548,0.0,0.707106781186548));
#12252=DIRECTION('',(0.0,0.0,-1.0));
#12253=DIRECTION('',(0.707106781186548,0.0,0.707106781186548));
#12254=DIRECTION('',(-1.0,0.0,0.0));
#12255=DIRECTION('',(0.707106781186548,0.0,-0.707106781186548));
#12256=DIRECTION('',(1.0,0.0,0.0));
#12257=DIRECTION('',(0.0,0.0,1.0));
#12258=DIRECTION('',(-1.0,0.0,0.0));
#12259=DIRECTION('',(0.0,0.0,-1.0));
#12260=DIRECTION('',(0.0,0.0,-1.0));
#12261=DIRECTION('',(0.577350269189626,-0.577350269189626,0.577350269189626));
#12262=DIRECTION('',(0.577350269189626,-0.577350269189626,-0.577350269189626));
#12263=DIRECTION('',(0.0,0.0,-1.0));
#12264=DIRECTION('',(-0.577350269189626,-0.577350269189626,0.577350269189626));
#12265=DIRECTION('',(-0.577350269189626,-0.577350269189626,-0.577350269189626));
#12266=DIRECTION('',(0.0,0.0,1.0));
#12267=DIRECTION('',(-0.707106781186548,0.0,-0.707106781186548));
#12268=DIRECTION('',(1.0,0.0,0.0));
#12269=DIRECTION('',(-0.707106781186548,0.0,0.707106781186548));
#12270=DIRECTION('',(0.707106781186548,0.0,0.707106781186548));
#12271=DIRECTION('',(-1.0,0.0,0.0));
#12272=DIRECTION('',(0.707106781186548,0.0,-0.707106781186548));
#12273=DIRECTION('',(1.0,0.0,0.0));
#12274=DIRECTION('',(0.0,0.0,1.0));
#12275=DIRECTION('',(-1.0,0.0,0.0));
#12276=DIRECTION('',(0.0,0.0,-1.0));
#12277=DIRECTION('',(0.0,0.0,-1.0));
#12278=DIRECTION('',(0.577350269189626,-0.577350269189626,0.577350269189626));
#12279=DIRECTION('',(0.577350269189626,-0.577350269189626,-0.577350269189626));
#12280=DIRECTION('',(0.0,0.0,-1.0));
#12281=DIRECTION('',(-0.577350269189626,-0.577350269189626,0.577350269189626));
#12282=DIRECTION('',(-0.577350269189626,-0.577350269189626,-0.577350269189626));
#12283=DIRECTION('',(0.0,0.0,1.0));
#12284=DIRECTION('',(-0.707106781186548,0.0,-0.707106781186548));
#12285=DIRECTION('',(1.0,0.0,0.0));
#12286=DIRECTION('',(-0.707106781186548,0.0,0.707106781186548));
#12287=DIRECTION('',(0.707106781186548,0.0,0.707106781186548));
#12288=DIRECTION('',(-1.0,0.0,0.0));
#12289=DIRECTION('',(0.707106781186548,0.0,-0.707106781186548));
#12290=DIRECTION('',(1.0,0.0,0.0));
#12291=DIRECTION('',(0.0,0.0,1.0));
#12292=DIRECTION('',(-1.0,0.0,0.0));
#12293=DIRECTION('',(0.0,0.0,-1.0));
#12294=DIRECTION('',(0.0,0.0,-1.0));
#12295=DIRECTION('',(0.577350269189626,-0.577350269189626,0.577350269189626));
#12296=DIRECTION('',(0.577350269189626,-0.577350269189626,-0.577350269189626));
#12297=DIRECTION('',(0.0,0.0,-1.0));
#12298=DIRECTION('',(-0.577350269189626,-0.577350269189626,0.577350269189626));
#12299=DIRECTION('',(-0.577350269189626,-0.577350269189626,-0.577350269189626));
#12300=DIRECTION('',(0.0,0.0,1.0));
#12301=DIRECTION('',(-0.707106781186548,0.0,-0.707106781186548));
#12302=DIRECTION('',(1.0,0.0,0.0));
#12303=DIRECTION('',(-0.707106781186548,0.0,0.707106781186548));
#12304=DIRECTION('',(0.707106781186548,0.0,0.707106781186548));
#12305=DIRECTION('',(-1.0,0.0,0.0));
#12306=DIRECTION('',(0.707106781186548,0.0,-0.707106781186548));
#12307=DIRECTION('',(1.0,0.0,0.0));
#12308=DIRECTION('',(0.0,0.0,1.0));
#12309=DIRECTION('',(-1.0,0.0,0.0));
#12310=DIRECTION('',(0.0,0.0,-1.0));
#12311=DIRECTION('',(0.0,0.0,-1.0));
#12312=DIRECTION('',(0.577350269189626,-0.577350269189626,0.577350269189626));
#12313=DIRECTION('',(0.577350269189626,-0.577350269189626,-0.577350269189626));
#12314=DIRECTION('',(0.0,0.0,-1.0));
#12315=DIRECTION('',(-0.577350269189626,-0.577350269189626,0.577350269189626));
#12316=DIRECTION('',(-0.577350269189626,-0.577350269189626,-0.577350269189626));
#12317=DIRECTION('',(0.0,0.0,1.0));
#12318=DIRECTION('',(-0.707106781186548,0.0,-0.707106781186548));
#12319=DIRECTION('',(1.0,0.0,0.0));
#12320=DIRECTION('',(-0.707106781186548,0.0,0.707106781186548));
#12321=DIRECTION('',(0.707106781186548,0.0,0.707106781186548));
#12322=DIRECTION('',(-1.0,0.0,0.0));
#12323=DIRECTION('',(0.707106781186548,0.0,-0.707106781186548));
#12324=DIRECTION('',(1.0,0.0,0.0));
#12325=DIRECTION('',(0.0,0.0,1.0));
#12326=DIRECTION('',(-1.0,0.0,0.0));
#12327=DIRECTION('',(0.0,0.0,-1.0));
#12328=DIRECTION('',(0.0,0.0,-1.0));
#12329=DIRECTION('',(0.577350269189626,-0.577350269189626,0.577350269189626));
#12330=DIRECTION('',(0.577350269189626,-0.577350269189626,-0.577350269189626));
#12331=DIRECTION('',(0.0,0.0,-1.0));
#12332=DIRECTION('',(-0.577350269189626,-0.577350269189626,0.577350269189626));
#12333=DIRECTION('',(-0.577350269189626,-0.577350269189626,-0.577350269189626));
#12334=DIRECTION('',(0.0,0.0,1.0));
#12335=DIRECTION('',(-0.707106781186548,0.0,-0.707106781186548));
#12336=DIRECTION('',(1.0,0.0,0.0));
#12337=DIRECTION('',(-0.707106781186548,0.0,0.707106781186548));
#12338=DIRECTION('',(0.707106781186548,0.0,0.707106781186548));
#12339=DIRECTION('',(-1.0,0.0,0.0));
#12340=DIRECTION('',(0.707106781186548,0.0,-0.707106781186548));
#12341=DIRECTION('',(1.0,0.0,0.0));
#12342=DIRECTION('',(0.0,0.0,1.0));
#12343=DIRECTION('',(-1.0,0.0,0.0));
#12344=DIRECTION('',(0.0,0.0,-1.0));
#12345=DIRECTION('',(0.0,0.0,-1.0));
#12346=DIRECTION('',(0.577350269189626,-0.577350269189626,0.577350269189626));
#12347=DIRECTION('',(0.577350269189626,-0.577350269189626,-0.577350269189626));
#12348=DIRECTION('',(0.0,0.0,-1.0));
#12349=DIRECTION('',(-0.577350269189626,-0.577350269189626,0.577350269189626));
#12350=DIRECTION('',(-0.577350269189626,-0.577350269189626,-0.577350269189626));
#12351=DIRECTION('',(0.0,0.0,1.0));
#12352=DIRECTION('',(-0.707106781186498,0.0,-0.707106781186597));
#12353=DIRECTION('',(1.0,0.0,0.0));
#12354=DIRECTION('',(-0.707106781186548,0.0,0.707106781186548));
#12355=DIRECTION('',(0.707106781186548,0.0,0.707106781186548));
#12356=DIRECTION('',(-1.0,0.0,0.0));
#12357=DIRECTION('',(0.707106781186548,0.0,-0.707106781186548));
#12358=DIRECTION('',(1.0,0.0,0.0));
#12359=DIRECTION('',(0.0,0.0,1.0));
#12360=DIRECTION('',(-1.0,0.0,0.0));
#12361=DIRECTION('',(0.0,0.0,-1.0));
#12362=DIRECTION('',(0.0,0.0,-1.0));
#12363=DIRECTION('',(0.577350269189626,-0.577350269189626,0.577350269189626));
#12364=DIRECTION('',(0.577350269189626,-0.577350269189626,-0.577350269189626));
#12365=DIRECTION('',(0.0,0.0,-1.0));
#12366=DIRECTION('',(-0.577350269189626,-0.577350269189626,0.577350269189626));
#12367=DIRECTION('',(-0.577350269189626,-0.577350269189626,-0.577350269189626));
#12368=DIRECTION('',(0.0,0.0,1.0));
#12369=DIRECTION('',(-0.707106781186548,0.0,-0.707106781186548));
#12370=DIRECTION('',(1.0,0.0,0.0));
#12371=DIRECTION('',(-0.707106781186548,0.0,0.707106781186548));
#12372=DIRECTION('',(0.707106781186548,0.0,0.707106781186548));
#12373=DIRECTION('',(-1.0,0.0,0.0));
#12374=DIRECTION('',(0.707106781186597,0.0,-0.707106781186498));
#12375=DIRECTION('',(1.0,0.0,0.0));
#12376=DIRECTION('',(0.0,0.0,1.0));
#12377=DIRECTION('',(-1.0,0.0,0.0));
#12378=DIRECTION('',(0.0,0.0,-1.0));
#12379=DIRECTION('',(0.0,0.0,-1.0));
#12380=DIRECTION('',(0.577350269189626,-0.577350269189626,0.577350269189626));
#12381=DIRECTION('',(0.577350269189626,-0.577350269189626,-0.577350269189626));
#12382=DIRECTION('',(0.0,0.0,-1.0));
#12383=DIRECTION('',(-0.577350269189626,-0.577350269189626,0.577350269189626));
#12384=DIRECTION('',(-0.577350269189626,-0.577350269189626,-0.577350269189626));
#12385=DIRECTION('',(0.0,0.0,1.0));
#12386=DIRECTION('',(-0.707106781186597,0.0,-0.707106781186498));
#12387=DIRECTION('',(1.0,0.0,0.0));
#12388=DIRECTION('',(-0.707106781186548,0.0,0.707106781186548));
#12389=DIRECTION('',(0.707106781186548,0.0,0.707106781186548));
#12390=DIRECTION('',(-1.0,0.0,0.0));
#12391=DIRECTION('',(0.707106781186597,0.0,-0.707106781186498));
#12392=DIRECTION('',(1.0,0.0,0.0));
#12393=DIRECTION('',(0.0,0.0,1.0));
#12394=DIRECTION('',(-1.0,0.0,0.0));
#12395=DIRECTION('',(0.0,0.0,-1.0));
#12396=DIRECTION('',(0.0,0.0,-1.0));
#12397=DIRECTION('',(0.577350269189626,-0.577350269189626,0.577350269189626));
#12398=DIRECTION('',(0.577350269189626,-0.577350269189626,-0.577350269189626));
#12399=DIRECTION('',(0.0,0.0,-1.0));
#12400=DIRECTION('',(-0.577350269189626,-0.577350269189626,0.577350269189626));
#12401=DIRECTION('',(-0.577350269189626,-0.577350269189626,-0.577350269189626));
#12402=DIRECTION('',(0.0,0.0,1.0));
#12403=DIRECTION('',(-0.707106781186548,0.0,-0.707106781186548));
#12404=DIRECTION('',(1.0,0.0,0.0));
#12405=DIRECTION('',(-0.707106781186548,0.0,0.707106781186548));
#12406=DIRECTION('',(0.707106781186548,0.0,0.707106781186548));
#12407=DIRECTION('',(-1.0,0.0,0.0));
#12408=DIRECTION('',(0.707106781186548,0.0,-0.707106781186548));
#12409=DIRECTION('',(1.0,0.0,0.0));
#12410=DIRECTION('',(0.0,0.0,1.0));
#12411=DIRECTION('',(-1.0,0.0,0.0));
#12412=DIRECTION('',(0.0,0.0,-1.0));
#12413=DIRECTION('',(0.0,0.0,-1.0));
#12414=DIRECTION('',(0.577350269189626,-0.577350269189626,0.577350269189626));
#12415=DIRECTION('',(0.577350269189626,-0.577350269189626,-0.577350269189626));
#12416=DIRECTION('',(0.0,0.0,-1.0));
#12417=DIRECTION('',(-0.577350269189626,-0.577350269189626,0.577350269189626));
#12418=DIRECTION('',(-0.577350269189626,-0.577350269189626,-0.577350269189626));
#12419=DIRECTION('',(0.0,0.0,1.0));
#12420=DIRECTION('',(-0.707106781186597,0.0,-0.707106781186498));
#12421=DIRECTION('',(1.0,0.0,0.0));
#12422=DIRECTION('',(-0.707106781186548,0.0,0.707106781186548));
#12423=DIRECTION('',(0.707106781186548,0.0,0.707106781186548));
#12424=DIRECTION('',(-1.0,0.0,0.0));
#12425=DIRECTION('',(0.707106781186548,0.0,-0.707106781186548));
#12426=DIRECTION('',(1.0,0.0,0.0));
#12427=DIRECTION('',(0.0,0.0,1.0));
#12428=DIRECTION('',(-1.0,0.0,0.0));
#12429=DIRECTION('',(0.0,0.0,-1.0));
#12430=DIRECTION('',(0.577350269189626,-0.577350269189626,-0.577350269189626));
#12431=DIRECTION('',(0.0,0.0,1.0));
#12432=DIRECTION('',(0.577350269189626,-0.577350269189626,0.577350269189626));
#12433=DIRECTION('',(-0.707106781186498,0.0,-0.707106781186597));
#12434=DIRECTION('',(0.0,-1.0,0.0));
#12435=DIRECTION('',(0.0,-1.0,0.0));
#12436=DIRECTION('',(-0.577350269189626,-0.577350269189626,-0.577350269189626));
#12437=DIRECTION('',(0.0,0.0,-1.0));
#12438=DIRECTION('',(-1.0,0.0,0.0));
#12439=DIRECTION('',(0.0,0.0,1.0));
#12440=DIRECTION('',(0.707106781186548,0.0,0.707106781186548));
#12441=DIRECTION('',(0.0,0.0,-1.0));
#12442=DIRECTION('',(-0.707106781186548,0.0,0.707106781186548));
#12443=DIRECTION('',(0.0,0.0,1.0));
#12444=DIRECTION('',(1.0,0.0,0.0));
#12445=DIRECTION('',(0.0,0.0,-1.0));
#12446=DIRECTION('',(0.0,0.0,1.0));
#12447=DIRECTION('',(0.707106781186548,0.0,-0.707106781186548));
#12448=DIRECTION('',(1.0,0.0,0.0));
#12449=DIRECTION('',(0.0,0.0,-1.0));
#12450=DIRECTION('',(-1.0,0.0,0.0));
#12451=DIRECTION('',(0.0,0.0,1.0));
#12452=DIRECTION('',(0.0,1.0,0.0));
#12453=DIRECTION('',(0.0,0.0,-1.0));
#12454=DIRECTION('',(0.0,1.0,0.0));
#12455=DIRECTION('',(-1.0,0.0,0.0));
#12456=DIRECTION('',(0.0,1.0,0.0));
#12457=DIRECTION('',(0.0,0.0,-1.0));
#12458=DIRECTION('',(0.0,1.0,0.0));
#12459=DIRECTION('',(0.0,-1.0,0.0));
#12460=DIRECTION('',(0.0,-1.0,0.0));
#12461=DIRECTION('',(-1.0,0.0,0.0));
#12462=DIRECTION('',(0.0,0.0,1.0));
#12463=DIRECTION('',(1.0,0.0,0.0));
#12464=DIRECTION('',(0.0,0.0,1.0));
#12465=DIRECTION('',(1.0,0.0,0.0));
#12466=DIRECTION('',(0.0,1.0,0.0));
#12467=DIRECTION('',(0.0,1.0,0.0));
#12468=DIRECTION('',(0.0,1.0,0.0));
#12469=DIRECTION('',(0.0,1.0,0.0));
#12470=DIRECTION('',(0.0,-1.0,0.0));
#12471=DIRECTION('',(0.577350269189626,-0.577350269189626,-0.577350269189626));
#12472=DIRECTION('',(0.0,-1.0,0.0));
#12473=DIRECTION('',(-0.577350269189626,-0.577350269189626,-0.577350269189626));
#12474=DIRECTION('',(-0.707106781186548,0.0,-0.707106781186548));
#12475=DIRECTION('',(0.0,-1.0,0.0));
#12476=DIRECTION('',(0.0,1.0,0.0));
#12477=DIRECTION('',(0.0,-1.0,0.0));
#12478=DIRECTION('',(0.0,1.0,0.0));
#12479=DIRECTION('',(1.0,0.0,0.0));
#12480=DIRECTION('',(0.0,0.0,1.0));
#12481=DIRECTION('',(0.0,0.0,1.0));
#12482=DIRECTION('',(0.0,1.0,0.0));
#12483=DIRECTION('',(0.0,0.0,-1.0));
#12484=DIRECTION('',(-1.0,0.0,0.0));
#12485=DIRECTION('',(0.0,0.0,1.0));
#12486=DIRECTION('',(0.707106781186548,0.0,0.707106781186548));
#12487=DIRECTION('',(0.0,0.0,-1.0));
#12488=DIRECTION('',(-0.707106781186548,0.0,0.707106781186548));
#12489=DIRECTION('',(1.0,0.0,0.0));
#12490=DIRECTION('',(0.0,0.0,-1.0));
#12491=DIRECTION('',(0.0,0.0,1.0));
#12492=DIRECTION('',(0.707106781186498,0.0,-0.707106781186597));
#12493=DIRECTION('',(1.0,0.0,0.0));
#12494=DIRECTION('',(0.0,0.0,-1.0));
#12495=DIRECTION('',(-1.0,0.0,0.0));
#12496=DIRECTION('',(0.0,0.0,1.0));
#12497=DIRECTION('',(0.0,1.0,0.0));
#12498=DIRECTION('',(0.0,0.0,-1.0));
#12499=DIRECTION('',(0.0,1.0,0.0));
#12500=DIRECTION('',(-1.0,0.0,0.0));
#12501=DIRECTION('',(0.0,1.0,0.0));
#12502=DIRECTION('',(0.0,0.0,-1.0));
#12503=DIRECTION('',(0.0,1.0,0.0));
#12504=DIRECTION('',(0.0,-1.0,0.0));
#12505=DIRECTION('',(0.0,-1.0,0.0));
#12506=DIRECTION('',(-1.0,0.0,0.0));
#12507=DIRECTION('',(0.0,0.0,1.0));
#12508=DIRECTION('',(1.0,0.0,0.0));
#12509=DIRECTION('',(0.0,1.0,0.0));
#12510=DIRECTION('',(0.0,-1.0,0.0));
#12511=DIRECTION('',(0.577350269189626,-0.577350269189626,0.577350269189626));
#12512=DIRECTION('',(0.0,0.0,-1.0));
#12513=DIRECTION('',(0.577350269189626,-0.577350269189626,-0.577350269189626));
#12514=DIRECTION('',(-0.577350269189626,-0.577350269189626,0.577350269189626));
#12515=DIRECTION('',(0.0,0.0,1.0));
#12516=DIRECTION('',(-0.577350269189626,-0.577350269189626,-0.577350269189626));
#12517=DIRECTION('',(0.0,-1.0,0.0));
#12518=DIRECTION('',(-0.707106781186548,0.0,-0.707106781186548));
#12519=DIRECTION('',(0.0,-1.0,0.0));
#12520=DIRECTION('',(0.0,1.0,0.0));
#12521=DIRECTION('',(0.0,-1.0,0.0));
#12522=DIRECTION('',(0.0,1.0,0.0));
#12523=DIRECTION('',(1.0,0.0,0.0));
#12524=DIRECTION('',(0.0,0.0,1.0));
#12525=DIRECTION('',(0.0,0.0,1.0));
#12526=DIRECTION('',(0.0,1.0,0.0));
#12527=DIRECTION('',(0.0,0.0,-1.0));
#12528=DIRECTION('',(-1.0,0.0,0.0));
#12529=DIRECTION('',(0.0,0.0,1.0));
#12530=DIRECTION('',(0.707106781186597,0.0,0.707106781186498));
#12531=DIRECTION('',(0.0,0.0,-1.0));
#12532=DIRECTION('',(-0.707106781186597,0.0,0.707106781186498));
#12533=DIRECTION('',(1.0,0.0,0.0));
#12534=DIRECTION('',(0.0,0.0,-1.0));
#12535=DIRECTION('',(0.707106781186548,0.0,-0.707106781186548));
#12536=DIRECTION('',(1.0,0.0,0.0));
#12537=DIRECTION('',(0.0,0.0,-1.0));
#12538=DIRECTION('',(-1.0,0.0,0.0));
#12539=DIRECTION('',(0.0,0.0,1.0));
#12540=DIRECTION('',(0.0,1.0,0.0));
#12541=DIRECTION('',(0.0,0.0,-1.0));
#12542=DIRECTION('',(0.0,1.0,0.0));
#12543=DIRECTION('',(-1.0,0.0,0.0));
#12544=DIRECTION('',(0.0,1.0,0.0));
#12545=DIRECTION('',(0.0,0.0,-1.0));
#12546=DIRECTION('',(0.0,1.0,0.0));
#12547=DIRECTION('',(0.0,-1.0,0.0));
#12548=DIRECTION('',(0.0,-1.0,0.0));
#12549=DIRECTION('',(-1.0,0.0,0.0));
#12550=DIRECTION('',(0.0,0.0,1.0));
#12551=DIRECTION('',(1.0,0.0,0.0));
#12552=DIRECTION('',(0.0,1.0,0.0));
#12553=DIRECTION('',(0.0,-1.0,0.0));
#12554=DIRECTION('',(0.577350269189626,-0.577350269189626,0.577350269189626));
#12555=DIRECTION('',(0.0,0.0,-1.0));
#12556=DIRECTION('',(0.577350269189626,-0.577350269189626,-0.577350269189626));
#12557=DIRECTION('',(-0.577350269189626,-0.577350269189626,0.577350269189626));
#12558=DIRECTION('',(0.0,0.0,1.0));
#12559=DIRECTION('',(-0.577350269189626,-0.577350269189626,-0.577350269189626));
#12560=DIRECTION('',(0.0,-1.0,0.0));
#12561=DIRECTION('',(-0.707106781186498,0.0,-0.707106781186597));
#12562=DIRECTION('',(0.0,-1.0,0.0));
#12563=DIRECTION('',(0.0,1.0,0.0));
#12564=DIRECTION('',(0.0,-1.0,0.0));
#12565=DIRECTION('',(0.0,1.0,0.0));
#12566=DIRECTION('',(1.0,0.0,0.0));
#12567=DIRECTION('',(0.0,0.0,1.0));
#12568=DIRECTION('',(0.0,1.0,0.0));
#12569=DIRECTION('',(0.0,0.0,1.0));
#12570=DIRECTION('',(0.0,0.0,-1.0));
#12571=DIRECTION('',(-1.0,0.0,0.0));
#12572=DIRECTION('',(0.0,0.0,-1.0));
#12573=DIRECTION('',(-1.0,0.0,0.0));
#12574=DIRECTION('',(0.0,0.0,1.0));
#12575=DIRECTION('',(1.0,0.0,0.0));
#12576=DIRECTION('',(0.0,1.0,0.0));
#12577=DIRECTION('',(0.0,0.0,-1.0));
#12578=DIRECTION('',(0.0,1.0,0.0));
#12579=DIRECTION('',(0.0,-1.0,0.0));
#12580=DIRECTION('',(0.0,-1.0,0.0));
#12581=DIRECTION('',(0.0,1.0,0.0));
#12582=DIRECTION('',(0.0,0.0,1.0));
#12583=DIRECTION('',(0.0,1.0,0.0));
#12584=DIRECTION('',(-1.0,0.0,0.0));
#12585=DIRECTION('',(0.707106781186498,0.0,-0.707106781186597));
#12586=DIRECTION('',(0.707106781186548,0.0,0.707106781186548));
#12587=DIRECTION('',(0.0,0.0,-1.0));
#12588=DIRECTION('',(-0.707106781186597,0.0,0.707106781186498));
#12589=DIRECTION('',(1.0,0.0,0.0));
#12590=DIRECTION('',(0.0,0.0,-1.0));
#12591=DIRECTION('',(1.0,0.0,0.0));
#12592=DIRECTION('',(0.0,0.0,-1.0));
#12593=DIRECTION('',(-1.0,0.0,0.0));
#12594=DIRECTION('',(0.0,0.0,1.0));
#12595=DIRECTION('',(0.0,1.0,0.0));
#12596=DIRECTION('',(0.577350269189626,-0.577350269189626,-0.577350269189626));
#12597=DIRECTION('',(0.0,-1.0,0.0));
#12598=DIRECTION('',(-0.577350269189626,-0.577350269189626,-0.577350269189626));
#12599=DIRECTION('',(-0.707106781186498,0.0,-0.707106781186597));
#12600=DIRECTION('',(0.0,-1.0,0.0));
#12601=DIRECTION('',(0.0,1.0,0.0));
#12602=DIRECTION('',(0.0,-1.0,0.0));
#12603=DIRECTION('',(0.0,1.0,0.0));
#12604=DIRECTION('',(1.0,0.0,0.0));
#12605=DIRECTION('',(0.0,0.0,1.0));
#12606=DIRECTION('',(0.0,1.0,0.0));
#12607=DIRECTION('',(0.0,0.0,1.0));
#12608=DIRECTION('',(0.0,0.0,-1.0));
#12609=DIRECTION('',(-1.0,0.0,0.0));
#12610=DIRECTION('',(0.0,0.0,-1.0));
#12611=DIRECTION('',(-1.0,0.0,0.0));
#12612=DIRECTION('',(0.0,0.0,1.0));
#12613=DIRECTION('',(1.0,0.0,0.0));
#12614=DIRECTION('',(0.0,1.0,0.0));
#12615=DIRECTION('',(0.0,0.0,-1.0));
#12616=DIRECTION('',(0.0,1.0,0.0));
#12617=DIRECTION('',(0.0,-1.0,0.0));
#12618=DIRECTION('',(0.0,-1.0,0.0));
#12619=DIRECTION('',(0.0,1.0,0.0));
#12620=DIRECTION('',(0.0,0.0,1.0));
#12621=DIRECTION('',(0.0,1.0,0.0));
#12622=DIRECTION('',(-1.0,0.0,0.0));
#12623=DIRECTION('',(0.0,0.0,1.0));
#12624=DIRECTION('',(0.707106781186498,0.0,-0.707106781186597));
#12625=DIRECTION('',(0.707106781186548,0.0,0.707106781186548));
#12626=DIRECTION('',(0.0,0.0,-1.0));
#12627=DIRECTION('',(-0.707106781186548,0.0,0.707106781186548));
#12628=DIRECTION('',(1.0,0.0,0.0));
#12629=DIRECTION('',(0.0,0.0,-1.0));
#12630=DIRECTION('',(1.0,0.0,0.0));
#12631=DIRECTION('',(0.0,0.0,-1.0));
#12632=DIRECTION('',(-1.0,0.0,0.0));
#12633=DIRECTION('',(0.0,0.0,1.0));
#12634=DIRECTION('',(0.0,0.0,-1.0));
#12635=DIRECTION('',(-0.577350269189626,-0.577350269189626,0.577350269189626));
#12636=DIRECTION('',(0.577350269189626,-0.577350269189626,0.577350269189626));
#12637=DIRECTION('',(0.0,-1.0,0.0));
#12638=DIRECTION('',(0.0,1.0,0.0));
#12639=DIRECTION('',(0.577350269189626,-0.577350269189626,-0.577350269189626));
#12640=DIRECTION('',(0.0,-1.0,0.0));
#12641=DIRECTION('',(-0.577350269189626,-0.577350269189626,-0.577350269189626));
#12642=DIRECTION('',(-0.707106781186548,0.0,-0.707106781186548));
#12643=DIRECTION('',(0.0,-1.0,0.0));
#12644=DIRECTION('',(0.0,1.0,0.0));
#12645=DIRECTION('',(0.0,-1.0,0.0));
#12646=DIRECTION('',(0.0,1.0,0.0));
#12647=DIRECTION('',(1.0,0.0,0.0));
#12648=DIRECTION('',(0.0,0.0,1.0));
#12649=DIRECTION('',(0.0,1.0,0.0));
#12650=DIRECTION('',(0.0,0.0,1.0));
#12651=DIRECTION('',(0.0,0.0,-1.0));
#12652=DIRECTION('',(-1.0,0.0,0.0));
#12653=DIRECTION('',(0.0,0.0,-1.0));
#12654=DIRECTION('',(-1.0,0.0,0.0));
#12655=DIRECTION('',(0.0,0.0,1.0));
#12656=DIRECTION('',(1.0,0.0,0.0));
#12657=DIRECTION('',(0.0,1.0,0.0));
#12658=DIRECTION('',(0.0,0.0,-1.0));
#12659=DIRECTION('',(0.0,1.0,0.0));
#12660=DIRECTION('',(0.0,-1.0,0.0));
#12661=DIRECTION('',(0.0,-1.0,0.0));
#12662=DIRECTION('',(0.0,1.0,0.0));
#12663=DIRECTION('',(0.0,0.0,1.0));
#12664=DIRECTION('',(0.0,1.0,0.0));
#12665=DIRECTION('',(-1.0,0.0,0.0));
#12666=DIRECTION('',(0.0,0.0,1.0));
#12667=DIRECTION('',(0.707106781186597,0.0,-0.707106781186498));
#12668=DIRECTION('',(0.707106781186548,0.0,0.707106781186548));
#12669=DIRECTION('',(0.0,0.0,-1.0));
#12670=DIRECTION('',(-0.707106781186548,0.0,0.707106781186548));
#12671=DIRECTION('',(1.0,0.0,0.0));
#12672=DIRECTION('',(0.0,0.0,-1.0));
#12673=DIRECTION('',(1.0,0.0,0.0));
#12674=DIRECTION('',(0.0,0.0,-1.0));
#12675=DIRECTION('',(-1.0,0.0,0.0));
#12676=DIRECTION('',(0.0,0.0,1.0));
#12677=DIRECTION('',(0.0,0.0,-1.0));
#12678=DIRECTION('',(-0.577350269189626,-0.577350269189626,0.577350269189626));
#12679=DIRECTION('',(0.577350269189626,-0.577350269189626,0.577350269189626));
#12680=DIRECTION('',(0.0,-1.0,0.0));
#12681=DIRECTION('',(0.0,1.0,0.0));
#12682=DIRECTION('',(0.577350269189626,-0.577350269189626,-0.577350269189626));
#12683=DIRECTION('',(0.0,-1.0,0.0));
#12684=DIRECTION('',(-0.577350269189626,-0.577350269189626,-0.577350269189626));
#12685=DIRECTION('',(-0.707106781186548,0.0,-0.707106781186548));
#12686=DIRECTION('',(0.0,-1.0,0.0));
#12687=DIRECTION('',(0.0,1.0,0.0));
#12688=DIRECTION('',(0.0,-1.0,0.0));
#12689=DIRECTION('',(0.0,1.0,0.0));
#12690=DIRECTION('',(1.0,0.0,0.0));
#12691=DIRECTION('',(0.0,0.0,1.0));
#12692=DIRECTION('',(0.0,1.0,0.0));
#12693=DIRECTION('',(0.0,0.0,1.0));
#12694=DIRECTION('',(0.0,0.0,-1.0));
#12695=DIRECTION('',(-1.0,0.0,0.0));
#12696=DIRECTION('',(0.0,0.0,-1.0));
#12697=DIRECTION('',(-1.0,0.0,0.0));
#12698=DIRECTION('',(0.0,0.0,1.0));
#12699=DIRECTION('',(1.0,0.0,0.0));
#12700=DIRECTION('',(0.0,1.0,0.0));
#12701=DIRECTION('',(0.0,0.0,-1.0));
#12702=DIRECTION('',(0.0,1.0,0.0));
#12703=DIRECTION('',(0.0,-1.0,0.0));
#12704=DIRECTION('',(0.0,-1.0,0.0));
#12705=DIRECTION('',(0.0,1.0,0.0));
#12706=DIRECTION('',(0.0,0.0,1.0));
#12707=DIRECTION('',(0.0,1.0,0.0));
#12708=DIRECTION('',(-1.0,0.0,0.0));
#12709=DIRECTION('',(0.0,0.0,1.0));
#12710=DIRECTION('',(0.707106781186548,0.0,-0.707106781186548));
#12711=DIRECTION('',(0.707106781186548,0.0,0.707106781186548));
#12712=DIRECTION('',(0.0,0.0,-1.0));
#12713=DIRECTION('',(-0.707106781186548,0.0,0.707106781186548));
#12714=DIRECTION('',(1.0,0.0,0.0));
#12715=DIRECTION('',(0.0,0.0,-1.0));
#12716=DIRECTION('',(1.0,0.0,0.0));
#12717=DIRECTION('',(0.0,0.0,-1.0));
#12718=DIRECTION('',(-1.0,0.0,0.0));
#12719=DIRECTION('',(0.0,0.0,1.0));
#12720=DIRECTION('',(0.0,0.0,-1.0));
#12721=DIRECTION('',(-0.577350269189626,-0.577350269189626,0.577350269189626));
#12722=DIRECTION('',(0.577350269189626,-0.577350269189626,0.577350269189626));
#12723=DIRECTION('',(0.0,-1.0,0.0));
#12724=DIRECTION('',(0.0,1.0,0.0));
#12725=DIRECTION('',(0.577350269189626,-0.577350269189626,-0.577350269189626));
#12726=DIRECTION('',(0.0,-1.0,0.0));
#12727=DIRECTION('',(-0.577350269189626,-0.577350269189626,-0.577350269189626));
#12728=DIRECTION('',(-0.707106781186498,0.0,-0.707106781186597));
#12729=DIRECTION('',(0.0,-1.0,0.0));
#12730=DIRECTION('',(0.0,1.0,0.0));
#12731=DIRECTION('',(0.0,-1.0,0.0));
#12732=DIRECTION('',(0.0,1.0,0.0));
#12733=DIRECTION('',(1.0,0.0,0.0));
#12734=DIRECTION('',(0.0,0.0,1.0));
#12735=DIRECTION('',(0.0,1.0,0.0));
#12736=DIRECTION('',(0.0,0.0,1.0));
#12737=DIRECTION('',(0.0,0.0,-1.0));
#12738=DIRECTION('',(-1.0,0.0,0.0));
#12739=DIRECTION('',(0.0,0.0,-1.0));
#12740=DIRECTION('',(-1.0,0.0,0.0));
#12741=DIRECTION('',(0.0,0.0,1.0));
#12742=DIRECTION('',(1.0,0.0,0.0));
#12743=DIRECTION('',(0.0,1.0,0.0));
#12744=DIRECTION('',(0.0,0.0,-1.0));
#12745=DIRECTION('',(0.0,1.0,0.0));
#12746=DIRECTION('',(0.0,-1.0,0.0));
#12747=DIRECTION('',(0.0,-1.0,0.0));
#12748=DIRECTION('',(0.0,1.0,0.0));
#12749=DIRECTION('',(0.0,0.0,1.0));
#12750=DIRECTION('',(0.0,1.0,0.0));
#12751=DIRECTION('',(-1.0,0.0,0.0));
#12752=DIRECTION('',(0.0,0.0,1.0));
#12753=DIRECTION('',(0.707106781186548,0.0,-0.707106781186548));
#12754=DIRECTION('',(0.707106781186548,0.0,0.707106781186548));
#12755=DIRECTION('',(0.0,0.0,-1.0));
#12756=DIRECTION('',(-0.707106781186548,0.0,0.707106781186548));
#12757=DIRECTION('',(1.0,0.0,0.0));
#12758=DIRECTION('',(0.0,0.0,-1.0));
#12759=DIRECTION('',(1.0,0.0,0.0));
#12760=DIRECTION('',(0.0,0.0,-1.0));
#12761=DIRECTION('',(-1.0,0.0,0.0));
#12762=DIRECTION('',(0.0,0.0,1.0));
#12763=DIRECTION('',(0.0,0.0,-1.0));
#12764=DIRECTION('',(-0.577350269189626,-0.577350269189626,0.577350269189626));
#12765=DIRECTION('',(0.577350269189626,-0.577350269189626,0.577350269189626));
#12766=DIRECTION('',(0.0,-1.0,0.0));
#12767=DIRECTION('',(0.0,1.0,0.0));
#12768=DIRECTION('',(0.577350269189626,-0.577350269189626,-0.577350269189626));
#12769=DIRECTION('',(0.0,-1.0,0.0));
#12770=DIRECTION('',(-0.577350269189626,-0.577350269189626,-0.577350269189626));
#12771=DIRECTION('',(-0.707106781186548,0.0,-0.707106781186548));
#12772=DIRECTION('',(0.0,-1.0,0.0));
#12773=DIRECTION('',(0.0,1.0,0.0));
#12774=DIRECTION('',(0.0,-1.0,0.0));
#12775=DIRECTION('',(0.0,1.0,0.0));
#12776=DIRECTION('',(1.0,0.0,0.0));
#12777=DIRECTION('',(0.0,0.0,1.0));
#12778=DIRECTION('',(0.0,1.0,0.0));
#12779=DIRECTION('',(0.0,0.0,1.0));
#12780=DIRECTION('',(0.0,0.0,-1.0));
#12781=DIRECTION('',(-1.0,0.0,0.0));
#12782=DIRECTION('',(0.0,0.0,-1.0));
#12783=DIRECTION('',(-1.0,0.0,0.0));
#12784=DIRECTION('',(0.0,0.0,1.0));
#12785=DIRECTION('',(1.0,0.0,0.0));
#12786=DIRECTION('',(0.0,1.0,0.0));
#12787=DIRECTION('',(0.0,0.0,-1.0));
#12788=DIRECTION('',(0.0,1.0,0.0));
#12789=DIRECTION('',(0.0,-1.0,0.0));
#12790=DIRECTION('',(0.0,-1.0,0.0));
#12791=DIRECTION('',(0.0,1.0,0.0));
#12792=DIRECTION('',(0.0,0.0,1.0));
#12793=DIRECTION('',(0.0,1.0,0.0));
#12794=DIRECTION('',(-1.0,0.0,0.0));
#12795=DIRECTION('',(0.0,0.0,1.0));
#12796=DIRECTION('',(0.707106781186548,0.0,-0.707106781186548));
#12797=DIRECTION('',(0.707106781186548,0.0,0.707106781186548));
#12798=DIRECTION('',(0.0,0.0,-1.0));
#12799=DIRECTION('',(-0.707106781186548,0.0,0.707106781186548));
#12800=DIRECTION('',(1.0,0.0,0.0));
#12801=DIRECTION('',(0.0,0.0,-1.0));
#12802=DIRECTION('',(1.0,0.0,0.0));
#12803=DIRECTION('',(0.0,0.0,-1.0));
#12804=DIRECTION('',(-1.0,0.0,0.0));
#12805=DIRECTION('',(0.0,0.0,1.0));
#12806=DIRECTION('',(0.0,0.0,-1.0));
#12807=DIRECTION('',(-0.577350269189626,-0.577350269189626,0.577350269189626));
#12808=DIRECTION('',(0.577350269189626,-0.577350269189626,0.577350269189626));
#12809=DIRECTION('',(0.0,-1.0,0.0));
#12810=DIRECTION('',(0.0,1.0,0.0));
#12811=DIRECTION('',(0.577350269189626,-0.577350269189626,-0.577350269189626));
#12812=DIRECTION('',(0.0,-1.0,0.0));
#12813=DIRECTION('',(-0.577350269189626,-0.577350269189626,-0.577350269189626));
#12814=DIRECTION('',(-0.707106781186548,0.0,-0.707106781186548));
#12815=DIRECTION('',(0.0,-1.0,0.0));
#12816=DIRECTION('',(0.0,1.0,0.0));
#12817=DIRECTION('',(0.0,-1.0,0.0));
#12818=DIRECTION('',(0.0,1.0,0.0));
#12819=DIRECTION('',(1.0,0.0,0.0));
#12820=DIRECTION('',(0.0,0.0,1.0));
#12821=DIRECTION('',(0.0,1.0,0.0));
#12822=DIRECTION('',(0.0,0.0,1.0));
#12823=DIRECTION('',(0.0,0.0,-1.0));
#12824=DIRECTION('',(-1.0,0.0,0.0));
#12825=DIRECTION('',(0.0,0.0,-1.0));
#12826=DIRECTION('',(-1.0,0.0,0.0));
#12827=DIRECTION('',(0.0,0.0,1.0));
#12828=DIRECTION('',(1.0,0.0,0.0));
#12829=DIRECTION('',(0.0,1.0,0.0));
#12830=DIRECTION('',(0.0,0.0,-1.0));
#12831=DIRECTION('',(0.0,1.0,0.0));
#12832=DIRECTION('',(0.0,-1.0,0.0));
#12833=DIRECTION('',(0.0,-1.0,0.0));
#12834=DIRECTION('',(0.0,1.0,0.0));
#12835=DIRECTION('',(0.0,0.0,1.0));
#12836=DIRECTION('',(0.0,1.0,0.0));
#12837=DIRECTION('',(-1.0,0.0,0.0));
#12838=DIRECTION('',(0.0,0.0,1.0));
#12839=DIRECTION('',(0.707106781186548,0.0,-0.707106781186548));
#12840=DIRECTION('',(0.707106781186548,0.0,0.707106781186548));
#12841=DIRECTION('',(0.0,0.0,-1.0));
#12842=DIRECTION('',(-0.707106781186548,0.0,0.707106781186548));
#12843=DIRECTION('',(1.0,0.0,0.0));
#12844=DIRECTION('',(0.0,0.0,-1.0));
#12845=DIRECTION('',(1.0,0.0,0.0));
#12846=DIRECTION('',(0.0,0.0,-1.0));
#12847=DIRECTION('',(-1.0,0.0,0.0));
#12848=DIRECTION('',(0.0,0.0,1.0));
#12849=DIRECTION('',(0.0,0.0,-1.0));
#12850=DIRECTION('',(-0.577350269189626,-0.577350269189626,0.577350269189626));
#12851=DIRECTION('',(0.577350269189626,-0.577350269189626,0.577350269189626));
#12852=DIRECTION('',(0.0,-1.0,0.0));
#12853=DIRECTION('',(0.0,1.0,0.0));
#12854=DIRECTION('',(0.577350269189626,-0.577350269189626,-0.577350269189626));
#12855=DIRECTION('',(0.0,-1.0,0.0));
#12856=DIRECTION('',(-0.577350269189626,-0.577350269189626,-0.577350269189626));
#12857=DIRECTION('',(-0.707106781186548,0.0,-0.707106781186548));
#12858=DIRECTION('',(0.0,-1.0,0.0));
#12859=DIRECTION('',(0.0,1.0,0.0));
#12860=DIRECTION('',(0.0,-1.0,0.0));
#12861=DIRECTION('',(0.0,1.0,0.0));
#12862=DIRECTION('',(1.0,0.0,0.0));
#12863=DIRECTION('',(0.0,0.0,1.0));
#12864=DIRECTION('',(0.0,1.0,0.0));
#12865=DIRECTION('',(0.0,0.0,1.0));
#12866=DIRECTION('',(0.0,0.0,-1.0));
#12867=DIRECTION('',(-1.0,0.0,0.0));
#12868=DIRECTION('',(0.0,0.0,-1.0));
#12869=DIRECTION('',(-1.0,0.0,0.0));
#12870=DIRECTION('',(0.0,0.0,1.0));
#12871=DIRECTION('',(1.0,0.0,0.0));
#12872=DIRECTION('',(0.0,1.0,0.0));
#12873=DIRECTION('',(0.0,0.0,-1.0));
#12874=DIRECTION('',(0.0,1.0,0.0));
#12875=DIRECTION('',(0.0,-1.0,0.0));
#12876=DIRECTION('',(0.0,-1.0,0.0));
#12877=DIRECTION('',(0.0,1.0,0.0));
#12878=DIRECTION('',(0.0,0.0,1.0));
#12879=DIRECTION('',(0.0,1.0,0.0));
#12880=DIRECTION('',(-1.0,0.0,0.0));
#12881=DIRECTION('',(0.0,0.0,1.0));
#12882=DIRECTION('',(0.707106781186548,0.0,-0.707106781186548));
#12883=DIRECTION('',(0.707106781186548,0.0,0.707106781186548));
#12884=DIRECTION('',(0.0,0.0,-1.0));
#12885=DIRECTION('',(-0.707106781186548,0.0,0.707106781186548));
#12886=DIRECTION('',(1.0,0.0,0.0));
#12887=DIRECTION('',(0.0,0.0,-1.0));
#12888=DIRECTION('',(1.0,0.0,0.0));
#12889=DIRECTION('',(0.0,0.0,-1.0));
#12890=DIRECTION('',(-1.0,0.0,0.0));
#12891=DIRECTION('',(0.0,0.0,1.0));
#12892=DIRECTION('',(0.0,0.0,-1.0));
#12893=DIRECTION('',(-0.577350269189626,-0.577350269189626,0.577350269189626));
#12894=DIRECTION('',(0.577350269189626,-0.577350269189626,0.577350269189626));
#12895=DIRECTION('',(0.0,-1.0,0.0));
#12896=DIRECTION('',(0.0,1.0,0.0));
#12897=DIRECTION('',(0.577350269189626,-0.577350269189626,-0.577350269189626));
#12898=DIRECTION('',(0.0,-1.0,0.0));
#12899=DIRECTION('',(-0.577350269189626,-0.577350269189626,0.577350269189626));
#12900=DIRECTION('',(0.0,0.0,-1.0));
#12901=DIRECTION('',(-0.577350269189626,-0.577350269189626,-0.577350269189626));
#12902=DIRECTION('',(0.0,-1.0,0.0));
#12903=DIRECTION('',(0.577350269189626,-0.577350269189626,0.577350269189626));
#12904=DIRECTION('',(0.0,0.0,-1.0));
#12905=DIRECTION('',(0.0,-1.0,0.0));
#12906=DIRECTION('',(0.0,-1.0,0.0));
#12907=DIRECTION('',(0.0,-1.0,0.0));
#12908=DIRECTION('',(0.0,-1.0,0.0));
#12909=DIRECTION('',(0.0,-1.0,0.0));
#12910=DIRECTION('',(0.0,-1.0,0.0));
#12911=DIRECTION('',(0.0,-1.0,0.0));
#12912=DIRECTION('',(0.0,-1.0,0.0));
#12913=DIRECTION('',(0.0,-1.0,0.0));
#12914=DIRECTION('',(0.0,-1.0,0.0));
#12915=DIRECTION('',(0.0,-1.0,0.0));
#12916=DIRECTION('',(0.0,-1.0,0.0));
#12917=DIRECTION('',(0.0,-1.0,0.0));
#12918=DIRECTION('',(0.0,-1.0,0.0));
#12919=DIRECTION('',(0.0,-1.0,0.0));
#12920=DIRECTION('',(0.0,-1.0,0.0));
#12921=DIRECTION('',(0.0,-1.0,0.0));
#12922=DIRECTION('',(0.0,-1.0,0.0));
#12923=DIRECTION('',(0.0,-1.0,0.0));
#12924=DIRECTION('',(0.0,-1.0,0.0));
#12925=DIRECTION('',(0.0,-1.0,0.0));
#12926=DIRECTION('',(0.0,-1.0,0.0));
#12927=DIRECTION('',(0.0,-1.0,0.0));
#12928=DIRECTION('',(0.0,-1.0,0.0));
#12929=DIRECTION('',(0.0,-1.0,0.0));
#12930=DIRECTION('',(0.0,-1.0,0.0));
#12931=DIRECTION('',(0.0,-1.0,0.0));
#12932=DIRECTION('',(0.0,-1.0,0.0));
#12933=DIRECTION('',(0.0,-1.0,0.0));
#12934=DIRECTION('',(0.0,-1.0,0.0));
#12935=DIRECTION('',(0.0,-1.0,0.0));
#12936=DIRECTION('',(0.0,-1.0,0.0));
#12937=DIRECTION('',(0.0,-1.0,0.0));
#12938=DIRECTION('',(0.0,-1.0,0.0));
#12939=DIRECTION('',(0.0,-1.0,0.0));
#12940=DIRECTION('',(0.0,-1.0,0.0));
#12941=DIRECTION('',(0.0,-1.0,0.0));
#12942=DIRECTION('',(-0.577350269189626,-0.577350269189626,0.577350269189626));
#12943=DIRECTION('',(0.577350269189626,-0.577350269189626,0.577350269189626));
#12944=DIRECTION('',(0.0,0.0,-1.0));
#12945=DIRECTION('',(0.0,-1.0,0.0));
#12946=DIRECTION('',(0.0,-1.0,0.0));
#12947=DIRECTION('',(0.0,-1.0,0.0));
#12948=DIRECTION('',(0.0,-1.0,0.0));
#12949=DIRECTION('',(-0.577350269189626,-0.577350269189626,0.577350269189626));
#12950=DIRECTION('',(0.0,-1.0,0.0));
#12951=DIRECTION('',(0.0,0.0,1.0));
#12952=DIRECTION('',(0.0,-1.0,0.0));
#12953=DIRECTION('',(0.0,-1.0,0.0));
#12954=DIRECTION('',(0.0,-1.0,0.0));
#12955=DIRECTION('',(0.0,-1.0,0.0));
#12956=DIRECTION('',(1.0,0.0,0.0));
#12957=DIRECTION('',(0.0,0.0,-1.0));
#12958=DIRECTION('',(-1.0,0.0,0.0));
#12959=DIRECTION('',(0.0,0.0,1.0));
#12960=DIRECTION('',(0.447213595499977,-0.774596669241461,-0.447213595499977));
#12961=DIRECTION('',(1.0,0.0,0.0));
#12962=DIRECTION('',(-0.447213595499977,-0.774596669241461,-0.447213595499977));
#12963=DIRECTION('',(0.0,0.0,-1.0));
#12964=DIRECTION('',(-0.447213595499977,-0.774596669241461,0.447213595499977));
#12965=DIRECTION('',(-1.0,0.0,0.0));
#12966=DIRECTION('',(0.447213595499977,-0.774596669241461,0.447213595499977));
#12967=DIRECTION('',(0.0,0.0,1.0));
#12968=DIRECTION('',(0.0,-1.0,0.0));
#12969=CARTESIAN_POINT('',(2.86,-2.49,-1.32));
#12970=DIRECTION('',(1.0,0.0,-0.0));
#12971=DIRECTION('',(0.0,0.0,1.0));
#12972=DIRECTION('',(0.0,0.0,-1.0));
#12973=DIRECTION('',(0.0,-1.0,0.0));
#12974=DIRECTION('',(0.0,0.0,-1.0));
#12975=CARTESIAN_POINT('',(2.86,-2.49,-1.32));
#12976=DIRECTION('',(1.0,0.0,-0.0));
#12977=DIRECTION('',(0.0,0.0,1.0));
#12978=DIRECTION('',(0.0,-1.0,0.0));
#12979=DIRECTION('',(1.0,0.0,0.0));
#12980=DIRECTION('',(0.0,-1.0,0.0));
#12981=CARTESIAN_POINT('',(2.22,-2.49,-1.32));
#12982=DIRECTION('',(1.0,0.0,-0.0));
#12983=DIRECTION('',(0.0,0.0,1.0));
#12984=DIRECTION('',(0.0,0.0,-1.0));
#12985=DIRECTION('',(0.0,1.0,0.0));
#12986=DIRECTION('',(0.0,0.0,-1.0));
#12987=CARTESIAN_POINT('',(2.22,-2.49,-1.32));
#12988=DIRECTION('',(1.0,0.0,-0.0));
#12989=DIRECTION('',(0.0,0.0,1.0));
#12990=DIRECTION('',(0.0,-1.0,0.0));
#12991=DIRECTION('',(-1.0,0.0,0.0));
#12992=DIRECTION('',(-1.0,0.0,1.040834085586E-14));
#12993=DIRECTION('',(-1.0,0.0,0.0));
#12994=DIRECTION('',(-1.0,0.0,0.0));
#12995=DIRECTION('',(0.447213595499977,-0.447213595499977,0.774596669241461));
#12996=DIRECTION('',(-0.447213595499977,-0.447213595499977,0.774596669241461));
#12997=DIRECTION('',(1.0,0.0,0.0));
#12998=DIRECTION('',(0.0,-1.0,0.0));
#12999=DIRECTION('',(0.0,1.0,0.0));
#13000=DIRECTION('',(-0.447213595499977,0.447213595499977,0.774596669241461));
#13001=DIRECTION('',(1.0,0.0,0.0));
#13002=DIRECTION('',(0.447213595499977,0.447213595499977,0.774596669241461));
#13003=DIRECTION('',(1.0,0.0,0.0));
#13004=DIRECTION('',(1.0,0.0,0.0));
#13005=DIRECTION('',(0.0,0.0,-1.0));
#13006=DIRECTION('',(-1.0,0.0,0.0));
#13007=DIRECTION('',(0.0,0.0,1.0));
#13008=DIRECTION('',(0.447213595499977,-0.774596669241461,-0.447213595499977));
#13009=DIRECTION('',(1.0,0.0,0.0));
#13010=DIRECTION('',(-0.447213595499977,-0.774596669241461,-0.447213595499977));
#13011=DIRECTION('',(0.0,0.0,-1.0));
#13012=DIRECTION('',(-0.447213595499977,-0.774596669241461,0.447213595499977));
#13013=DIRECTION('',(-1.0,0.0,0.0));
#13014=DIRECTION('',(0.447213595499977,-0.774596669241461,0.447213595499977));
#13015=DIRECTION('',(0.0,0.0,1.0));
#13016=DIRECTION('',(0.0,-1.0,0.0));
#13017=CARTESIAN_POINT('',(7.94,-2.49,-1.32));
#13018=DIRECTION('',(1.0,0.0,-0.0));
#13019=DIRECTION('',(0.0,0.0,1.0));
#13020=DIRECTION('',(0.0,0.0,-1.0));
#13021=DIRECTION('',(0.0,-1.0,0.0));
#13022=DIRECTION('',(0.0,0.0,-1.0));
#13023=CARTESIAN_POINT('',(7.94,-2.49,-1.32));
#13024=DIRECTION('',(1.0,0.0,-0.0));
#13025=DIRECTION('',(0.0,0.0,1.0));
#13026=DIRECTION('',(0.0,-1.0,0.0));
#13027=DIRECTION('',(1.0,0.0,0.0));
#13028=DIRECTION('',(0.0,-1.0,0.0));
#13029=CARTESIAN_POINT('',(7.3,-2.49,-1.32));
#13030=DIRECTION('',(1.0,0.0,-0.0));
#13031=DIRECTION('',(0.0,0.0,1.0));
#13032=DIRECTION('',(0.0,0.0,-1.0));
#13033=DIRECTION('',(0.0,1.0,0.0));
#13034=DIRECTION('',(0.0,0.0,-1.0));
#13035=CARTESIAN_POINT('',(7.3,-2.49,-1.32));
#13036=DIRECTION('',(1.0,0.0,-0.0));
#13037=DIRECTION('',(0.0,0.0,1.0));
#13038=DIRECTION('',(0.0,-1.0,0.0));
#13039=DIRECTION('',(-1.0,0.0,0.0));
#13040=DIRECTION('',(-1.0,0.0,1.040834085586E-14));
#13041=DIRECTION('',(-1.0,0.0,0.0));
#13042=DIRECTION('',(-1.0,0.0,0.0));
#13043=DIRECTION('',(0.447213595499977,-0.447213595499977,0.774596669241461));
#13044=DIRECTION('',(-0.447213595499977,-0.447213595499977,0.774596669241461));
#13045=DIRECTION('',(1.0,0.0,0.0));
#13046=DIRECTION('',(0.0,-1.0,0.0));
#13047=DIRECTION('',(0.0,1.0,0.0));
#13048=DIRECTION('',(-0.447213595499977,0.447213595499977,0.774596669241461));
#13049=DIRECTION('',(1.0,0.0,0.0));
#13050=DIRECTION('',(0.447213595499977,0.447213595499977,0.774596669241461));
#13051=DIRECTION('',(1.0,0.0,0.0));
#13052=DIRECTION('',(1.0,0.0,0.0));
#13053=DIRECTION('',(0.0,0.0,-1.0));
#13054=DIRECTION('',(-1.0,0.0,0.0));
#13055=DIRECTION('',(0.0,0.0,1.0));
#13056=DIRECTION('',(0.447213595499977,-0.774596669241461,-0.447213595499977));
#13057=DIRECTION('',(1.0,0.0,0.0));
#13058=DIRECTION('',(-0.447213595499977,-0.774596669241461,-0.447213595499977));
#13059=DIRECTION('',(0.0,0.0,-1.0));
#13060=DIRECTION('',(-0.447213595499977,-0.774596669241461,0.447213595499977));
#13061=DIRECTION('',(-1.0,0.0,0.0));
#13062=DIRECTION('',(0.447213595499977,-0.774596669241461,0.447213595499977));
#13063=DIRECTION('',(0.0,0.0,1.0));
#13064=DIRECTION('',(0.0,-1.0,0.0));
#13065=CARTESIAN_POINT('',(13.02,-2.49,-1.32));
#13066=DIRECTION('',(1.0,0.0,-0.0));
#13067=DIRECTION('',(0.0,0.0,1.0));
#13068=DIRECTION('',(0.0,0.0,-1.0));
#13069=DIRECTION('',(0.0,-1.0,0.0));
#13070=DIRECTION('',(0.0,0.0,-1.0));
#13071=CARTESIAN_POINT('',(13.02,-2.49,-1.32));
#13072=DIRECTION('',(1.0,0.0,-0.0));
#13073=DIRECTION('',(0.0,0.0,1.0));
#13074=DIRECTION('',(0.0,-1.0,0.0));
#13075=DIRECTION('',(1.0,0.0,0.0));
#13076=DIRECTION('',(0.0,-1.0,0.0));
#13077=CARTESIAN_POINT('',(12.38,-2.49,-1.32));
#13078=DIRECTION('',(1.0,0.0,-0.0));
#13079=DIRECTION('',(0.0,0.0,1.0));
#13080=DIRECTION('',(0.0,0.0,-1.0));
#13081=DIRECTION('',(0.0,1.0,0.0));
#13082=DIRECTION('',(0.0,0.0,-1.0));
#13083=CARTESIAN_POINT('',(12.38,-2.49,-1.32));
#13084=DIRECTION('',(1.0,0.0,-0.0));
#13085=DIRECTION('',(0.0,0.0,1.0));
#13086=DIRECTION('',(0.0,-1.0,0.0));
#13087=DIRECTION('',(-1.0,0.0,0.0));
#13088=DIRECTION('',(-1.0,0.0,1.040834085586E-14));
#13089=DIRECTION('',(-1.0,0.0,0.0));
#13090=DIRECTION('',(-1.0,0.0,0.0));
#13091=DIRECTION('',(0.447213595499977,-0.447213595499977,0.774596669241461));
#13092=DIRECTION('',(-0.447213595499977,-0.447213595499977,0.774596669241461));
#13093=DIRECTION('',(1.0,0.0,0.0));
#13094=DIRECTION('',(0.0,-1.0,0.0));
#13095=DIRECTION('',(0.0,1.0,0.0));
#13096=DIRECTION('',(-0.447213595499977,0.447213595499977,0.774596669241461));
#13097=DIRECTION('',(1.0,0.0,0.0));
#13098=DIRECTION('',(0.447213595499977,0.447213595499977,0.774596669241461));
#13099=DIRECTION('',(1.0,0.0,0.0));
#13100=DIRECTION('',(1.0,0.0,0.0));
#13101=DIRECTION('',(0.0,0.0,-1.0));
#13102=DIRECTION('',(-1.0,0.0,0.0));
#13103=DIRECTION('',(0.0,0.0,1.0));
#13104=DIRECTION('',(0.447213595499977,-0.774596669241461,-0.447213595499977));
#13105=DIRECTION('',(1.0,0.0,0.0));
#13106=DIRECTION('',(-0.447213595499977,-0.774596669241461,-0.447213595499977));
#13107=DIRECTION('',(0.0,0.0,-1.0));
#13108=DIRECTION('',(-0.447213595499977,-0.774596669241461,0.447213595499977));
#13109=DIRECTION('',(-1.0,0.0,0.0));
#13110=DIRECTION('',(0.447213595499977,-0.774596669241461,0.447213595499977));
#13111=DIRECTION('',(0.0,0.0,1.0));
#13112=DIRECTION('',(0.0,-1.0,0.0));
#13113=CARTESIAN_POINT('',(18.1,-2.49,-1.32));
#13114=DIRECTION('',(1.0,0.0,-0.0));
#13115=DIRECTION('',(0.0,0.0,1.0));
#13116=DIRECTION('',(0.0,0.0,-1.0));
#13117=DIRECTION('',(0.0,-1.0,0.0));
#13118=DIRECTION('',(0.0,0.0,-1.0));
#13119=CARTESIAN_POINT('',(18.1,-2.49,-1.32));
#13120=DIRECTION('',(1.0,0.0,-0.0));
#13121=DIRECTION('',(0.0,0.0,1.0));
#13122=DIRECTION('',(0.0,-1.0,0.0));
#13123=DIRECTION('',(1.0,0.0,0.0));
#13124=DIRECTION('',(0.0,-1.0,0.0));
#13125=CARTESIAN_POINT('',(17.46,-2.49,-1.32));
#13126=DIRECTION('',(1.0,0.0,-0.0));
#13127=DIRECTION('',(0.0,0.0,1.0));
#13128=DIRECTION('',(0.0,0.0,-1.0));
#13129=DIRECTION('',(0.0,1.0,0.0));
#13130=DIRECTION('',(0.0,0.0,-1.0));
#13131=CARTESIAN_POINT('',(17.46,-2.49,-1.32));
#13132=DIRECTION('',(1.0,0.0,-0.0));
#13133=DIRECTION('',(0.0,0.0,1.0));
#13134=DIRECTION('',(0.0,-1.0,0.0));
#13135=DIRECTION('',(-1.0,0.0,0.0));
#13136=DIRECTION('',(-1.0,0.0,1.040834085586E-14));
#13137=DIRECTION('',(-1.0,0.0,0.0));
#13138=DIRECTION('',(-1.0,0.0,0.0));
#13139=DIRECTION('',(0.447213595499977,-0.447213595499977,0.774596669241461));
#13140=DIRECTION('',(-0.447213595499977,-0.447213595499977,0.774596669241461));
#13141=DIRECTION('',(1.0,0.0,0.0));
#13142=DIRECTION('',(0.0,-1.0,0.0));
#13143=DIRECTION('',(0.0,1.0,0.0));
#13144=DIRECTION('',(-0.447213595499977,0.447213595499977,0.774596669241461));
#13145=DIRECTION('',(1.0,0.0,0.0));
#13146=DIRECTION('',(0.447213595499977,0.447213595499977,0.774596669241461));
#13147=DIRECTION('',(1.0,0.0,0.0));
#13148=DIRECTION('',(1.0,0.0,0.0));
#13149=DIRECTION('',(0.0,0.0,-1.0));
#13150=DIRECTION('',(-1.0,0.0,0.0));
#13151=DIRECTION('',(0.0,0.0,1.0));
#13152=DIRECTION('',(0.447213595499977,-0.774596669241461,-0.447213595499977));
#13153=DIRECTION('',(1.0,0.0,0.0));
#13154=DIRECTION('',(-0.447213595499977,-0.774596669241461,-0.447213595499977));
#13155=DIRECTION('',(0.0,0.0,-1.0));
#13156=DIRECTION('',(-0.447213595499977,-0.774596669241461,0.447213595499977));
#13157=DIRECTION('',(-1.0,0.0,0.0));
#13158=DIRECTION('',(0.447213595499977,-0.774596669241461,0.447213595499977));
#13159=DIRECTION('',(0.0,0.0,1.0));
#13160=DIRECTION('',(0.0,-1.0,0.0));
#13161=CARTESIAN_POINT('',(23.18,-2.49,-1.32));
#13162=DIRECTION('',(1.0,0.0,-0.0));
#13163=DIRECTION('',(0.0,0.0,1.0));
#13164=DIRECTION('',(0.0,0.0,-1.0));
#13165=DIRECTION('',(0.0,-1.0,0.0));
#13166=DIRECTION('',(0.0,0.0,-1.0));
#13167=CARTESIAN_POINT('',(23.18,-2.49,-1.32));
#13168=DIRECTION('',(1.0,0.0,-0.0));
#13169=DIRECTION('',(0.0,0.0,1.0));
#13170=DIRECTION('',(0.0,-1.0,0.0));
#13171=DIRECTION('',(1.0,0.0,0.0));
#13172=DIRECTION('',(0.0,-1.0,0.0));
#13173=CARTESIAN_POINT('',(22.54,-2.49,-1.32));
#13174=DIRECTION('',(1.0,0.0,-0.0));
#13175=DIRECTION('',(0.0,0.0,1.0));
#13176=DIRECTION('',(0.0,0.0,-1.0));
#13177=DIRECTION('',(0.0,1.0,0.0));
#13178=DIRECTION('',(0.0,0.0,-1.0));
#13179=CARTESIAN_POINT('',(22.54,-2.49,-1.32));
#13180=DIRECTION('',(1.0,0.0,-0.0));
#13181=DIRECTION('',(0.0,0.0,1.0));
#13182=DIRECTION('',(0.0,-1.0,0.0));
#13183=DIRECTION('',(-1.0,0.0,0.0));
#13184=DIRECTION('',(-1.0,0.0,1.040834085586E-14));
#13185=DIRECTION('',(-1.0,0.0,0.0));
#13186=DIRECTION('',(-1.0,0.0,0.0));
#13187=DIRECTION('',(0.447213595499977,-0.447213595499977,0.774596669241461));
#13188=DIRECTION('',(-0.447213595499977,-0.447213595499977,0.774596669241461));
#13189=DIRECTION('',(1.0,0.0,0.0));
#13190=DIRECTION('',(0.0,-1.0,0.0));
#13191=DIRECTION('',(0.0,1.0,0.0));
#13192=DIRECTION('',(-0.447213595499977,0.447213595499977,0.774596669241461));
#13193=DIRECTION('',(1.0,0.0,0.0));
#13194=DIRECTION('',(0.447213595499977,0.447213595499977,0.774596669241461));
#13195=DIRECTION('',(1.0,0.0,0.0));
#13196=DIRECTION('',(1.0,0.0,0.0));
#13197=DIRECTION('',(0.0,0.0,-1.0));
#13198=DIRECTION('',(-1.0,0.0,0.0));
#13199=DIRECTION('',(0.0,0.0,1.0));
#13200=DIRECTION('',(0.447213595499977,-0.774596669241461,-0.447213595499977));
#13201=DIRECTION('',(1.0,0.0,0.0));
#13202=DIRECTION('',(-0.447213595499977,-0.774596669241461,-0.447213595499977));
#13203=DIRECTION('',(0.0,0.0,-1.0));
#13204=DIRECTION('',(-0.447213595499977,-0.774596669241461,0.447213595499977));
#13205=DIRECTION('',(-1.0,0.0,0.0));
#13206=DIRECTION('',(0.447213595499977,-0.774596669241461,0.447213595499977));
#13207=DIRECTION('',(0.0,0.0,1.0));
#13208=DIRECTION('',(0.0,-1.0,0.0));
#13209=CARTESIAN_POINT('',(28.26,-2.49,-1.32));
#13210=DIRECTION('',(1.0,0.0,-0.0));
#13211=DIRECTION('',(0.0,0.0,1.0));
#13212=DIRECTION('',(0.0,0.0,-1.0));
#13213=DIRECTION('',(0.0,-1.0,0.0));
#13214=DIRECTION('',(0.0,0.0,-1.0));
#13215=CARTESIAN_POINT('',(28.26,-2.49,-1.32));
#13216=DIRECTION('',(1.0,0.0,-0.0));
#13217=DIRECTION('',(0.0,0.0,1.0));
#13218=DIRECTION('',(0.0,-1.0,0.0));
#13219=DIRECTION('',(1.0,0.0,0.0));
#13220=DIRECTION('',(0.0,-1.0,0.0));
#13221=CARTESIAN_POINT('',(27.62,-2.49,-1.32));
#13222=DIRECTION('',(1.0,0.0,-0.0));
#13223=DIRECTION('',(0.0,0.0,1.0));
#13224=DIRECTION('',(0.0,0.0,-1.0));
#13225=DIRECTION('',(0.0,1.0,0.0));
#13226=DIRECTION('',(0.0,0.0,-1.0));
#13227=CARTESIAN_POINT('',(27.62,-2.49,-1.32));
#13228=DIRECTION('',(1.0,0.0,-0.0));
#13229=DIRECTION('',(0.0,0.0,1.0));
#13230=DIRECTION('',(0.0,-1.0,0.0));
#13231=DIRECTION('',(-1.0,0.0,0.0));
#13232=DIRECTION('',(-1.0,0.0,1.040834085586E-14));
#13233=DIRECTION('',(-1.0,0.0,0.0));
#13234=DIRECTION('',(-1.0,0.0,0.0));
#13235=DIRECTION('',(0.447213595499977,-0.447213595499977,0.774596669241461));
#13236=DIRECTION('',(-0.447213595499977,-0.447213595499977,0.774596669241461));
#13237=DIRECTION('',(1.0,0.0,0.0));
#13238=DIRECTION('',(0.0,-1.0,0.0));
#13239=DIRECTION('',(0.0,1.0,0.0));
#13240=DIRECTION('',(-0.447213595499977,0.447213595499977,0.774596669241461));
#13241=DIRECTION('',(1.0,0.0,0.0));
#13242=DIRECTION('',(0.447213595499977,0.447213595499977,0.774596669241461));
#13243=DIRECTION('',(1.0,0.0,0.0));
#13244=DIRECTION('',(-1.0,0.0,0.0));
#13245=DIRECTION('',(0.0,0.0,1.0));
#13246=DIRECTION('',(1.0,0.0,0.0));
#13247=DIRECTION('',(0.0,0.0,-1.0));
#13248=DIRECTION('',(-0.447213595499977,-0.774596669241461,0.447213595499977));
#13249=DIRECTION('',(-1.0,0.0,0.0));
#13250=DIRECTION('',(0.447213595499977,-0.774596669241461,0.447213595499977));
#13251=DIRECTION('',(0.0,0.0,1.0));
#13252=DIRECTION('',(0.447213595499977,-0.774596669241461,-0.447213595499977));
#13253=DIRECTION('',(1.0,0.0,0.0));
#13254=DIRECTION('',(-0.447213595499977,-0.774596669241461,-0.447213595499977));
#13255=DIRECTION('',(0.0,0.0,-1.0));
#13256=DIRECTION('',(0.0,-1.0,0.0));
#13257=CARTESIAN_POINT('',(4.76,-2.49,1.32));
#13258=DIRECTION('',(-1.0,0.0,0.0));
#13259=DIRECTION('',(0.0,0.0,-1.0));
#13260=DIRECTION('',(0.0,0.0,1.0));
#13261=DIRECTION('',(0.0,-1.0,0.0));
#13262=DIRECTION('',(0.0,0.0,1.0));
#13263=CARTESIAN_POINT('',(4.76,-2.49,1.32));
#13264=DIRECTION('',(-1.0,0.0,0.0));
#13265=DIRECTION('',(0.0,0.0,-1.0));
#13266=DIRECTION('',(0.0,-1.0,0.0));
#13267=DIRECTION('',(-1.0,0.0,0.0));
#13268=DIRECTION('',(0.0,-1.0,0.0));
#13269=CARTESIAN_POINT('',(5.4,-2.49,1.32));
#13270=DIRECTION('',(-1.0,0.0,0.0));
#13271=DIRECTION('',(0.0,0.0,-1.0));
#13272=DIRECTION('',(0.0,0.0,1.0));
#13273=DIRECTION('',(0.0,1.0,0.0));
#13274=DIRECTION('',(0.0,0.0,1.0));
#13275=CARTESIAN_POINT('',(5.4,-2.49,1.32));
#13276=DIRECTION('',(-1.0,0.0,0.0));
#13277=DIRECTION('',(0.0,0.0,-1.0));
#13278=DIRECTION('',(0.0,-1.0,0.0));
#13279=DIRECTION('',(1.0,0.0,0.0));
#13280=DIRECTION('',(1.0,0.0,-1.040834085586E-14));
#13281=DIRECTION('',(1.0,0.0,0.0));
#13282=DIRECTION('',(1.0,0.0,0.0));
#13283=DIRECTION('',(-0.447213595499977,-0.447213595499977,-0.774596669241461));
#13284=DIRECTION('',(0.447213595499977,-0.447213595499977,-0.774596669241461));
#13285=DIRECTION('',(-1.0,0.0,0.0));
#13286=DIRECTION('',(0.0,-1.0,0.0));
#13287=DIRECTION('',(0.0,1.0,0.0));
#13288=DIRECTION('',(0.447213595499977,0.447213595499977,-0.774596669241461));
#13289=DIRECTION('',(-1.0,0.0,0.0));
#13290=DIRECTION('',(-0.447213595499977,0.447213595499977,-0.774596669241461));
#13291=DIRECTION('',(-1.0,0.0,0.0));
#13292=DIRECTION('',(-1.0,0.0,0.0));
#13293=DIRECTION('',(0.0,0.0,1.0));
#13294=DIRECTION('',(1.0,0.0,0.0));
#13295=DIRECTION('',(0.0,0.0,-1.0));
#13296=DIRECTION('',(-0.447213595499977,-0.774596669241461,0.447213595499977));
#13297=DIRECTION('',(-1.0,0.0,0.0));
#13298=DIRECTION('',(0.447213595499977,-0.774596669241461,0.447213595499977));
#13299=DIRECTION('',(0.0,0.0,1.0));
#13300=DIRECTION('',(0.447213595499977,-0.774596669241461,-0.447213595499977));
#13301=DIRECTION('',(1.0,0.0,0.0));
#13302=DIRECTION('',(-0.447213595499977,-0.774596669241461,-0.447213595499977));
#13303=DIRECTION('',(0.0,0.0,-1.0));
#13304=DIRECTION('',(0.0,-1.0,0.0));
#13305=CARTESIAN_POINT('',(9.84,-2.49,1.32));
#13306=DIRECTION('',(-1.0,0.0,0.0));
#13307=DIRECTION('',(0.0,0.0,-1.0));
#13308=DIRECTION('',(0.0,0.0,1.0));
#13309=DIRECTION('',(0.0,-1.0,0.0));
#13310=DIRECTION('',(0.0,0.0,1.0));
#13311=CARTESIAN_POINT('',(9.84,-2.49,1.32));
#13312=DIRECTION('',(-1.0,0.0,0.0));
#13313=DIRECTION('',(0.0,0.0,-1.0));
#13314=DIRECTION('',(0.0,-1.0,0.0));
#13315=DIRECTION('',(-1.0,0.0,0.0));
#13316=DIRECTION('',(0.0,-1.0,0.0));
#13317=CARTESIAN_POINT('',(10.48,-2.49,1.32));
#13318=DIRECTION('',(-1.0,0.0,0.0));
#13319=DIRECTION('',(0.0,0.0,-1.0));
#13320=DIRECTION('',(0.0,0.0,1.0));
#13321=DIRECTION('',(0.0,1.0,0.0));
#13322=DIRECTION('',(0.0,0.0,1.0));
#13323=CARTESIAN_POINT('',(10.48,-2.49,1.32));
#13324=DIRECTION('',(-1.0,0.0,0.0));
#13325=DIRECTION('',(0.0,0.0,-1.0));
#13326=DIRECTION('',(0.0,-1.0,0.0));
#13327=DIRECTION('',(1.0,0.0,0.0));
#13328=DIRECTION('',(1.0,0.0,-1.040834085586E-14));
#13329=DIRECTION('',(1.0,0.0,0.0));
#13330=DIRECTION('',(1.0,0.0,0.0));
#13331=DIRECTION('',(-0.447213595499977,-0.447213595499977,-0.774596669241461));
#13332=DIRECTION('',(0.447213595499977,-0.447213595499977,-0.774596669241461));
#13333=DIRECTION('',(-1.0,0.0,0.0));
#13334=DIRECTION('',(0.0,-1.0,0.0));
#13335=DIRECTION('',(0.0,1.0,0.0));
#13336=DIRECTION('',(0.447213595499977,0.447213595499977,-0.774596669241461));
#13337=DIRECTION('',(-1.0,0.0,0.0));
#13338=DIRECTION('',(-0.447213595499977,0.447213595499977,-0.774596669241461));
#13339=DIRECTION('',(-1.0,0.0,0.0));
#13340=DIRECTION('',(-1.0,0.0,0.0));
#13341=DIRECTION('',(0.0,0.0,1.0));
#13342=DIRECTION('',(1.0,0.0,0.0));
#13343=DIRECTION('',(0.0,0.0,-1.0));
#13344=DIRECTION('',(-0.447213595499977,-0.774596669241461,0.447213595499977));
#13345=DIRECTION('',(-1.0,0.0,0.0));
#13346=DIRECTION('',(0.447213595499977,-0.774596669241461,0.447213595499977));
#13347=DIRECTION('',(0.0,0.0,1.0));
#13348=DIRECTION('',(0.447213595499977,-0.774596669241461,-0.447213595499977));
#13349=DIRECTION('',(1.0,0.0,0.0));
#13350=DIRECTION('',(-0.447213595499977,-0.774596669241461,-0.447213595499977));
#13351=DIRECTION('',(0.0,0.0,-1.0));
#13352=DIRECTION('',(0.0,-1.0,0.0));
#13353=CARTESIAN_POINT('',(14.92,-2.49,1.32));
#13354=DIRECTION('',(-1.0,0.0,0.0));
#13355=DIRECTION('',(0.0,0.0,-1.0));
#13356=DIRECTION('',(0.0,0.0,1.0));
#13357=DIRECTION('',(0.0,-1.0,0.0));
#13358=DIRECTION('',(0.0,0.0,1.0));
#13359=CARTESIAN_POINT('',(14.92,-2.49,1.32));
#13360=DIRECTION('',(-1.0,0.0,0.0));
#13361=DIRECTION('',(0.0,0.0,-1.0));
#13362=DIRECTION('',(0.0,-1.0,0.0));
#13363=DIRECTION('',(-1.0,0.0,0.0));
#13364=DIRECTION('',(0.0,-1.0,0.0));
#13365=CARTESIAN_POINT('',(15.56,-2.49,1.32));
#13366=DIRECTION('',(-1.0,0.0,0.0));
#13367=DIRECTION('',(0.0,0.0,-1.0));
#13368=DIRECTION('',(0.0,0.0,1.0));
#13369=DIRECTION('',(0.0,1.0,0.0));
#13370=DIRECTION('',(0.0,0.0,1.0));
#13371=CARTESIAN_POINT('',(15.56,-2.49,1.32));
#13372=DIRECTION('',(-1.0,0.0,0.0));
#13373=DIRECTION('',(0.0,0.0,-1.0));
#13374=DIRECTION('',(0.0,-1.0,0.0));
#13375=DIRECTION('',(1.0,0.0,0.0));
#13376=DIRECTION('',(1.0,0.0,-1.040834085586E-14));
#13377=DIRECTION('',(1.0,0.0,0.0));
#13378=DIRECTION('',(1.0,0.0,0.0));
#13379=DIRECTION('',(-0.447213595499977,-0.447213595499977,-0.774596669241461));
#13380=DIRECTION('',(0.447213595499977,-0.447213595499977,-0.774596669241461));
#13381=DIRECTION('',(-1.0,0.0,0.0));
#13382=DIRECTION('',(0.0,-1.0,0.0));
#13383=DIRECTION('',(0.0,1.0,0.0));
#13384=DIRECTION('',(0.447213595499977,0.447213595499977,-0.774596669241461));
#13385=DIRECTION('',(-1.0,0.0,0.0));
#13386=DIRECTION('',(-0.447213595499977,0.447213595499977,-0.774596669241461));
#13387=DIRECTION('',(-1.0,0.0,0.0));
#13388=DIRECTION('',(-1.0,0.0,0.0));
#13389=DIRECTION('',(0.0,0.0,1.0));
#13390=DIRECTION('',(1.0,0.0,0.0));
#13391=DIRECTION('',(0.0,0.0,-1.0));
#13392=DIRECTION('',(-0.447213595499977,-0.774596669241461,0.447213595499977));
#13393=DIRECTION('',(-1.0,0.0,0.0));
#13394=DIRECTION('',(0.447213595499977,-0.774596669241461,0.447213595499977));
#13395=DIRECTION('',(0.0,0.0,1.0));
#13396=DIRECTION('',(0.447213595499977,-0.774596669241461,-0.447213595499977));
#13397=DIRECTION('',(1.0,0.0,0.0));
#13398=DIRECTION('',(-0.447213595499977,-0.774596669241461,-0.447213595499977));
#13399=DIRECTION('',(0.0,0.0,-1.0));
#13400=DIRECTION('',(0.0,-1.0,0.0));
#13401=CARTESIAN_POINT('',(20.0,-2.49,1.32));
#13402=DIRECTION('',(-1.0,0.0,0.0));
#13403=DIRECTION('',(0.0,0.0,-1.0));
#13404=DIRECTION('',(0.0,0.0,1.0));
#13405=DIRECTION('',(0.0,-1.0,0.0));
#13406=DIRECTION('',(0.0,0.0,1.0));
#13407=CARTESIAN_POINT('',(20.0,-2.49,1.32));
#13408=DIRECTION('',(-1.0,0.0,0.0));
#13409=DIRECTION('',(0.0,0.0,-1.0));
#13410=DIRECTION('',(0.0,-1.0,0.0));
#13411=DIRECTION('',(-1.0,0.0,0.0));
#13412=DIRECTION('',(0.0,-1.0,0.0));
#13413=CARTESIAN_POINT('',(20.64,-2.49,1.32));
#13414=DIRECTION('',(-1.0,0.0,0.0));
#13415=DIRECTION('',(0.0,0.0,-1.0));
#13416=DIRECTION('',(0.0,0.0,1.0));
#13417=DIRECTION('',(0.0,1.0,0.0));
#13418=DIRECTION('',(0.0,0.0,1.0));
#13419=CARTESIAN_POINT('',(20.64,-2.49,1.32));
#13420=DIRECTION('',(-1.0,0.0,0.0));
#13421=DIRECTION('',(0.0,0.0,-1.0));
#13422=DIRECTION('',(0.0,-1.0,0.0));
#13423=DIRECTION('',(1.0,0.0,0.0));
#13424=DIRECTION('',(1.0,0.0,-1.040834085586E-14));
#13425=DIRECTION('',(1.0,0.0,0.0));
#13426=DIRECTION('',(1.0,0.0,0.0));
#13427=DIRECTION('',(-0.447213595499977,-0.447213595499977,-0.774596669241461));
#13428=DIRECTION('',(0.447213595499977,-0.447213595499977,-0.774596669241461));
#13429=DIRECTION('',(-1.0,0.0,0.0));
#13430=DIRECTION('',(0.0,-1.0,0.0));
#13431=DIRECTION('',(0.0,1.0,0.0));
#13432=DIRECTION('',(0.447213595499977,0.447213595499977,-0.774596669241461));
#13433=DIRECTION('',(-1.0,0.0,0.0));
#13434=DIRECTION('',(-0.447213595499977,0.447213595499977,-0.774596669241461));
#13435=DIRECTION('',(-1.0,0.0,0.0));
#13436=DIRECTION('',(-1.0,0.0,0.0));
#13437=DIRECTION('',(0.0,0.0,1.0));
#13438=DIRECTION('',(1.0,0.0,0.0));
#13439=DIRECTION('',(0.0,0.0,-1.0));
#13440=DIRECTION('',(-0.447213595499977,-0.774596669241461,0.447213595499977));
#13441=DIRECTION('',(-1.0,0.0,0.0));
#13442=DIRECTION('',(0.447213595499977,-0.774596669241461,0.447213595499977));
#13443=DIRECTION('',(0.0,0.0,1.0));
#13444=DIRECTION('',(0.447213595499977,-0.774596669241461,-0.447213595499977));
#13445=DIRECTION('',(1.0,0.0,0.0));
#13446=DIRECTION('',(-0.447213595499977,-0.774596669241461,-0.447213595499977));
#13447=DIRECTION('',(0.0,0.0,-1.0));
#13448=DIRECTION('',(0.0,-1.0,0.0));
#13449=CARTESIAN_POINT('',(25.08,-2.49,1.32));
#13450=DIRECTION('',(-1.0,0.0,0.0));
#13451=DIRECTION('',(0.0,0.0,-1.0));
#13452=DIRECTION('',(0.0,0.0,1.0));
#13453=DIRECTION('',(0.0,-1.0,0.0));
#13454=DIRECTION('',(0.0,0.0,1.0));
#13455=CARTESIAN_POINT('',(25.08,-2.49,1.32));
#13456=DIRECTION('',(-1.0,0.0,0.0));
#13457=DIRECTION('',(0.0,0.0,-1.0));
#13458=DIRECTION('',(0.0,-1.0,0.0));
#13459=DIRECTION('',(-1.0,0.0,0.0));
#13460=DIRECTION('',(0.0,-1.0,0.0));
#13461=CARTESIAN_POINT('',(25.72,-2.49,1.32));
#13462=DIRECTION('',(-1.0,0.0,0.0));
#13463=DIRECTION('',(0.0,0.0,-1.0));
#13464=DIRECTION('',(0.0,0.0,1.0));
#13465=DIRECTION('',(0.0,1.0,0.0));
#13466=DIRECTION('',(0.0,0.0,1.0));
#13467=CARTESIAN_POINT('',(25.72,-2.49,1.32));
#13468=DIRECTION('',(-1.0,0.0,0.0));
#13469=DIRECTION('',(0.0,0.0,-1.0));
#13470=DIRECTION('',(0.0,-1.0,0.0));
#13471=DIRECTION('',(1.0,0.0,0.0));
#13472=DIRECTION('',(1.0,0.0,-1.040834085586E-14));
#13473=DIRECTION('',(1.0,0.0,0.0));
#13474=DIRECTION('',(1.0,0.0,0.0));
#13475=DIRECTION('',(-0.447213595499977,-0.447213595499977,-0.774596669241461));
#13476=DIRECTION('',(0.447213595499977,-0.447213595499977,-0.774596669241461));
#13477=DIRECTION('',(-1.0,0.0,0.0));
#13478=DIRECTION('',(0.0,-1.0,0.0));
#13479=DIRECTION('',(0.0,1.0,0.0));
#13480=DIRECTION('',(0.447213595499977,0.447213595499977,-0.774596669241461));
#13481=DIRECTION('',(-1.0,0.0,0.0));
#13482=DIRECTION('',(-0.447213595499977,0.447213595499977,-0.774596669241461));
#13483=DIRECTION('',(-1.0,0.0,0.0));
ENDSEC;
END-ISO-10303-21;
